timestamp,gpu,mode,distribution,kernel,format,bits,exponent_bits,mantissa_bits,arithmetic_type,storage_layout,access_method,packet_values,load_word_bits,loader_threads,consumer_threads,values_per_consumer,redistribution,decoder,strategy_id,N,M,rows,logical_input_bytes,physical_input_bytes,table_bytes,blocks,threads,warmup,sample,iterations,total_ms,mean_ms,result,valid
2026-08-15T17:17:06Z,NVIDIA H200 NVL,screen,uniform_0_1,dot,raw_fp32,32,8,23,fp32,natural,scalar,1,32,1,1,1,none,raw,natural/scalar/x1/raw,16777216,0,1,134217728,134217728,0,512,256,3,0,67,4.71347,0.0703503,4194940.5,1
2026-08-15T17:17:06Z,NVIDIA H200 NVL,screen,uniform_0_1,dot,raw_fp32,32,8,23,fp32,natural,scalar,1,32,1,1,1,none,raw,natural/scalar/x1/raw,16777216,0,1,134217728,134217728,0,512,256,3,1,67,4.7183041572570801,0.070422450108314633,4194940.5,1
2026-08-15T17:17:06Z,NVIDIA H200 NVL,screen,uniform_0_1,dot,raw_fp32,32,8,23,fp32,natural,scalar,1,32,1,1,1,none,raw,natural/scalar/x1/raw,16777216,0,1,134217728,134217728,0,512,256,3,2,67,4.7178559303283691,0.070415760154154766,4194940.5,1
2026-08-15T17:17:06Z,NVIDIA H200 NVL,screen,uniform_0_1,gemv,raw_fp32,32,8,23,fp32,natural,scalar,1,32,1,1,1,none,raw,natural/scalar/x1/raw,16384,1024,1024,67174400,67174400,0,1024,256,3,0,140,4.7549757957458496,0.033964112826756071,4096.916015625,1
2026-08-15T17:17:06Z,NVIDIA H200 NVL,screen,uniform_0_1,gemv,raw_fp32,32,8,23,fp32,natural,scalar,1,32,1,1,1,none,raw,natural/scalar/x1/raw,16384,1024,1024,67174400,67174400,0,1024,256,3,1,140,4.7506880760192871,0.033933486257280619,4096.916015625,1
2026-08-15T17:17:06Z,NVIDIA H200 NVL,screen,uniform_0_1,gemv,raw_fp32,32,8,23,fp32,natural,scalar,1,32,1,1,1,none,raw,natural/scalar/x1/raw,16384,1024,1024,67174400,67174400,0,1024,256,3,2,140,4.7520961761474609,0.033943544115339008,4096.916015625,1
2026-08-15T17:17:06Z,NVIDIA H200 NVL,screen,uniform_0_1,dot,raw_fp32,32,8,23,fp32,natural,thread_packet,2,64,1,1,2,none,raw,natural/thread_packet/x2/raw,16777216,0,1,134217728,134217728,0,512,256,3,0,107,4.9513278007507324,0.046274091595801238,4194940.5,1
2026-08-15T17:17:06Z,NVIDIA H200 NVL,screen,uniform_0_1,dot,raw_fp32,32,8,23,fp32,natural,thread_packet,2,64,1,1,2,none,raw,natural/thread_packet/x2/raw,16777216,0,1,134217728,134217728,0,512,256,3,1,107,4.9514880180358887,0.046275588953606436,4194940.5,1
2026-08-15T17:17:06Z,NVIDIA H200 NVL,screen,uniform_0_1,dot,raw_fp32,32,8,23,fp32,natural,thread_packet,2,64,1,1,2,none,raw,natural/thread_packet/x2/raw,16777216,0,1,134217728,134217728,0,512,256,3,2,107,4.9473600387573242,0.046237009708012373,4194940.5,1
2026-08-15T17:17:06Z,NVIDIA H200 NVL,screen,uniform_0_1,gemv,raw_fp32,32,8,23,fp32,natural,thread_packet,2,64,1,1,2,none,raw,natural/thread_packet/x2/raw,16384,1024,1024,67174400,67174400,0,1024,256,3,0,203,4.7658238410949707,0.023476964734457983,4096.91650390625,1
2026-08-15T17:17:06Z,NVIDIA H200 NVL,screen,uniform_0_1,gemv,raw_fp32,32,8,23,fp32,natural,thread_packet,2,64,1,1,2,none,raw,natural/thread_packet/x2/raw,16384,1024,1024,67174400,67174400,0,1024,256,3,1,203,4.7642879486083984,0.023469398761617726,4096.91650390625,1
2026-08-15T17:17:06Z,NVIDIA H200 NVL,screen,uniform_0_1,gemv,raw_fp32,32,8,23,fp32,natural,thread_packet,2,64,1,1,2,none,raw,natural/thread_packet/x2/raw,16384,1024,1024,67174400,67174400,0,1024,256,3,2,203,4.7582402229309082,0.023439607009511865,4096.91650390625,1
2026-08-15T17:17:06Z,NVIDIA H200 NVL,screen,uniform_0_1,dot,raw_fp32,32,8,23,fp32,natural,thread_packet,4,128,1,1,4,none,raw,natural/thread_packet/x4/raw,16777216,0,1,134217728,134217728,0,512,256,3,0,128,4.9318399429321289,0.038529999554157257,4194940.5,1
2026-08-15T17:17:06Z,NVIDIA H200 NVL,screen,uniform_0_1,dot,raw_fp32,32,8,23,fp32,natural,thread_packet,4,128,1,1,4,none,raw,natural/thread_packet/x4/raw,16777216,0,1,134217728,134217728,0,512,256,3,1,128,4.9240961074829102,0.038469500839710236,4194940.5,1
2026-08-15T17:17:06Z,NVIDIA H200 NVL,screen,uniform_0_1,dot,raw_fp32,32,8,23,fp32,natural,thread_packet,4,128,1,1,4,none,raw,natural/thread_packet/x4/raw,16777216,0,1,134217728,134217728,0,512,256,3,2,128,4.9312319755554199,0.038525249809026718,4194940.5,1
2026-08-15T17:17:06Z,NVIDIA H200 NVL,screen,uniform_0_1,gemv,raw_fp32,32,8,23,fp32,natural,thread_packet,4,128,1,1,4,none,raw,natural/thread_packet/x4/raw,16384,1024,1024,67174400,67174400,0,1024,256,3,0,196,4.5608320236206055,0.023269551140921458,4096.916015625,1
2026-08-15T17:17:06Z,NVIDIA H200 NVL,screen,uniform_0_1,gemv,raw_fp32,32,8,23,fp32,natural,thread_packet,4,128,1,1,4,none,raw,natural/thread_packet/x4/raw,16384,1024,1024,67174400,67174400,0,1024,256,3,1,196,4.5553278923034668,0.023241468838282993,4096.916015625,1
2026-08-15T17:17:06Z,NVIDIA H200 NVL,screen,uniform_0_1,gemv,raw_fp32,32,8,23,fp32,natural,thread_packet,4,128,1,1,4,none,raw,natural/thread_packet/x4/raw,16384,1024,1024,67174400,67174400,0,1024,256,3,2,196,4.5559358596801758,0.023244570712653959,4096.916015625,1
2026-08-15T17:17:06Z,NVIDIA H200 NVL,screen,uniform_0_1,dot,raw_fp32,32,8,23,fp32,natural,thread_packet,8,128,1,1,8,none,raw,natural/thread_packet/x8/raw,16777216,0,1,134217728,134217728,0,512,256,3,0,103,4.8844799995422363,0.047422135917885792,4194941,1
2026-08-15T17:17:06Z,NVIDIA H200 NVL,screen,uniform_0_1,dot,raw_fp32,32,8,23,fp32,natural,thread_packet,8,128,1,1,8,none,raw,natural/thread_packet/x8/raw,16777216,0,1,134217728,134217728,0,512,256,3,1,103,4.8858561515808105,0.047435496617289422,4194941,1
2026-08-15T17:17:06Z,NVIDIA H200 NVL,screen,uniform_0_1,dot,raw_fp32,32,8,23,fp32,natural,thread_packet,8,128,1,1,8,none,raw,natural/thread_packet/x8/raw,16777216,0,1,134217728,134217728,0,512,256,3,2,103,4.8883519172668457,0.047459727352105296,4194941,1
2026-08-15T17:17:06Z,NVIDIA H200 NVL,screen,uniform_0_1,gemv,raw_fp32,32,8,23,fp32,natural,thread_packet,8,128,1,1,8,none,raw,natural/thread_packet/x8/raw,16384,1024,1024,67174400,67174400,0,1024,256,3,0,111,4.7786240577697754,0.043050667187115095,4096.91650390625,1
2026-08-15T17:17:06Z,NVIDIA H200 NVL,screen,uniform_0_1,gemv,raw_fp32,32,8,23,fp32,natural,thread_packet,8,128,1,1,8,none,raw,natural/thread_packet/x8/raw,16384,1024,1024,67174400,67174400,0,1024,256,3,1,111,4.777184009552002,0.043037693779747768,4096.91650390625,1
2026-08-15T17:17:06Z,NVIDIA H200 NVL,screen,uniform_0_1,gemv,raw_fp32,32,8,23,fp32,natural,thread_packet,8,128,1,1,8,none,raw,natural/thread_packet/x8/raw,16384,1024,1024,67174400,67174400,0,1024,256,3,2,111,4.7750082015991211,0.043018091906298385,4096.91650390625,1
2026-08-15T17:17:06Z,NVIDIA H200 NVL,screen,uniform_0_1,dot,raw_fp64,64,11,52,fp64,natural,scalar,1,64,1,1,1,none,raw,natural/scalar/x1/raw,16777216,0,1,268435456,268435456,0,512,256,3,0,60,4.9729280471801758,0.08288213411966959,4194940.4595993496,1
2026-08-15T17:17:06Z,NVIDIA H200 NVL,screen,uniform_0_1,dot,raw_fp64,64,11,52,fp64,natural,scalar,1,64,1,1,1,none,raw,natural/scalar/x1/raw,16777216,0,1,268435456,268435456,0,512,256,3,1,60,4.9587521553039551,0.082645869255065924,4194940.4595993496,1
2026-08-15T17:17:06Z,NVIDIA H200 NVL,screen,uniform_0_1,dot,raw_fp64,64,11,52,fp64,natural,scalar,1,64,1,1,1,none,raw,natural/scalar/x1/raw,16777216,0,1,268435456,268435456,0,512,256,3,2,60,4.9694399833679199,0.082823999722798664,4194940.4595993496,1
2026-08-15T17:17:06Z,NVIDIA H200 NVL,screen,uniform_0_1,gemv,raw_fp64,64,11,52,fp64,natural,scalar,1,64,1,1,1,none,raw,natural/scalar/x1/raw,16384,1024,1024,134348800,134348800,0,1024,256,3,0,114,4.976992130279541,0.043657825704206503,4096.9163452668636,1
2026-08-15T17:17:06Z,NVIDIA H200 NVL,screen,uniform_0_1,gemv,raw_fp64,64,11,52,fp64,natural,scalar,1,64,1,1,1,none,raw,natural/scalar/x1/raw,16384,1024,1024,134348800,134348800,0,1024,256,3,1,114,4.9776639938354492,0.043663719244170604,4096.9163452668636,1
2026-08-15T17:17:06Z,NVIDIA H200 NVL,screen,uniform_0_1,gemv,raw_fp64,64,11,52,fp64,natural,scalar,1,64,1,1,1,none,raw,natural/scalar/x1/raw,16384,1024,1024,134348800,134348800,0,1024,256,3,2,114,4.9775362014770508,0.04366259825857062,4096.9163452668636,1
2026-08-15T17:17:06Z,NVIDIA H200 NVL,screen,uniform_0_1,dot,raw_fp64,64,11,52,fp64,natural,thread_packet,2,128,1,1,2,none,raw,natural/thread_packet/x2/raw,16777216,0,1,268435456,268435456,0,512,256,3,0,70,4.8355197906494141,0.069078854152134481,4194940.4595993496,1
2026-08-15T17:17:06Z,NVIDIA H200 NVL,screen,uniform_0_1,dot,raw_fp64,64,11,52,fp64,natural,thread_packet,2,128,1,1,2,none,raw,natural/thread_packet/x2/raw,16777216,0,1,268435456,268435456,0,512,256,3,1,70,4.820000171661377,0.068857145309448239,4194940.4595993496,1
2026-08-15T17:17:06Z,NVIDIA H200 NVL,screen,uniform_0_1,dot,raw_fp64,64,11,52,fp64,natural,thread_packet,2,128,1,1,2,none,raw,natural/thread_packet/x2/raw,16777216,0,1,268435456,268435456,0,512,256,3,2,70,4.8336639404296875,0.069052342006138398,4194940.4595993496,1
2026-08-15T17:17:06Z,NVIDIA H200 NVL,screen,uniform_0_1,gemv,raw_fp64,64,11,52,fp64,natural,thread_packet,2,128,1,1,2,none,raw,natural/thread_packet/x2/raw,16384,1024,1024,134348800,134348800,0,1024,256,3,0,125,4.7747840881347656,0.038198272705078126,4096.9163452668645,1
2026-08-15T17:17:06Z,NVIDIA H200 NVL,screen,uniform_0_1,gemv,raw_fp64,64,11,52,fp64,natural,thread_packet,2,128,1,1,2,none,raw,natural/thread_packet/x2/raw,16384,1024,1024,134348800,134348800,0,1024,256,3,1,125,4.7789440155029297,0.038231552124023439,4096.9163452668645,1
2026-08-15T17:17:06Z,NVIDIA H200 NVL,screen,uniform_0_1,gemv,raw_fp64,64,11,52,fp64,natural,thread_packet,2,128,1,1,2,none,raw,natural/thread_packet/x2/raw,16384,1024,1024,134348800,134348800,0,1024,256,3,2,125,4.7750720977783203,0.038200576782226561,4096.9163452668645,1
2026-08-15T17:17:06Z,NVIDIA H200 NVL,screen,uniform_0_1,dot,raw_fp64,64,11,52,fp64,natural,thread_packet,4,128,1,1,4,none,raw,natural/thread_packet/x4/raw,16777216,0,1,268435456,268435456,0,512,256,3,0,72,5.0463681221008301,0.070088446140289307,4194940.4595993496,1
2026-08-15T17:17:06Z,NVIDIA H200 NVL,screen,uniform_0_1,dot,raw_fp64,64,11,52,fp64,natural,thread_packet,4,128,1,1,4,none,raw,natural/thread_packet/x4/raw,16777216,0,1,268435456,268435456,0,512,256,3,1,72,5.0594878196716309,0.070270664162105978,4194940.4595993496,1
2026-08-15T17:17:06Z,NVIDIA H200 NVL,screen,uniform_0_1,dot,raw_fp64,64,11,52,fp64,natural,thread_packet,4,128,1,1,4,none,raw,natural/thread_packet/x4/raw,16777216,0,1,268435456,268435456,0,512,256,3,2,72,5.0599679946899414,0.07027733325958252,4194940.4595993496,1
2026-08-15T17:17:06Z,NVIDIA H200 NVL,screen,uniform_0_1,gemv,raw_fp64,64,11,52,fp64,natural,thread_packet,4,128,1,1,4,none,raw,natural/thread_packet/x4/raw,16384,1024,1024,134348800,134348800,0,1024,256,3,0,113,4.7099838256835938,0.041681272793660122,4096.9163452668645,1
2026-08-15T17:17:06Z,NVIDIA H200 NVL,screen,uniform_0_1,gemv,raw_fp64,64,11,52,fp64,natural,thread_packet,4,128,1,1,4,none,raw,natural/thread_packet/x4/raw,16384,1024,1024,134348800,134348800,0,1024,256,3,1,113,4.7143998146057129,0.04172035234164348,4096.9163452668645,1
2026-08-15T17:17:06Z,NVIDIA H200 NVL,screen,uniform_0_1,gemv,raw_fp64,64,11,52,fp64,natural,thread_packet,4,128,1,1,4,none,raw,natural/thread_packet/x4/raw,16384,1024,1024,134348800,134348800,0,1024,256,3,2,113,4.7064957618713379,0.041650404972312725,4096.9163452668645,1
2026-08-15T17:17:06Z,NVIDIA H200 NVL,screen,uniform_0_1,dot,raw_fp64,64,11,52,fp64,natural,thread_packet,8,128,1,1,8,none,raw,natural/thread_packet/x8/raw,16777216,0,1,268435456,268435456,0,512,256,3,0,59,5.040287971496582,0.085428609686382745,4194940.4595993496,1
2026-08-15T17:17:06Z,NVIDIA H200 NVL,screen,uniform_0_1,dot,raw_fp64,64,11,52,fp64,natural,thread_packet,8,128,1,1,8,none,raw,natural/thread_packet/x8/raw,16777216,0,1,268435456,268435456,0,512,256,3,1,59,5.0353279113769531,0.085344540870795821,4194940.4595993496,1
2026-08-15T17:17:06Z,NVIDIA H200 NVL,screen,uniform_0_1,dot,raw_fp64,64,11,52,fp64,natural,thread_packet,8,128,1,1,8,none,raw,natural/thread_packet/x8/raw,16777216,0,1,268435456,268435456,0,512,256,3,2,59,5.0455679893493652,0.085518101514396025,4194940.4595993496,1
2026-08-15T17:17:06Z,NVIDIA H200 NVL,screen,uniform_0_1,gemv,raw_fp64,64,11,52,fp64,natural,thread_packet,8,128,1,1,8,none,raw,natural/thread_packet/x8/raw,16384,1024,1024,134348800,134348800,0,1024,256,3,0,62,4.9508481025695801,0.079852388751122258,4096.9163452668636,1
2026-08-15T17:17:06Z,NVIDIA H200 NVL,screen,uniform_0_1,gemv,raw_fp64,64,11,52,fp64,natural,thread_packet,8,128,1,1,8,none,raw,natural/thread_packet/x8/raw,16384,1024,1024,134348800,134348800,0,1024,256,3,1,62,4.9558720588684082,0.079933420304329164,4096.9163452668636,1
2026-08-15T17:17:06Z,NVIDIA H200 NVL,screen,uniform_0_1,gemv,raw_fp64,64,11,52,fp64,natural,thread_packet,8,128,1,1,8,none,raw,natural/thread_packet/x8/raw,16384,1024,1024,134348800,134348800,0,1024,256,3,2,62,4.9607682228088379,0.080012390690465132,4096.9163452668636,1
2026-08-15T17:17:06Z,NVIDIA H200 NVL,screen,normal_0_1,dot,raw_fp32,32,8,23,fp32,natural,scalar,1,32,1,1,1,none,raw,natural/scalar/x1/raw,16777216,0,1,134217728,134217728,0,512,256,3,0,70,4.899968147277832,0.069999544961111881,-2957.44873046875,1
2026-08-15T17:17:06Z,NVIDIA H200 NVL,screen,normal_0_1,dot,raw_fp32,32,8,23,fp32,natural,scalar,1,32,1,1,1,none,raw,natural/scalar/x1/raw,16777216,0,1,134217728,134217728,0,512,256,3,1,70,4.8906879425048828,0.069866970607212614,-2957.44873046875,1
2026-08-15T17:17:06Z,NVIDIA H200 NVL,screen,normal_0_1,dot,raw_fp32,32,8,23,fp32,natural,scalar,1,32,1,1,1,none,raw,natural/scalar/x1/raw,16777216,0,1,134217728,134217728,0,512,256,3,2,70,4.8955202102661133,0.069936003003801622,-2957.44873046875,1
2026-08-15T17:17:06Z,NVIDIA H200 NVL,screen,normal_0_1,gemv,raw_fp32,32,8,23,fp32,natural,scalar,1,32,1,1,1,none,raw,natural/scalar/x1/raw,16384,1024,1024,67174400,67174400,0,1024,256,3,0,141,4.793856143951416,0.033998979744336286,38.297908782958984,1
2026-08-15T17:17:06Z,NVIDIA H200 NVL,screen,normal_0_1,gemv,raw_fp32,32,8,23,fp32,natural,scalar,1,32,1,1,1,none,raw,natural/scalar/x1/raw,16384,1024,1024,67174400,67174400,0,1024,256,3,1,141,4.7844481468200684,0.033932256360426016,38.297908782958984,1
2026-08-15T17:17:06Z,NVIDIA H200 NVL,screen,normal_0_1,gemv,raw_fp32,32,8,23,fp32,natural,scalar,1,32,1,1,1,none,raw,natural/scalar/x1/raw,16384,1024,1024,67174400,67174400,0,1024,256,3,2,141,4.7824959754943848,0.033918411173719042,38.297908782958984,1
2026-08-15T17:17:06Z,NVIDIA H200 NVL,screen,normal_0_1,dot,raw_fp32,32,8,23,fp32,natural,thread_packet,2,64,1,1,2,none,raw,natural/thread_packet/x2/raw,16777216,0,1,134217728,134217728,0,512,256,3,0,107,4.9541759490966797,0.046300709804641869,-2957.44873046875,1
2026-08-15T17:17:06Z,NVIDIA H200 NVL,screen,normal_0_1,dot,raw_fp32,32,8,23,fp32,natural,thread_packet,2,64,1,1,2,none,raw,natural/thread_packet/x2/raw,16777216,0,1,134217728,134217728,0,512,256,3,1,107,4.9512319564819336,0.04627319585497134,-2957.44873046875,1
2026-08-15T17:17:06Z,NVIDIA H200 NVL,screen,normal_0_1,dot,raw_fp32,32,8,23,fp32,natural,thread_packet,2,64,1,1,2,none,raw,natural/thread_packet/x2/raw,16777216,0,1,134217728,134217728,0,512,256,3,2,107,4.9499521255493164,0.046261234818217908,-2957.44873046875,1
2026-08-15T17:17:06Z,NVIDIA H200 NVL,screen,normal_0_1,gemv,raw_fp32,32,8,23,fp32,natural,thread_packet,2,64,1,1,2,none,raw,natural/thread_packet/x2/raw,16384,1024,1024,67174400,67174400,0,1024,256,3,0,206,4.8371520042419434,0.023481320408941471,38.29791259765625,1
2026-08-15T17:17:06Z,NVIDIA H200 NVL,screen,normal_0_1,gemv,raw_fp32,32,8,23,fp32,natural,thread_packet,2,64,1,1,2,none,raw,natural/thread_packet/x2/raw,16384,1024,1024,67174400,67174400,0,1024,256,3,1,206,4.8390722274780273,0.023490641880961297,38.29791259765625,1
2026-08-15T17:17:06Z,NVIDIA H200 NVL,screen,normal_0_1,gemv,raw_fp32,32,8,23,fp32,natural,thread_packet,2,64,1,1,2,none,raw,natural/thread_packet/x2/raw,16384,1024,1024,67174400,67174400,0,1024,256,3,2,206,4.8329920768737793,0.023461126586765919,38.29791259765625,1
2026-08-15T17:17:06Z,NVIDIA H200 NVL,screen,normal_0_1,dot,raw_fp32,32,8,23,fp32,natural,thread_packet,4,128,1,1,4,none,raw,natural/thread_packet/x4/raw,16777216,0,1,134217728,134217728,0,512,256,3,0,126,4.9159359931945801,0.039015365025353813,-2957.4482421875,1
2026-08-15T17:17:06Z,NVIDIA H200 NVL,screen,normal_0_1,dot,raw_fp32,32,8,23,fp32,natural,thread_packet,4,128,1,1,4,none,raw,natural/thread_packet/x4/raw,16777216,0,1,134217728,134217728,0,512,256,3,1,126,4.9199681282043457,0.039047366096859888,-2957.4482421875,1
2026-08-15T17:17:06Z,NVIDIA H200 NVL,screen,normal_0_1,dot,raw_fp32,32,8,23,fp32,natural,thread_packet,4,128,1,1,4,none,raw,natural/thread_packet/x4/raw,16777216,0,1,134217728,134217728,0,512,256,3,2,126,4.9149761199951172,0.03900774698408823,-2957.4482421875,1
2026-08-15T17:17:06Z,NVIDIA H200 NVL,screen,normal_0_1,gemv,raw_fp32,32,8,23,fp32,natural,thread_packet,4,128,1,1,4,none,raw,natural/thread_packet/x4/raw,16384,1024,1024,67174400,67174400,0,1024,256,3,0,201,4.7127041816711426,0.02344628946105046,38.297958374023438,1
2026-08-15T17:17:06Z,NVIDIA H200 NVL,screen,normal_0_1,gemv,raw_fp32,32,8,23,fp32,natural,thread_packet,4,128,1,1,4,none,raw,natural/thread_packet/x4/raw,16384,1024,1024,67174400,67174400,0,1024,256,3,1,201,4.6961278915405273,0.023363820355923021,38.297958374023438,1
2026-08-15T17:17:06Z,NVIDIA H200 NVL,screen,normal_0_1,gemv,raw_fp32,32,8,23,fp32,natural,thread_packet,4,128,1,1,4,none,raw,natural/thread_packet/x4/raw,16384,1024,1024,67174400,67174400,0,1024,256,3,2,201,4.6912961006164551,0.023339781595106742,38.297958374023438,1
2026-08-15T17:17:06Z,NVIDIA H200 NVL,screen,normal_0_1,dot,raw_fp32,32,8,23,fp32,natural,thread_packet,8,128,1,1,8,none,raw,natural/thread_packet/x8/raw,16777216,0,1,134217728,134217728,0,512,256,3,0,102,4.8534722328186035,0.047583061106064743,-2957.450439453125,1
2026-08-15T17:17:06Z,NVIDIA H200 NVL,screen,normal_0_1,dot,raw_fp32,32,8,23,fp32,natural,thread_packet,8,128,1,1,8,none,raw,natural/thread_packet/x8/raw,16777216,0,1,134217728,134217728,0,512,256,3,1,102,4.8627200126647949,0.047673725614360736,-2957.450439453125,1
2026-08-15T17:17:06Z,NVIDIA H200 NVL,screen,normal_0_1,dot,raw_fp32,32,8,23,fp32,natural,thread_packet,8,128,1,1,8,none,raw,natural/thread_packet/x8/raw,16777216,0,1,134217728,134217728,0,512,256,3,2,102,4.8566718101501465,0.047614429511275945,-2957.450439453125,1
2026-08-15T17:17:06Z,NVIDIA H200 NVL,screen,normal_0_1,gemv,raw_fp32,32,8,23,fp32,natural,thread_packet,8,128,1,1,8,none,raw,natural/thread_packet/x8/raw,16384,1024,1024,67174400,67174400,0,1024,256,3,0,114,4.9192318916320801,0.043151156944141053,38.297931671142578,1
2026-08-15T17:17:06Z,NVIDIA H200 NVL,screen,normal_0_1,gemv,raw_fp32,32,8,23,fp32,natural,thread_packet,8,128,1,1,8,none,raw,natural/thread_packet/x8/raw,16384,1024,1024,67174400,67174400,0,1024,256,3,1,114,4.9230079650878906,0.043184280395507812,38.297931671142578,1
2026-08-15T17:17:06Z,NVIDIA H200 NVL,screen,normal_0_1,gemv,raw_fp32,32,8,23,fp32,natural,thread_packet,8,128,1,1,8,none,raw,natural/thread_packet/x8/raw,16384,1024,1024,67174400,67174400,0,1024,256,3,2,114,4.9239997863769531,0.043192980582253973,38.297931671142578,1
2026-08-15T17:17:06Z,NVIDIA H200 NVL,screen,normal_0_1,dot,raw_fp64,64,11,52,fp64,natural,scalar,1,64,1,1,1,none,raw,natural/scalar/x1/raw,16777216,0,1,268435456,268435456,0,512,256,3,0,59,4.8696961402893066,0.082537222716767902,-2957.4485853999295,1
2026-08-15T17:17:06Z,NVIDIA H200 NVL,screen,normal_0_1,dot,raw_fp64,64,11,52,fp64,natural,scalar,1,64,1,1,1,none,raw,natural/scalar/x1/raw,16777216,0,1,268435456,268435456,0,512,256,3,1,59,4.8680639266967773,0.082509558079606402,-2957.4485853999295,1
2026-08-15T17:17:06Z,NVIDIA H200 NVL,screen,normal_0_1,dot,raw_fp64,64,11,52,fp64,natural,scalar,1,64,1,1,1,none,raw,natural/scalar/x1/raw,16777216,0,1,268435456,268435456,0,512,256,3,2,59,4.8718719482421875,0.082574100817664198,-2957.4485853999295,1
2026-08-15T17:17:06Z,NVIDIA H200 NVL,screen,normal_0_1,gemv,raw_fp64,64,11,52,fp64,natural,scalar,1,64,1,1,1,none,raw,natural/scalar/x1/raw,16384,1024,1024,134348800,134348800,0,1024,256,3,0,111,4.861055850982666,0.043793295954798792,38.297920445660914,1
2026-08-15T17:17:06Z,NVIDIA H200 NVL,screen,normal_0_1,gemv,raw_fp64,64,11,52,fp64,natural,scalar,1,64,1,1,1,none,raw,natural/scalar/x1/raw,16384,1024,1024,134348800,134348800,0,1024,256,3,1,111,4.863584041595459,0.043816072446805937,38.297920445660914,1
2026-08-15T17:17:06Z,NVIDIA H200 NVL,screen,normal_0_1,gemv,raw_fp64,64,11,52,fp64,natural,scalar,1,64,1,1,1,none,raw,natural/scalar/x1/raw,16384,1024,1024,134348800,134348800,0,1024,256,3,2,111,4.8632321357727051,0.043812902124078422,38.297920445660914,1
2026-08-15T17:17:06Z,NVIDIA H200 NVL,screen,normal_0_1,dot,raw_fp64,64,11,52,fp64,natural,thread_packet,2,128,1,1,2,none,raw,natural/thread_packet/x2/raw,16777216,0,1,268435456,268435456,0,512,256,3,0,72,4.9804158210754395,0.069172441959381104,-2957.4485853999317,1
2026-08-15T17:17:06Z,NVIDIA H200 NVL,screen,normal_0_1,dot,raw_fp64,64,11,52,fp64,natural,thread_packet,2,128,1,1,2,none,raw,natural/thread_packet/x2/raw,16777216,0,1,268435456,268435456,0,512,256,3,1,72,4.9804477691650391,0.069172885682847768,-2957.4485853999317,1
2026-08-15T17:17:06Z,NVIDIA H200 NVL,screen,normal_0_1,dot,raw_fp64,64,11,52,fp64,natural,thread_packet,2,128,1,1,2,none,raw,natural/thread_packet/x2/raw,16777216,0,1,268435456,268435456,0,512,256,3,2,72,4.9765439033508301,0.069118665324317083,-2957.4485853999317,1
2026-08-15T17:17:06Z,NVIDIA H200 NVL,screen,normal_0_1,gemv,raw_fp64,64,11,52,fp64,natural,thread_packet,2,128,1,1,2,none,raw,natural/thread_packet/x2/raw,16384,1024,1024,134348800,134348800,0,1024,256,3,0,124,4.7547521591186523,0.038344775476763328,38.297920445660878,1
2026-08-15T17:17:06Z,NVIDIA H200 NVL,screen,normal_0_1,gemv,raw_fp64,64,11,52,fp64,natural,thread_packet,2,128,1,1,2,none,raw,natural/thread_packet/x2/raw,16384,1024,1024,134348800,134348800,0,1024,256,3,1,124,4.7564477920532227,0.038358449935913086,38.297920445660878,1
2026-08-15T17:17:06Z,NVIDIA H200 NVL,screen,normal_0_1,gemv,raw_fp64,64,11,52,fp64,natural,thread_packet,2,128,1,1,2,none,raw,natural/thread_packet/x2/raw,16384,1024,1024,134348800,134348800,0,1024,256,3,2,124,4.7520961761474609,0.038323356259253719,38.297920445660878,1
2026-08-15T17:17:06Z,NVIDIA H200 NVL,screen,normal_0_1,dot,raw_fp64,64,11,52,fp64,natural,thread_packet,4,128,1,1,4,none,raw,natural/thread_packet/x4/raw,16777216,0,1,268435456,268435456,0,512,256,3,0,69,4.8642559051513672,0.070496462393498077,-2957.4485853999304,1
2026-08-15T17:17:06Z,NVIDIA H200 NVL,screen,normal_0_1,dot,raw_fp64,64,11,52,fp64,natural,thread_packet,4,128,1,1,4,none,raw,natural/thread_packet/x4/raw,16777216,0,1,268435456,268435456,0,512,256,3,1,69,4.8849282264709473,0.070796061253202133,-2957.4485853999304,1
2026-08-15T17:17:06Z,NVIDIA H200 NVL,screen,normal_0_1,dot,raw_fp64,64,11,52,fp64,natural,thread_packet,4,128,1,1,4,none,raw,natural/thread_packet/x4/raw,16777216,0,1,268435456,268435456,0,512,256,3,2,69,4.8786239624023438,0.070704695107280349,-2957.4485853999304,1
2026-08-15T17:17:06Z,NVIDIA H200 NVL,screen,normal_0_1,gemv,raw_fp64,64,11,52,fp64,natural,thread_packet,4,128,1,1,4,none,raw,natural/thread_packet/x4/raw,16384,1024,1024,134348800,134348800,0,1024,256,3,0,117,4.9067840576171875,0.04193832527877938,38.297920445660935,1
2026-08-15T17:17:06Z,NVIDIA H200 NVL,screen,normal_0_1,gemv,raw_fp64,64,11,52,fp64,natural,thread_packet,4,128,1,1,4,none,raw,natural/thread_packet/x4/raw,16384,1024,1024,134348800,134348800,0,1024,256,3,1,117,4.9000959396362305,0.041881161877232738,38.297920445660935,1
2026-08-15T17:17:06Z,NVIDIA H200 NVL,screen,normal_0_1,gemv,raw_fp64,64,11,52,fp64,natural,thread_packet,4,128,1,1,4,none,raw,natural/thread_packet/x4/raw,16384,1024,1024,134348800,134348800,0,1024,256,3,2,117,4.8877758979797363,0.04177586237589518,38.297920445660935,1
2026-08-15T17:17:06Z,NVIDIA H200 NVL,screen,normal_0_1,dot,raw_fp64,64,11,52,fp64,natural,thread_packet,8,128,1,1,8,none,raw,natural/thread_packet/x8/raw,16777216,0,1,268435456,268435456,0,512,256,3,0,58,4.9435520172119141,0.08523365546917093,-2957.4485853999299,1
2026-08-15T17:17:06Z,NVIDIA H200 NVL,screen,normal_0_1,dot,raw_fp64,64,11,52,fp64,natural,thread_packet,8,128,1,1,8,none,raw,natural/thread_packet/x8/raw,16777216,0,1,268435456,268435456,0,512,256,3,1,58,4.941215991973877,0.085193379171963401,-2957.4485853999299,1
2026-08-15T17:17:06Z,NVIDIA H200 NVL,screen,normal_0_1,dot,raw_fp64,64,11,52,fp64,natural,thread_packet,8,128,1,1,8,none,raw,natural/thread_packet/x8/raw,16777216,0,1,268435456,268435456,0,512,256,3,2,58,4.9388160705566406,0.0851520012164938,-2957.4485853999299,1
2026-08-15T17:17:06Z,NVIDIA H200 NVL,screen,normal_0_1,gemv,raw_fp64,64,11,52,fp64,natural,thread_packet,8,128,1,1,8,none,raw,natural/thread_packet/x8/raw,16384,1024,1024,134348800,134348800,0,1024,256,3,0,62,4.960319995880127,0.080005161223873009,38.297920445661006,1
2026-08-15T17:17:06Z,NVIDIA H200 NVL,screen,normal_0_1,gemv,raw_fp64,64,11,52,fp64,natural,thread_packet,8,128,1,1,8,none,raw,natural/thread_packet/x8/raw,16384,1024,1024,134348800,134348800,0,1024,256,3,1,62,4.9618878364562988,0.080030448975101601,38.297920445661006,1
2026-08-15T17:17:06Z,NVIDIA H200 NVL,screen,normal_0_1,gemv,raw_fp64,64,11,52,fp64,natural,thread_packet,8,128,1,1,8,none,raw,natural/thread_packet/x8/raw,16384,1024,1024,134348800,134348800,0,1024,256,3,2,62,4.9492478370666504,0.079826578017204039,38.297920445661006,1
