format,family,bits,arithmetic,distribution,kernel,winning_strategy,median_ms
bf16_e8m7,ieee,16,fp32,field_balanced_finite,dot,native_scalar,0.489536003
bf16_e8m7,ieee,16,fp32,field_balanced_finite,gemv,native_scalar,0.114528
bf16_e8m7,ieee,16,fp32,paired_log_uniform_finite,dot,native_scalar,0.490383998
bf16_e8m7,ieee,16,fp32,paired_log_uniform_finite,gemv,native_scalar,0.114592001
bf16_e8m7,ieee,16,fp64,field_balanced_finite,dot,native_scalar,0.500159979
bf16_e8m7,ieee,16,fp64,field_balanced_finite,gemv,native_scalar,0.118207998
bf16_e8m7,ieee,16,fp64,paired_log_uniform_finite,dot,native_scalar,0.500671983
bf16_e8m7,ieee,16,fp64,paired_log_uniform_finite,gemv,native_scalar,0.118416
e10m21,ieee,32,fp64,field_balanced_finite,dot,direct_branchy,0.92443201
e10m21,ieee,32,fp64,field_balanced_finite,gemv,direct_branchy,0.202848002
e10m21,ieee,32,fp64,paired_log_uniform_finite,dot,direct_branchy,0.923951983
e10m21,ieee,32,fp64,paired_log_uniform_finite,gemv,direct_branchy,0.202927999
e11m2,ieee,14,fp64,field_balanced_finite,dot,direct_masked,0.490208
e11m2,ieee,14,fp64,field_balanced_finite,gemv,direct_masked,0.161775999
e11m2,ieee,14,fp64,paired_log_uniform_finite,dot,direct_masked,0.48984
e11m2,ieee,14,fp64,paired_log_uniform_finite,gemv,direct_masked,0.163248002
e11m20,ieee,32,fp64,field_balanced_finite,dot,direct_masked,0.51867199
e11m20,ieee,32,fp64,field_balanced_finite,gemv,direct_masked,0.121808
e11m20,ieee,32,fp64,paired_log_uniform_finite,dot,direct_masked,0.518848002
e11m20,ieee,32,fp64,paired_log_uniform_finite,gemv,direct_masked,0.121935997
e11m4,ieee,16,fp64,field_balanced_finite,dot,direct_masked,0.489487991
e11m4,ieee,16,fp64,field_balanced_finite,gemv,direct_masked,0.114927999
e11m4,ieee,16,fp64,paired_log_uniform_finite,dot,direct_masked,0.489791989
e11m4,ieee,16,fp64,paired_log_uniform_finite,gemv,direct_masked,0.114880003
e2m11,ieee,14,fp32,field_balanced_finite,dot,full_lut_global,0.526208013
e2m11,ieee,14,fp32,field_balanced_finite,gemv,full_lut_global,0.183119998
e2m11,ieee,14,fp32,paired_log_uniform_finite,dot,full_lut_global,0.552287996
e2m11,ieee,14,fp32,paired_log_uniform_finite,gemv,full_lut_global,0.230896004
e2m11,ieee,14,fp64,field_balanced_finite,dot,full_lut_global,0.536816001
e2m11,ieee,14,fp64,field_balanced_finite,gemv,full_lut_global,0.191263996
e2m11,ieee,14,fp64,paired_log_uniform_finite,dot,full_lut_global,0.573152006
e2m11,ieee,14,fp64,paired_log_uniform_finite,gemv,full_lut_global,0.254639998
e3m12,ieee,16,fp32,field_balanced_finite,dot,full_lut_global,0.525967986
e3m12,ieee,16,fp32,field_balanced_finite,gemv,full_lut_global,0.177968003
e3m12,ieee,16,fp32,paired_log_uniform_finite,dot,full_lut_global,0.601535976
e3m12,ieee,16,fp32,paired_log_uniform_finite,gemv,full_lut_global,0.224016003
e3m12,ieee,16,fp64,field_balanced_finite,dot,full_lut_global,0.523999989
e3m12,ieee,16,fp64,field_balanced_finite,gemv,full_lut_global,0.184271999
e3m12,ieee,16,fp64,paired_log_uniform_finite,dot,full_lut_global,0.68860799
e3m12,ieee,16,fp64,paired_log_uniform_finite,gemv,subnormal_lut_global,0.255071997
e3m4,ieee,8,fp32,field_balanced_finite,dot,full_lut_shared,0.488575995
e3m4,ieee,8,fp32,field_balanced_finite,gemv,full_lut_shared,0.116175998
e3m4,ieee,8,fp32,paired_log_uniform_finite,dot,full_lut_shared,0.487535998
e3m4,ieee,8,fp32,paired_log_uniform_finite,gemv,full_lut_shared,0.117055997
e3m4,ieee,8,fp64,field_balanced_finite,dot,full_lut_shared,0.488416001
e3m4,ieee,8,fp64,field_balanced_finite,gemv,full_lut_shared,0.117600001
e3m4,ieee,8,fp64,paired_log_uniform_finite,dot,full_lut_shared,0.499696001
e3m4,ieee,8,fp64,paired_log_uniform_finite,gemv,full_lut_shared,0.134847999
e4m27,ieee,32,fp64,field_balanced_finite,dot,direct_branchy,0.958400011
e4m27,ieee,32,fp64,field_balanced_finite,gemv,direct_branchy,0.221440002
e4m27,ieee,32,fp64,paired_log_uniform_finite,dot,direct_branchy,1.07835197
e4m27,ieee,32,fp64,paired_log_uniform_finite,gemv,direct_branchy,0.399263992
e5m8,ieee,14,fp32,field_balanced_finite,dot,full_lut_global,0.525584012
e5m8,ieee,14,fp32,field_balanced_finite,gemv,full_lut_global,0.188368
e5m8,ieee,14,fp32,paired_log_uniform_finite,dot,full_lut_global,0.590512007
e5m8,ieee,14,fp32,paired_log_uniform_finite,gemv,full_lut_global,0.275856004
e5m8,ieee,14,fp64,field_balanced_finite,dot,full_lut_global,0.536848009
e5m8,ieee,14,fp64,field_balanced_finite,gemv,full_lut_global,0.187824004
e5m8,ieee,14,fp64,paired_log_uniform_finite,dot,full_lut_global,0.61147201
e5m8,ieee,14,fp64,paired_log_uniform_finite,gemv,full_lut_global,0.285696
e6m1,ieee,8,fp32,field_balanced_finite,dot,full_lut_shared,0.488655999
e6m1,ieee,8,fp32,field_balanced_finite,gemv,full_lut_shared,0.116319999
e6m1,ieee,8,fp32,paired_log_uniform_finite,dot,full_lut_shared,0.486575991
e6m1,ieee,8,fp32,paired_log_uniform_finite,gemv,full_lut_shared,0.117023997
e6m1,ieee,8,fp64,field_balanced_finite,dot,full_lut_shared,0.488416001
e6m1,ieee,8,fp64,field_balanced_finite,gemv,full_lut_shared,0.117792003
e6m1,ieee,8,fp64,paired_log_uniform_finite,dot,full_lut_shared,0.501839995
e6m1,ieee,8,fp64,paired_log_uniform_finite,gemv,full_lut_shared,0.136239998
e6m9,ieee,16,fp32,field_balanced_finite,dot,full_lut_global,0.516464025
e6m9,ieee,16,fp32,field_balanced_finite,gemv,full_lut_global,0.177455999
e6m9,ieee,16,fp32,paired_log_uniform_finite,dot,full_lut_global,0.650543987
e6m9,ieee,16,fp32,paired_log_uniform_finite,gemv,full_lut_global,0.257200003
e6m9,ieee,16,fp64,field_balanced_finite,dot,full_lut_global,0.524672002
e6m9,ieee,16,fp64,field_balanced_finite,gemv,full_lut_global,0.187776
e6m9,ieee,16,fp64,paired_log_uniform_finite,dot,full_lut_global,0.763952016
e6m9,ieee,16,fp64,paired_log_uniform_finite,gemv,direct_branchy,0.360959992
e8m5,ieee,14,fp32,field_balanced_finite,dot,direct_branchy,0.486944005
e8m5,ieee,14,fp32,field_balanced_finite,gemv,direct_branchy,0.155536003
e8m5,ieee,14,fp32,paired_log_uniform_finite,dot,direct_branchy,0.486527994
e8m5,ieee,14,fp32,paired_log_uniform_finite,gemv,direct_branchy,0.156959996
fp16_e5m10,ieee,16,fp32,field_balanced_finite,dot,native_scalar,0.489904002
fp16_e5m10,ieee,16,fp32,field_balanced_finite,gemv,native_scalar,0.114736002
fp16_e5m10,ieee,16,fp32,paired_log_uniform_finite,dot,native_scalar,0.489759997
fp16_e5m10,ieee,16,fp32,paired_log_uniform_finite,gemv,native_scalar,0.114416
fp16_e5m10,ieee,16,fp64,field_balanced_finite,dot,native_scalar,0.500479996
fp16_e5m10,ieee,16,fp64,field_balanced_finite,gemv,native_scalar,0.118319999
fp16_e5m10,ieee,16,fp64,paired_log_uniform_finite,dot,native_scalar,0.500463993
fp16_e5m10,ieee,16,fp64,paired_log_uniform_finite,gemv,native_scalar,0.118303999
fp32_e8m23,ieee,32,fp32,field_balanced_finite,dot,native_scalar,0.520063996
fp32_e8m23,ieee,32,fp32,field_balanced_finite,gemv,native_scalar,0.122175999
fp32_e8m23,ieee,32,fp32,paired_log_uniform_finite,dot,native_scalar,0.520144016
fp32_e8m23,ieee,32,fp32,paired_log_uniform_finite,gemv,native_scalar,0.122191999
fp32_e8m23,ieee,32,fp64,field_balanced_finite,dot,native_scalar,0.525663972
fp32_e8m23,ieee,32,fp64,field_balanced_finite,gemv,native_scalar,0.123935997
fp32_e8m23,ieee,32,fp64,paired_log_uniform_finite,dot,native_scalar,0.526495993
fp32_e8m23,ieee,32,fp64,paired_log_uniform_finite,gemv,native_scalar,0.124159999
fp8_e4m3,ieee,8,fp32,field_balanced_finite,dot,native_scalar,0.476400003
fp8_e4m3,ieee,8,fp32,field_balanced_finite,gemv,native_scalar,0.113135998
fp8_e4m3,ieee,8,fp32,paired_log_uniform_finite,dot,native_scalar,0.476480007
fp8_e4m3,ieee,8,fp32,paired_log_uniform_finite,gemv,native_scalar,0.112944003
fp8_e4m3,ieee,8,fp64,field_balanced_finite,dot,full_lut_shared,0.488703996
fp8_e4m3,ieee,8,fp64,field_balanced_finite,gemv,native_scalar,0.117199998
fp8_e4m3,ieee,8,fp64,paired_log_uniform_finite,dot,native_scalar,0.489663988
fp8_e4m3,ieee,8,fp64,paired_log_uniform_finite,gemv,native_scalar,0.117167998
fp8_e5m2,ieee,8,fp32,field_balanced_finite,dot,native_scalar,0.476031989
fp8_e5m2,ieee,8,fp32,field_balanced_finite,gemv,native_scalar,0.112960003
fp8_e5m2,ieee,8,fp32,paired_log_uniform_finite,dot,native_scalar,0.476704002
fp8_e5m2,ieee,8,fp32,paired_log_uniform_finite,gemv,native_scalar,0.112816002
fp8_e5m2,ieee,8,fp64,field_balanced_finite,dot,full_lut_shared,0.487936005
fp8_e5m2,ieee,8,fp64,field_balanced_finite,gemv,native_scalar,0.116896
fp8_e5m2,ieee,8,fp64,paired_log_uniform_finite,dot,native_scalar,0.489263996
fp8_e5m2,ieee,8,fp64,paired_log_uniform_finite,gemv,native_scalar,0.117199998
posit14_es1,posit,14,fp32,field_balanced_finite,dot,full_lut_global,0.525024027
posit14_es1,posit,14,fp32,field_balanced_finite,gemv,full_lut_global,0.189087995
posit14_es1,posit,14,fp32,paired_log_uniform_finite,dot,full_lut_global,0.561935991
posit14_es1,posit,14,fp32,paired_log_uniform_finite,gemv,full_lut_global,0.21576
posit14_es1,posit,14,fp64,field_balanced_finite,dot,full_lut_global,0.533663988
posit14_es1,posit,14,fp64,field_balanced_finite,gemv,full_lut_global,0.196560003
posit14_es1,posit,14,fp64,paired_log_uniform_finite,dot,full_lut_global,0.58416
posit14_es1,posit,14,fp64,paired_log_uniform_finite,gemv,full_lut_global,0.243552
posit16_es1,posit,16,fp32,field_balanced_finite,dot,full_lut_global,0.517632008
posit16_es1,posit,16,fp32,field_balanced_finite,gemv,full_lut_global,0.153839998
posit16_es1,posit,16,fp32,paired_log_uniform_finite,dot,full_lut_global,0.619760006
posit16_es1,posit,16,fp32,paired_log_uniform_finite,gemv,full_lut_global,0.201824002
posit16_es1,posit,16,fp64,field_balanced_finite,dot,full_lut_global,0.513200015
posit16_es1,posit,16,fp64,field_balanced_finite,gemv,full_lut_global,0.167583994
posit16_es1,posit,16,fp64,paired_log_uniform_finite,dot,full_lut_global,0.665408015
posit16_es1,posit,16,fp64,paired_log_uniform_finite,gemv,full_lut_global,0.236432001
posit32_es2,posit,32,fp32,field_balanced_finite,dot,direct,1.49763203
posit32_es2,posit,32,fp32,field_balanced_finite,gemv,direct,0.597488016
posit32_es2,posit,32,fp32,paired_log_uniform_finite,dot,direct,1.694336
posit32_es2,posit,32,fp32,paired_log_uniform_finite,gemv,direct,0.740096003
posit32_es2,posit,32,fp64,field_balanced_finite,dot,direct,1.376768
posit32_es2,posit,32,fp64,field_balanced_finite,gemv,direct,0.576767981
posit32_es2,posit,32,fp64,paired_log_uniform_finite,dot,direct,1.37727999
posit32_es2,posit,32,fp64,paired_log_uniform_finite,gemv,direct,0.579296023
posit8_es0,posit,8,fp32,field_balanced_finite,dot,full_lut_shared,0.489183992
posit8_es0,posit,8,fp32,field_balanced_finite,gemv,full_lut_shared,0.115999997
posit8_es0,posit,8,fp32,paired_log_uniform_finite,dot,full_lut_shared,0.487248003
posit8_es0,posit,8,fp32,paired_log_uniform_finite,gemv,full_lut_shared,0.116896
posit8_es0,posit,8,fp64,field_balanced_finite,dot,full_lut_shared,0.48935999
posit8_es0,posit,8,fp64,field_balanced_finite,gemv,full_lut_shared,0.117311999
posit8_es0,posit,8,fp64,paired_log_uniform_finite,dot,full_lut_shared,0.498208001
posit8_es0,posit,8,fp64,paired_log_uniform_finite,gemv,full_lut_shared,0.133999996
takum14,takum,14,fp32,field_balanced_finite,dot,full_lut_global,0.525215983
takum14,takum,14,fp32,field_balanced_finite,gemv,full_lut_global,0.1844
takum14,takum,14,fp32,paired_log_uniform_finite,dot,full_lut_global,0.589776009
takum14,takum,14,fp32,paired_log_uniform_finite,gemv,full_lut_global,0.269551992
takum14,takum,14,fp64,field_balanced_finite,dot,full_lut_global,0.533375978
takum14,takum,14,fp64,field_balanced_finite,gemv,full_lut_global,0.204895995
takum14,takum,14,fp64,paired_log_uniform_finite,dot,full_lut_global,0.609407991
takum14,takum,14,fp64,paired_log_uniform_finite,gemv,full_lut_global,0.282127992
takum16,takum,16,fp32,field_balanced_finite,dot,full_lut_global,0.516640007
takum16,takum,16,fp32,field_balanced_finite,gemv,full_lut_global,0.188255995
takum16,takum,16,fp32,paired_log_uniform_finite,dot,full_lut_global,0.635919988
takum16,takum,16,fp32,paired_log_uniform_finite,gemv,full_lut_global,0.242783993
takum16,takum,16,fp64,field_balanced_finite,dot,full_lut_global,0.507536024
takum16,takum,16,fp64,field_balanced_finite,gemv,full_lut_global,0.202416002
takum16,takum,16,fp64,paired_log_uniform_finite,dot,full_lut_global,0.700144023
takum16,takum,16,fp64,paired_log_uniform_finite,gemv,full_lut_global,0.305312007
takum32,takum,32,fp32,field_balanced_finite,dot,direct,1.45104002
takum32,takum,32,fp32,field_balanced_finite,gemv,direct,0.571696013
takum32,takum,32,fp32,paired_log_uniform_finite,dot,direct,2.05776
takum32,takum,32,fp32,paired_log_uniform_finite,gemv,direct,0.851024002
takum32,takum,32,fp64,field_balanced_finite,dot,direct,1.19214404
takum32,takum,32,fp64,field_balanced_finite,gemv,direct,0.474511996
takum32,takum,32,fp64,paired_log_uniform_finite,dot,direct,1.19382399
takum32,takum,32,fp64,paired_log_uniform_finite,gemv,direct,0.473408014
takum8,takum,8,fp32,field_balanced_finite,dot,full_lut_shared,0.488767997
takum8,takum,8,fp32,field_balanced_finite,gemv,full_lut_shared,0.116015997
takum8,takum,8,fp32,paired_log_uniform_finite,dot,full_lut_shared,0.486911998
takum8,takum,8,fp32,paired_log_uniform_finite,gemv,full_lut_shared,0.117199998
takum8,takum,8,fp64,field_balanced_finite,dot,full_lut_shared,0.489247992
takum8,takum,8,fp64,field_balanced_finite,gemv,full_lut_shared,0.116720002
takum8,takum,8,fp64,paired_log_uniform_finite,dot,full_lut_shared,0.497216002
takum8,takum,8,fp64,paired_log_uniform_finite,gemv,full_lut_shared,0.131232001
takum_log14,takum_log,14,fp32,field_balanced_finite,dot,full_lut_global,0.525568008
takum_log14,takum_log,14,fp32,field_balanced_finite,gemv,full_lut_global,0.184911996
takum_log14,takum_log,14,fp32,paired_log_uniform_finite,dot,full_lut_global,0.588320017
takum_log14,takum_log,14,fp32,paired_log_uniform_finite,gemv,full_lut_global,0.268112004
takum_log14,takum_log,14,fp64,field_balanced_finite,dot,full_lut_global,0.533888012
takum_log14,takum_log,14,fp64,field_balanced_finite,gemv,full_lut_global,0.203376002
takum_log14,takum_log,14,fp64,paired_log_uniform_finite,dot,full_lut_global,0.609967977
takum_log14,takum_log,14,fp64,paired_log_uniform_finite,gemv,full_lut_global,0.281248003
takum_log16,takum_log,16,fp32,field_balanced_finite,dot,full_lut_global,0.516640007
takum_log16,takum_log,16,fp32,field_balanced_finite,gemv,full_lut_global,0.19184
takum_log16,takum_log,16,fp32,paired_log_uniform_finite,dot,full_lut_global,0.649807989
takum_log16,takum_log,16,fp32,paired_log_uniform_finite,gemv,full_lut_global,0.241247997
takum_log16,takum_log,16,fp64,field_balanced_finite,dot,full_lut_global,0.507568002
takum_log16,takum_log,16,fp64,field_balanced_finite,gemv,full_lut_global,0.203855998
takum_log16,takum_log,16,fp64,paired_log_uniform_finite,dot,full_lut_global,0.704272002
takum_log16,takum_log,16,fp64,paired_log_uniform_finite,gemv,full_lut_global,0.309903995
takum_log32,takum_log,32,fp32,field_balanced_finite,dot,direct,1.57350403
takum_log32,takum_log,32,fp32,field_balanced_finite,gemv,direct,0.673199982
takum_log32,takum_log,32,fp32,paired_log_uniform_finite,dot,direct,1.57617599
takum_log32,takum_log,32,fp32,paired_log_uniform_finite,gemv,direct,0.674191981
takum_log32,takum_log,32,fp64,field_balanced_finite,dot,direct,1.59451199
takum_log32,takum_log,32,fp64,field_balanced_finite,gemv,direct,0.69166398
takum_log32,takum_log,32,fp64,paired_log_uniform_finite,dot,direct,1.59488005
takum_log32,takum_log,32,fp64,paired_log_uniform_finite,gemv,direct,0.692143977
takum_log8,takum_log,8,fp32,field_balanced_finite,dot,full_lut_shared,0.489087999
takum_log8,takum_log,8,fp32,field_balanced_finite,gemv,full_lut_shared,0.115808003
takum_log8,takum_log,8,fp32,paired_log_uniform_finite,dot,full_lut_shared,0.48715201
takum_log8,takum_log,8,fp32,paired_log_uniform_finite,gemv,full_lut_shared,0.117071997
takum_log8,takum_log,8,fp64,field_balanced_finite,dot,full_lut_shared,0.488688007
takum_log8,takum_log,8,fp64,field_balanced_finite,gemv,full_lut_shared,0.116608002
takum_log8,takum_log,8,fp64,paired_log_uniform_finite,dot,full_lut_shared,0.497263997
takum_log8,takum_log,8,fp64,paired_log_uniform_finite,gemv,full_lut_shared,0.131279997
