format,family,bits,arithmetic,distribution,kernel,strategy,samples,median_ms,minimum_ms,maximum_ms
bf16_e8m7,ieee,16,fp32,field_balanced_finite,dot,full_lut_global,30,0.516335994,0.513952017,0.519616008
bf16_e8m7,ieee,16,fp32,field_balanced_finite,dot,native_scalar,30,0.489536003,0.487168014,0.493407995
bf16_e8m7,ieee,16,fp32,field_balanced_finite,gemv,full_lut_global,30,0.193743996,0.188319996,0.201695994
bf16_e8m7,ieee,16,fp32,field_balanced_finite,gemv,native_scalar,30,0.114528,0.113760002,0.117536001
bf16_e8m7,ieee,16,fp32,paired_log_uniform_finite,dot,full_lut_global,30,0.689631999,0.683583975,0.69401598
bf16_e8m7,ieee,16,fp32,paired_log_uniform_finite,dot,native_scalar,30,0.490383998,0.487839997,0.493663996
bf16_e8m7,ieee,16,fp32,paired_log_uniform_finite,gemv,full_lut_global,30,0.251919999,0.249824002,0.253183991
bf16_e8m7,ieee,16,fp32,paired_log_uniform_finite,gemv,native_scalar,30,0.114592001,0.113824002,0.117055997
bf16_e8m7,ieee,16,fp64,field_balanced_finite,dot,full_lut_global,30,0.524416029,0.521727979,0.526431978
bf16_e8m7,ieee,16,fp64,field_balanced_finite,dot,native_scalar,30,0.500159979,0.498528004,0.505792022
bf16_e8m7,ieee,16,fp64,field_balanced_finite,gemv,full_lut_global,30,0.204191998,0.198303998,0.210912004
bf16_e8m7,ieee,16,fp64,field_balanced_finite,gemv,native_scalar,30,0.118207998,0.117600001,0.121312
bf16_e8m7,ieee,16,fp64,paired_log_uniform_finite,dot,full_lut_global,30,0.791695982,0.786559999,0.797056019
bf16_e8m7,ieee,16,fp64,paired_log_uniform_finite,dot,native_scalar,30,0.500671983,0.498176008,0.505119979
bf16_e8m7,ieee,16,fp64,paired_log_uniform_finite,gemv,full_lut_global,30,0.679647982,0.669503987,0.686912
bf16_e8m7,ieee,16,fp64,paired_log_uniform_finite,gemv,native_scalar,30,0.118416,0.117856003,0.120640002
e10m21,ieee,32,fp64,field_balanced_finite,dot,direct_branchy,30,0.92443201,0.921055973,0.928543985
e10m21,ieee,32,fp64,field_balanced_finite,dot,prefix_lut_global,30,0.959600002,0.957152009,0.964352012
e10m21,ieee,32,fp64,field_balanced_finite,gemv,direct_branchy,30,0.202848002,0.201343998,0.206624001
e10m21,ieee,32,fp64,field_balanced_finite,gemv,prefix_lut_global,30,0.272960007,0.269151986,0.276383996
e10m21,ieee,32,fp64,paired_log_uniform_finite,dot,direct_branchy,30,0.923951983,0.921887994,0.929311991
e10m21,ieee,32,fp64,paired_log_uniform_finite,dot,prefix_lut_global,30,0.984751999,0.982559979,0.990815997
e10m21,ieee,32,fp64,paired_log_uniform_finite,gemv,direct_branchy,30,0.202927999,0.201407999,0.205791995
e10m21,ieee,32,fp64,paired_log_uniform_finite,gemv,prefix_lut_global,30,0.233024001,0.231360003,0.23488
e11m2,ieee,14,fp64,field_balanced_finite,dot,direct_masked,30,0.490208,0.487360001,0.496607989
e11m2,ieee,14,fp64,field_balanced_finite,dot,full_lut_global,30,0.536831975,0.534943998,0.53974402
e11m2,ieee,14,fp64,field_balanced_finite,dot,full_lut_shared,30,2.04259192,2.03804803,2.04771209
e11m2,ieee,14,fp64,field_balanced_finite,gemv,direct_masked,30,0.161775999,0.160127997,0.166207999
e11m2,ieee,14,fp64,field_balanced_finite,gemv,full_lut_global,30,0.201104,0.197439998,0.211999997
e11m2,ieee,14,fp64,field_balanced_finite,gemv,full_lut_shared,30,1.00491201,0.994719982,1.01046395
e11m2,ieee,14,fp64,paired_log_uniform_finite,dot,direct_masked,30,0.48984,0.486752003,0.493663996
e11m2,ieee,14,fp64,paired_log_uniform_finite,dot,full_lut_global,30,0.622655987,0.617183983,0.629535973
e11m2,ieee,14,fp64,paired_log_uniform_finite,dot,full_lut_shared,30,2.05483198,2.04889607,2.06217599
e11m2,ieee,14,fp64,paired_log_uniform_finite,gemv,direct_masked,30,0.163248002,0.161568001,0.168224007
e11m2,ieee,14,fp64,paired_log_uniform_finite,gemv,full_lut_global,30,0.287855998,0.285887986,0.291263998
e11m2,ieee,14,fp64,paired_log_uniform_finite,gemv,full_lut_shared,30,1.01662403,1.01446402,1.01865602
e11m20,ieee,32,fp64,field_balanced_finite,dot,direct_masked,30,0.51867199,0.516192019,0.523072004
e11m20,ieee,32,fp64,field_balanced_finite,gemv,direct_masked,30,0.121808,0.120895997,0.124959998
e11m20,ieee,32,fp64,paired_log_uniform_finite,dot,direct_masked,30,0.518848002,0.516672015,0.521120012
e11m20,ieee,32,fp64,paired_log_uniform_finite,gemv,direct_masked,30,0.121935997,0.121151999,0.125055999
e11m4,ieee,16,fp64,field_balanced_finite,dot,direct_masked,30,0.489487991,0.487360001,0.495391995
e11m4,ieee,16,fp64,field_balanced_finite,dot,full_lut_global,30,0.524031997,0.522047997,0.527199984
e11m4,ieee,16,fp64,field_balanced_finite,gemv,direct_masked,30,0.114927999,0.113984004,0.118207999
e11m4,ieee,16,fp64,field_balanced_finite,gemv,full_lut_global,30,0.207072005,0.201567993,0.214111999
e11m4,ieee,16,fp64,paired_log_uniform_finite,dot,direct_masked,30,0.489791989,0.487583995,0.491423994
e11m4,ieee,16,fp64,paired_log_uniform_finite,dot,full_lut_global,30,0.805263997,0.79875201,0.812128007
e11m4,ieee,16,fp64,paired_log_uniform_finite,gemv,direct_masked,30,0.114880003,0.113824002,0.118848003
e11m4,ieee,16,fp64,paired_log_uniform_finite,gemv,full_lut_global,30,0.330079988,0.323520005,0.336703986
e2m11,ieee,14,fp32,field_balanced_finite,dot,direct_branchy,30,0.960207999,0.957023978,0.966816008
e2m11,ieee,14,fp32,field_balanced_finite,dot,full_lut_global,30,0.526208013,0.524447978,0.529824018
e2m11,ieee,14,fp32,field_balanced_finite,dot,full_lut_shared,30,1.01787203,1.01481605,1.02175999
e2m11,ieee,14,fp32,field_balanced_finite,gemv,direct_branchy,30,0.273151993,0.269472003,0.284319997
e2m11,ieee,14,fp32,field_balanced_finite,gemv,full_lut_global,30,0.183119998,0.180447996,0.185696006
e2m11,ieee,14,fp32,field_balanced_finite,gemv,full_lut_shared,30,0.407775998,0.403872013,0.410751998
e2m11,ieee,14,fp32,paired_log_uniform_finite,dot,direct_branchy,30,1.04755199,1.04284799,1.05219197
e2m11,ieee,14,fp32,paired_log_uniform_finite,dot,full_lut_global,30,0.552287996,0.549600005,0.559967995
e2m11,ieee,14,fp32,paired_log_uniform_finite,dot,full_lut_shared,30,1.026528,1.02022398,1.03129601
e2m11,ieee,14,fp32,paired_log_uniform_finite,gemv,direct_branchy,30,0.349711999,0.347167999,0.351583987
e2m11,ieee,14,fp32,paired_log_uniform_finite,gemv,full_lut_global,30,0.230896004,0.229568005,0.233600006
e2m11,ieee,14,fp32,paired_log_uniform_finite,gemv,full_lut_shared,30,0.410383999,0.407200009,0.412512004
e2m11,ieee,14,fp64,field_balanced_finite,dot,direct_branchy,30,0.972719997,0.967967987,0.978304029
e2m11,ieee,14,fp64,field_balanced_finite,dot,full_lut_global,30,0.536816001,0.532768011,0.539424002
e2m11,ieee,14,fp64,field_balanced_finite,dot,full_lut_shared,30,2.03559994,2.03030396,2.04307199
e2m11,ieee,14,fp64,field_balanced_finite,gemv,direct_branchy,30,0.335792005,0.333440006,0.342368007
e2m11,ieee,14,fp64,field_balanced_finite,gemv,full_lut_global,30,0.191263996,0.189311996,0.19664
e2m11,ieee,14,fp64,field_balanced_finite,gemv,full_lut_shared,30,1.00947201,0.996927977,1.01567996
e2m11,ieee,14,fp64,paired_log_uniform_finite,dot,direct_branchy,30,1.08508796,1.08163202,1.09500802
e2m11,ieee,14,fp64,paired_log_uniform_finite,dot,full_lut_global,30,0.573152006,0.569343984,0.576608002
e2m11,ieee,14,fp64,paired_log_uniform_finite,dot,full_lut_shared,30,2.05582392,2.0497601,2.0632
e2m11,ieee,14,fp64,paired_log_uniform_finite,gemv,direct_branchy,30,0.423488006,0.415423989,0.426752001
e2m11,ieee,14,fp64,paired_log_uniform_finite,gemv,full_lut_global,30,0.254639998,0.253791988,0.257696003
e2m11,ieee,14,fp64,paired_log_uniform_finite,gemv,full_lut_shared,30,1.02321601,1.01443195,1.02784002
e3m12,ieee,16,fp32,field_balanced_finite,dot,full_lut_global,30,0.525967986,0.521344006,0.533887982
e3m12,ieee,16,fp32,field_balanced_finite,dot,subnormal_lut_global,30,0.917167991,0.915296018,0.920639992
e3m12,ieee,16,fp32,field_balanced_finite,gemv,full_lut_global,30,0.177968003,0.175328001,0.180639997
e3m12,ieee,16,fp32,field_balanced_finite,gemv,subnormal_lut_global,30,0.208144002,0.206496,0.2104
e3m12,ieee,16,fp32,paired_log_uniform_finite,dot,full_lut_global,30,0.601535976,0.579967976,0.64646399
e3m12,ieee,16,fp32,paired_log_uniform_finite,dot,subnormal_lut_global,30,1.01648003,1.01347196,1.01903999
e3m12,ieee,16,fp32,paired_log_uniform_finite,gemv,full_lut_global,30,0.224016003,0.223327994,0.227456003
e3m12,ieee,16,fp32,paired_log_uniform_finite,gemv,subnormal_lut_global,30,0.234144002,0.232703999,0.236607999
e3m12,ieee,16,fp64,field_balanced_finite,dot,full_lut_global,30,0.523999989,0.522047997,0.527072012
e3m12,ieee,16,fp64,field_balanced_finite,dot,subnormal_lut_global,30,0.937088013,0.935168028,0.94067198
e3m12,ieee,16,fp64,field_balanced_finite,gemv,full_lut_global,30,0.184271999,0.182111993,0.190144002
e3m12,ieee,16,fp64,field_balanced_finite,gemv,subnormal_lut_global,30,0.224895999,0.222816005,0.227264002
e3m12,ieee,16,fp64,paired_log_uniform_finite,dot,full_lut_global,30,0.68860799,0.684095979,0.693856001
e3m12,ieee,16,fp64,paired_log_uniform_finite,dot,subnormal_lut_global,30,1.06160003,1.05852795,1.06732798
e3m12,ieee,16,fp64,paired_log_uniform_finite,gemv,full_lut_global,30,0.360175997,0.356352001,0.363424003
e3m12,ieee,16,fp64,paired_log_uniform_finite,gemv,subnormal_lut_global,30,0.255071997,0.253248006,0.259328008
e3m4,ieee,8,fp32,field_balanced_finite,dot,full_lut_global,30,0.498879999,0.497024,0.502592027
e3m4,ieee,8,fp32,field_balanced_finite,dot,full_lut_shared,30,0.488575995,0.486144006,0.492671996
e3m4,ieee,8,fp32,field_balanced_finite,gemv,full_lut_global,30,0.120384,0.119295999,0.121919997
e3m4,ieee,8,fp32,field_balanced_finite,gemv,full_lut_shared,30,0.116175998,0.115359999,0.119199999
e3m4,ieee,8,fp32,paired_log_uniform_finite,dot,full_lut_global,30,0.500160009,0.498304009,0.502848029
e3m4,ieee,8,fp32,paired_log_uniform_finite,dot,full_lut_shared,30,0.487535998,0.485792011,0.491136014
e3m4,ieee,8,fp32,paired_log_uniform_finite,gemv,full_lut_global,30,0.121312,0.120127998,0.123103999
e3m4,ieee,8,fp32,paired_log_uniform_finite,gemv,full_lut_shared,30,0.117055997,0.116127998,0.124608003
e3m4,ieee,8,fp64,field_balanced_finite,dot,full_lut_global,30,0.503600001,0.501695991,0.507488012
e3m4,ieee,8,fp64,field_balanced_finite,dot,full_lut_shared,30,0.488416001,0.485312015,0.492895991
e3m4,ieee,8,fp64,field_balanced_finite,gemv,full_lut_global,30,0.123440001,0.122464001,0.125088006
e3m4,ieee,8,fp64,field_balanced_finite,gemv,full_lut_shared,30,0.117600001,0.116768003,0.120352
e3m4,ieee,8,fp64,paired_log_uniform_finite,dot,full_lut_global,30,0.518720001,0.516063988,0.520543993
e3m4,ieee,8,fp64,paired_log_uniform_finite,dot,full_lut_shared,30,0.499696001,0.49744001,0.504639983
e3m4,ieee,8,fp64,paired_log_uniform_finite,gemv,full_lut_global,30,0.140079997,0.138592005,0.141407996
e3m4,ieee,8,fp64,paired_log_uniform_finite,gemv,full_lut_shared,30,0.134847999,0.134112,0.143935993
e4m27,ieee,32,fp64,field_balanced_finite,dot,direct_branchy,30,0.958400011,0.95459199,0.964031994
e4m27,ieee,32,fp64,field_balanced_finite,dot,prefix_lut_global,30,1.008816,1.00575995,1.01235199
e4m27,ieee,32,fp64,field_balanced_finite,gemv,direct_branchy,30,0.221440002,0.219776005,0.225759998
e4m27,ieee,32,fp64,field_balanced_finite,gemv,prefix_lut_global,30,0.24464,0.241280004,0.248063996
e4m27,ieee,32,fp64,paired_log_uniform_finite,dot,direct_branchy,30,1.07835197,1.07488,1.08272004
e4m27,ieee,32,fp64,paired_log_uniform_finite,dot,prefix_lut_global,30,1.17118401,1.16656005,1.17491198
e4m27,ieee,32,fp64,paired_log_uniform_finite,gemv,direct_branchy,30,0.399263992,0.396351993,0.402431995
e4m27,ieee,32,fp64,paired_log_uniform_finite,gemv,prefix_lut_global,30,0.431728006,0.428736001,0.437344015
e5m8,ieee,14,fp32,field_balanced_finite,dot,direct_branchy,30,0.959903986,0.95628798,0.96409601
e5m8,ieee,14,fp32,field_balanced_finite,dot,full_lut_global,30,0.525584012,0.52384001,0.528191984
e5m8,ieee,14,fp32,field_balanced_finite,dot,full_lut_shared,30,1.01787198,1.01436806,1.02089596
e5m8,ieee,14,fp32,field_balanced_finite,gemv,direct_branchy,30,0.276239991,0.272192001,0.285952002
e5m8,ieee,14,fp32,field_balanced_finite,gemv,full_lut_global,30,0.188368,0.186719999,0.194079995
e5m8,ieee,14,fp32,field_balanced_finite,gemv,full_lut_shared,30,0.408703998,0.404639989,0.410688013
e5m8,ieee,14,fp32,lut_concentrated_control,dot,full_lut_global,30,0.524767995,0.522783995,0.529792011
e5m8,ieee,14,fp32,lut_concentrated_control,dot,full_lut_shared,30,1.01361597,1.01056004,1.02291203
e5m8,ieee,14,fp32,lut_concentrated_control,gemv,full_lut_global,30,0.189296,0.186976001,0.190720007
e5m8,ieee,14,fp32,lut_concentrated_control,gemv,full_lut_shared,30,0.406384007,0.40278399,0.410688013
e5m8,ieee,14,fp32,lut_scattered_control,dot,full_lut_global,30,0.53937599,0.5352,0.542591989
e5m8,ieee,14,fp32,lut_scattered_control,dot,full_lut_shared,30,1.00831997,1.003968,1.01702404
e5m8,ieee,14,fp32,lut_scattered_control,gemv,full_lut_global,30,0.179968,0.178655997,0.183423996
e5m8,ieee,14,fp32,lut_scattered_control,gemv,full_lut_shared,30,0.404848009,0.401183993,0.409056008
e5m8,ieee,14,fp32,paired_log_uniform_finite,dot,direct_branchy,30,1.05284799,1.05024004,1.05603194
e5m8,ieee,14,fp32,paired_log_uniform_finite,dot,full_lut_global,30,0.590512007,0.587072015,0.594208002
e5m8,ieee,14,fp32,paired_log_uniform_finite,dot,full_lut_shared,30,1.02495998,1.02236795,1.02825606
e5m8,ieee,14,fp32,paired_log_uniform_finite,gemv,direct_branchy,30,0.352272004,0.349408001,0.358047992
e5m8,ieee,14,fp32,paired_log_uniform_finite,gemv,full_lut_global,30,0.275856004,0.273696005,0.278304011
e5m8,ieee,14,fp32,paired_log_uniform_finite,gemv,full_lut_shared,30,0.410576,0.406655997,0.412927985
e5m8,ieee,14,fp64,field_balanced_finite,dot,direct_branchy,30,0.973920018,0.968864024,0.978976011
e5m8,ieee,14,fp64,field_balanced_finite,dot,full_lut_global,30,0.536848009,0.533568025,0.541823983
e5m8,ieee,14,fp64,field_balanced_finite,dot,full_lut_shared,30,2.03129602,2.02739191,2.03811193
e5m8,ieee,14,fp64,field_balanced_finite,gemv,direct_branchy,30,0.337392003,0.334751993,0.341535985
e5m8,ieee,14,fp64,field_balanced_finite,gemv,full_lut_global,30,0.187824004,0.185343996,0.197791994
e5m8,ieee,14,fp64,field_balanced_finite,gemv,full_lut_shared,30,1.01131195,0.999776006,1.01699197
e5m8,ieee,14,fp64,lut_concentrated_control,dot,full_lut_global,30,0.531040012,0.528639972,0.533951998
e5m8,ieee,14,fp64,lut_concentrated_control,dot,full_lut_shared,30,2.02670408,2.02073598,2.03311992
e5m8,ieee,14,fp64,lut_concentrated_control,gemv,full_lut_global,30,0.192272,0.190880001,0.194815993
e5m8,ieee,14,fp64,lut_concentrated_control,gemv,full_lut_shared,30,0.999392003,0.997600019,1.00636804
e5m8,ieee,14,fp64,lut_scattered_control,dot,full_lut_global,30,0.546112001,0.543456018,0.550975978
e5m8,ieee,14,fp64,lut_scattered_control,dot,full_lut_shared,30,2.01367998,2.00959992,2.02854395
e5m8,ieee,14,fp64,lut_scattered_control,gemv,full_lut_global,30,0.190944002,0.188416004,0.195935994
e5m8,ieee,14,fp64,lut_scattered_control,gemv,full_lut_shared,30,0.976943999,0.973760009,1.00704002
e5m8,ieee,14,fp64,paired_log_uniform_finite,dot,direct_branchy,30,1.09270406,1.09024,1.09923196
e5m8,ieee,14,fp64,paired_log_uniform_finite,dot,full_lut_global,30,0.61147201,0.608832002,0.615903974
e5m8,ieee,14,fp64,paired_log_uniform_finite,dot,full_lut_shared,30,2.05627191,2.05084801,2.0628159
e5m8,ieee,14,fp64,paired_log_uniform_finite,gemv,direct_branchy,30,0.424832002,0.41811201,0.428319991
e5m8,ieee,14,fp64,paired_log_uniform_finite,gemv,full_lut_global,30,0.285696,0.283295989,0.287903994
e5m8,ieee,14,fp64,paired_log_uniform_finite,gemv,full_lut_shared,30,1.023296,1.01657605,1.02751994
e6m1,ieee,8,fp32,field_balanced_finite,dot,full_lut_global,30,0.499487996,0.497312009,0.500895977
e6m1,ieee,8,fp32,field_balanced_finite,dot,full_lut_shared,30,0.488655999,0.48665601,0.491647989
e6m1,ieee,8,fp32,field_balanced_finite,gemv,full_lut_global,30,0.120464001,0.119199999,0.121664003
e6m1,ieee,8,fp32,field_balanced_finite,gemv,full_lut_shared,30,0.116319999,0.115135998,0.119584002
e6m1,ieee,8,fp32,paired_log_uniform_finite,dot,full_lut_global,30,0.50070402,0.49744001,0.503423989
e6m1,ieee,8,fp32,paired_log_uniform_finite,dot,full_lut_shared,30,0.486575991,0.484416008,0.490655988
e6m1,ieee,8,fp32,paired_log_uniform_finite,gemv,full_lut_global,30,0.121584002,0.120640002,0.123424001
e6m1,ieee,8,fp32,paired_log_uniform_finite,gemv,full_lut_shared,30,0.117023997,0.116191998,0.12432
e6m1,ieee,8,fp64,field_balanced_finite,dot,full_lut_global,30,0.503600001,0.501344025,0.507167995
e6m1,ieee,8,fp64,field_balanced_finite,dot,full_lut_shared,30,0.488416001,0.485632002,0.491328001
e6m1,ieee,8,fp64,field_balanced_finite,gemv,full_lut_global,30,0.123808,0.122496001,0.124799997
e6m1,ieee,8,fp64,field_balanced_finite,gemv,full_lut_shared,30,0.117792003,0.116768003,0.121119998
e6m1,ieee,8,fp64,paired_log_uniform_finite,dot,full_lut_global,30,0.522543997,0.520192027,0.527711987
e6m1,ieee,8,fp64,paired_log_uniform_finite,dot,full_lut_shared,30,0.501839995,0.499327987,0.504639983
e6m1,ieee,8,fp64,paired_log_uniform_finite,gemv,full_lut_global,30,0.143904001,0.142399997,0.145664006
e6m1,ieee,8,fp64,paired_log_uniform_finite,gemv,full_lut_shared,30,0.136239998,0.135008007,0.144160002
e6m9,ieee,16,fp32,field_balanced_finite,dot,direct_branchy,30,0.910112023,0.907455981,0.914528012
e6m9,ieee,16,fp32,field_balanced_finite,dot,full_lut_global,30,0.516464025,0.514240026,0.518944025
e6m9,ieee,16,fp32,field_balanced_finite,dot,prefix_lut_global,30,0.939855993,0.937088013,0.945216
e6m9,ieee,16,fp32,field_balanced_finite,gemv,direct_branchy,30,0.200383998,0.198688,0.202879995
e6m9,ieee,16,fp32,field_balanced_finite,gemv,full_lut_global,30,0.177455999,0.175871998,0.180575997
e6m9,ieee,16,fp32,field_balanced_finite,gemv,prefix_lut_global,30,0.207968004,0.206847996,0.210592002
e6m9,ieee,16,fp32,paired_log_uniform_finite,dot,direct_branchy,30,0.99495998,0.992864013,0.998655975
e6m9,ieee,16,fp32,paired_log_uniform_finite,dot,full_lut_global,30,0.650543987,0.639136016,0.659359992
e6m9,ieee,16,fp32,paired_log_uniform_finite,dot,prefix_lut_global,30,1.04185605,1.03878403,1.04582405
e6m9,ieee,16,fp32,paired_log_uniform_finite,gemv,direct_branchy,30,0.257615998,0.251168013,0.263711989
e6m9,ieee,16,fp32,paired_log_uniform_finite,gemv,full_lut_global,30,0.257200003,0.254400015,0.259936005
e6m9,ieee,16,fp32,paired_log_uniform_finite,gemv,prefix_lut_global,30,0.273951993,0.265376002,0.280896008
e6m9,ieee,16,fp64,field_balanced_finite,dot,direct_branchy,30,0.926096022,0.923648,0.929696023
e6m9,ieee,16,fp64,field_balanced_finite,dot,full_lut_global,30,0.524672002,0.521983981,0.529344022
e6m9,ieee,16,fp64,field_balanced_finite,dot,prefix_lut_global,30,0.97169599,0.969120026,0.973919988
e6m9,ieee,16,fp64,field_balanced_finite,gemv,direct_branchy,30,0.232239999,0.223168001,0.238015994
e6m9,ieee,16,fp64,field_balanced_finite,gemv,full_lut_global,30,0.187776,0.184992,0.190559998
e6m9,ieee,16,fp64,field_balanced_finite,gemv,prefix_lut_global,30,0.248400002,0.239807993,0.253439993
e6m9,ieee,16,fp64,paired_log_uniform_finite,dot,direct_branchy,30,1.03329599,1.02889597,1.03932798
e6m9,ieee,16,fp64,paired_log_uniform_finite,dot,full_lut_global,30,0.763952016,0.758463979,0.772383988
e6m9,ieee,16,fp64,paired_log_uniform_finite,dot,prefix_lut_global,30,1.12351995,1.11955202,1.12531197
e6m9,ieee,16,fp64,paired_log_uniform_finite,gemv,direct_branchy,30,0.360959992,0.358175993,0.366719991
e6m9,ieee,16,fp64,paired_log_uniform_finite,gemv,full_lut_global,30,0.682240009,0.673759997,0.688639998
e6m9,ieee,16,fp64,paired_log_uniform_finite,gemv,prefix_lut_global,30,0.384304002,0.381664008,0.387935996
e8m5,ieee,14,fp32,field_balanced_finite,dot,direct_branchy,30,0.486944005,0.484544009,0.490175992
e8m5,ieee,14,fp32,field_balanced_finite,dot,full_lut_global,30,0.526576012,0.524320006,0.529824018
e8m5,ieee,14,fp32,field_balanced_finite,dot,full_lut_shared,30,1.01793599,1.01484799,1.02419198
e8m5,ieee,14,fp32,field_balanced_finite,gemv,direct_branchy,30,0.155536003,0.153727993,0.160543993
e8m5,ieee,14,fp32,field_balanced_finite,gemv,full_lut_global,30,0.195600003,0.191487998,0.198783994
e8m5,ieee,14,fp32,field_balanced_finite,gemv,full_lut_shared,30,0.406720012,0.403008014,0.408991992
e8m5,ieee,14,fp32,paired_log_uniform_finite,dot,direct_branchy,30,0.486527994,0.483103991,0.491167992
e8m5,ieee,14,fp32,paired_log_uniform_finite,dot,full_lut_global,30,0.59969601,0.597024024,0.603999972
e8m5,ieee,14,fp32,paired_log_uniform_finite,dot,full_lut_shared,30,1.02616,1.02284801,1.02982402
e8m5,ieee,14,fp32,paired_log_uniform_finite,gemv,direct_branchy,30,0.156959996,0.155423999,0.161727995
e8m5,ieee,14,fp32,paired_log_uniform_finite,gemv,full_lut_global,30,0.281728015,0.279711992,0.283679992
e8m5,ieee,14,fp32,paired_log_uniform_finite,gemv,full_lut_shared,30,0.410431996,0.406495988,0.414016008
fp16_e5m10,ieee,16,fp32,field_balanced_finite,dot,full_lut_global,30,0.516240001,0.513599992,0.519775987
fp16_e5m10,ieee,16,fp32,field_balanced_finite,dot,native_scalar,30,0.489904002,0.486975998,0.494143993
fp16_e5m10,ieee,16,fp32,field_balanced_finite,gemv,full_lut_global,30,0.171840005,0.165472001,0.176607996
fp16_e5m10,ieee,16,fp32,field_balanced_finite,gemv,native_scalar,30,0.114736002,0.113760002,0.117760003
fp16_e5m10,ieee,16,fp32,paired_log_uniform_finite,dot,full_lut_global,30,0.643824011,0.630879998,0.659839988
fp16_e5m10,ieee,16,fp32,paired_log_uniform_finite,dot,native_scalar,30,0.489759997,0.48694399,0.493696004
fp16_e5m10,ieee,16,fp32,paired_log_uniform_finite,gemv,full_lut_global,30,0.248704001,0.246271998,0.250367999
fp16_e5m10,ieee,16,fp32,paired_log_uniform_finite,gemv,native_scalar,30,0.114416,0.113568,0.117087997
fp16_e5m10,ieee,16,fp64,field_balanced_finite,dot,full_lut_global,30,0.524560005,0.521824002,0.52867198
fp16_e5m10,ieee,16,fp64,field_balanced_finite,dot,native_scalar,30,0.500479996,0.498239994,0.503808022
fp16_e5m10,ieee,16,fp64,field_balanced_finite,gemv,full_lut_global,30,0.184912004,0.179775998,0.189408004
fp16_e5m10,ieee,16,fp64,field_balanced_finite,gemv,native_scalar,30,0.118319999,0.117247999,0.121983998
fp16_e5m10,ieee,16,fp64,paired_log_uniform_finite,dot,full_lut_global,30,0.746399999,0.74140799,0.751232028
fp16_e5m10,ieee,16,fp64,paired_log_uniform_finite,dot,native_scalar,30,0.500463993,0.497215986,0.50624001
fp16_e5m10,ieee,16,fp64,paired_log_uniform_finite,gemv,full_lut_global,30,0.662447989,0.656736016,0.671487987
fp16_e5m10,ieee,16,fp64,paired_log_uniform_finite,gemv,native_scalar,30,0.118303999,0.117472,0.120959997
fp32_e8m23,ieee,32,fp32,field_balanced_finite,dot,native_scalar,30,0.520063996,0.517472029,0.523039997
fp32_e8m23,ieee,32,fp32,field_balanced_finite,gemv,native_scalar,30,0.122175999,0.121344,0.125535995
fp32_e8m23,ieee,32,fp32,paired_log_uniform_finite,dot,native_scalar,30,0.520144016,0.517759979,0.523584008
fp32_e8m23,ieee,32,fp32,paired_log_uniform_finite,gemv,native_scalar,30,0.122191999,0.121247999,0.124480002
fp32_e8m23,ieee,32,fp64,field_balanced_finite,dot,native_scalar,30,0.525663972,0.523424029,0.528800011
fp32_e8m23,ieee,32,fp64,field_balanced_finite,gemv,native_scalar,30,0.123935997,0.123199999,0.127583995
fp32_e8m23,ieee,32,fp64,paired_log_uniform_finite,dot,native_scalar,30,0.526495993,0.523808002,0.530623972
fp32_e8m23,ieee,32,fp64,paired_log_uniform_finite,gemv,native_scalar,30,0.124159999,0.123264,0.126880005
fp8_e4m3,ieee,8,fp32,field_balanced_finite,dot,full_lut_global,30,0.499664009,0.497664005,0.502752006
fp8_e4m3,ieee,8,fp32,field_balanced_finite,dot,full_lut_shared,30,0.488912001,0.48665601,0.491584003
fp8_e4m3,ieee,8,fp32,field_balanced_finite,dot,native_scalar,30,0.476400003,0.474016011,0.479328007
fp8_e4m3,ieee,8,fp32,field_balanced_finite,gemv,full_lut_global,30,0.120143999,0.118943997,0.121344
fp8_e4m3,ieee,8,fp32,field_balanced_finite,gemv,full_lut_shared,30,0.116512001,0.115616001,0.118624002
fp8_e4m3,ieee,8,fp32,field_balanced_finite,gemv,native_scalar,30,0.113135998,0.112032004,0.116191998
fp8_e4m3,ieee,8,fp32,lut_concentrated_control,dot,full_lut_global,30,0.498847991,0.495584011,0.500864029
fp8_e4m3,ieee,8,fp32,lut_concentrated_control,dot,full_lut_shared,30,0.488608003,0.486368001,0.490848005
fp8_e4m3,ieee,8,fp32,lut_concentrated_control,gemv,full_lut_global,30,0.119951997,0.118911996,0.121600002
fp8_e4m3,ieee,8,fp32,lut_concentrated_control,gemv,full_lut_shared,30,0.115952,0.114848003,0.117760003
fp8_e4m3,ieee,8,fp32,lut_scattered_control,dot,full_lut_global,30,0.499183997,0.497536004,0.502431989
fp8_e4m3,ieee,8,fp32,lut_scattered_control,dot,full_lut_shared,30,0.487552002,0.485536009,0.490527987
fp8_e4m3,ieee,8,fp32,lut_scattered_control,gemv,full_lut_global,30,0.120063998,0.118943997,0.121440001
fp8_e4m3,ieee,8,fp32,lut_scattered_control,gemv,full_lut_shared,30,0.115968001,0.114848003,0.117247999
fp8_e4m3,ieee,8,fp32,paired_log_uniform_finite,dot,full_lut_global,30,0.501904011,0.499071985,0.503391981
fp8_e4m3,ieee,8,fp32,paired_log_uniform_finite,dot,full_lut_shared,30,0.487471998,0.484928012,0.490592003
fp8_e4m3,ieee,8,fp32,paired_log_uniform_finite,dot,native_scalar,30,0.476480007,0.474112004,0.482463986
fp8_e4m3,ieee,8,fp32,paired_log_uniform_finite,gemv,full_lut_global,30,0.121616003,0.120127998,0.123199999
fp8_e4m3,ieee,8,fp32,paired_log_uniform_finite,gemv,full_lut_shared,30,0.117151998,0.116672002,0.118368
fp8_e4m3,ieee,8,fp32,paired_log_uniform_finite,gemv,native_scalar,30,0.112944003,0.112223998,0.115999997
fp8_e4m3,ieee,8,fp64,field_balanced_finite,dot,full_lut_global,30,0.504496008,0.501663983,0.50851202
fp8_e4m3,ieee,8,fp64,field_balanced_finite,dot,full_lut_shared,30,0.488703996,0.486144006,0.491167992
fp8_e4m3,ieee,8,fp64,field_balanced_finite,dot,native_scalar,30,0.489424005,0.487488002,0.493696004
fp8_e4m3,ieee,8,fp64,field_balanced_finite,gemv,full_lut_global,30,0.123231999,0.122432001,0.125632003
fp8_e4m3,ieee,8,fp64,field_balanced_finite,gemv,full_lut_shared,30,0.117983997,0.116384,0.119295999
fp8_e4m3,ieee,8,fp64,field_balanced_finite,gemv,native_scalar,30,0.117199998,0.116384,0.120736003
fp8_e4m3,ieee,8,fp64,lut_concentrated_control,dot,full_lut_global,30,0.499952003,0.497184008,0.501984
fp8_e4m3,ieee,8,fp64,lut_concentrated_control,dot,full_lut_shared,30,0.488959998,0.486400008,0.493088007
fp8_e4m3,ieee,8,fp64,lut_concentrated_control,gemv,full_lut_global,30,0.122063998,0.121119998,0.125440001
fp8_e4m3,ieee,8,fp64,lut_concentrated_control,gemv,full_lut_shared,30,0.117007997,0.115808003,0.118239999
fp8_e4m3,ieee,8,fp64,lut_scattered_control,dot,full_lut_global,30,0.500320017,0.498463988,0.503744006
fp8_e4m3,ieee,8,fp64,lut_scattered_control,dot,full_lut_shared,30,0.489552006,0.487616003,0.493728012
fp8_e4m3,ieee,8,fp64,lut_scattered_control,gemv,full_lut_global,30,0.122191999,0.121151999,0.123903997
fp8_e4m3,ieee,8,fp64,lut_scattered_control,gemv,full_lut_shared,30,0.116927996,0.116191998,0.118432
fp8_e4m3,ieee,8,fp64,paired_log_uniform_finite,dot,full_lut_global,30,0.524000019,0.520543993,0.527487993
fp8_e4m3,ieee,8,fp64,paired_log_uniform_finite,dot,full_lut_shared,30,0.502095998,0.499520004,0.504576027
fp8_e4m3,ieee,8,fp64,paired_log_uniform_finite,dot,native_scalar,30,0.489663988,0.487136006,0.495072007
fp8_e4m3,ieee,8,fp64,paired_log_uniform_finite,gemv,full_lut_global,30,0.144432001,0.143519998,0.145919994
fp8_e4m3,ieee,8,fp64,paired_log_uniform_finite,gemv,full_lut_shared,30,0.137359999,0.135936007,0.139200002
fp8_e4m3,ieee,8,fp64,paired_log_uniform_finite,gemv,native_scalar,30,0.117167998,0.116255999,0.120352
fp8_e5m2,ieee,8,fp32,field_balanced_finite,dot,full_lut_global,30,0.499135985,0.496672004,0.50128001
fp8_e5m2,ieee,8,fp32,field_balanced_finite,dot,full_lut_shared,30,0.488704011,0.486144006,0.490655988
fp8_e5m2,ieee,8,fp32,field_balanced_finite,dot,native_scalar,30,0.476031989,0.473567992,0.481824011
fp8_e5m2,ieee,8,fp32,field_balanced_finite,gemv,full_lut_global,30,0.119903996,0.119167998,0.121600002
fp8_e5m2,ieee,8,fp32,field_balanced_finite,gemv,full_lut_shared,30,0.116143998,0.115231998,0.118143998
fp8_e5m2,ieee,8,fp32,field_balanced_finite,gemv,native_scalar,30,0.112960003,0.111808002,0.115999997
fp8_e5m2,ieee,8,fp32,paired_log_uniform_finite,dot,full_lut_global,30,0.501264006,0.499359995,0.504224002
fp8_e5m2,ieee,8,fp32,paired_log_uniform_finite,dot,full_lut_shared,30,0.48694399,0.484928012,0.491071999
fp8_e5m2,ieee,8,fp32,paired_log_uniform_finite,dot,native_scalar,30,0.476704002,0.473791987,0.483808011
fp8_e5m2,ieee,8,fp32,paired_log_uniform_finite,gemv,full_lut_global,30,0.121376,0.120191999,0.123103999
fp8_e5m2,ieee,8,fp32,paired_log_uniform_finite,gemv,full_lut_shared,30,0.117135998,0.116544001,0.118880004
fp8_e5m2,ieee,8,fp32,paired_log_uniform_finite,gemv,native_scalar,30,0.112816002,0.111712001,0.115999997
fp8_e5m2,ieee,8,fp64,field_balanced_finite,dot,full_lut_global,30,0.503935992,0.501600027,0.50624001
fp8_e5m2,ieee,8,fp64,field_balanced_finite,dot,full_lut_shared,30,0.487936005,0.486207992,0.491807997
fp8_e5m2,ieee,8,fp64,field_balanced_finite,dot,native_scalar,30,0.489327997,0.487103999,0.493055999
fp8_e5m2,ieee,8,fp64,field_balanced_finite,gemv,full_lut_global,30,0.12328,0.122432001,0.124959998
fp8_e5m2,ieee,8,fp64,field_balanced_finite,gemv,full_lut_shared,30,0.117776003,0.116287999,0.119039997
fp8_e5m2,ieee,8,fp64,field_balanced_finite,gemv,native_scalar,30,0.116896,0.116351999,0.120544001
fp8_e5m2,ieee,8,fp64,paired_log_uniform_finite,dot,full_lut_global,30,0.523088009,0.520352006,0.526592016
fp8_e5m2,ieee,8,fp64,paired_log_uniform_finite,dot,full_lut_shared,30,0.501231998,0.497471988,0.503679991
fp8_e5m2,ieee,8,fp64,paired_log_uniform_finite,dot,native_scalar,30,0.489263996,0.486912012,0.494399995
fp8_e5m2,ieee,8,fp64,paired_log_uniform_finite,gemv,full_lut_global,30,0.143823996,0.142816007,0.145503998
fp8_e5m2,ieee,8,fp64,paired_log_uniform_finite,gemv,full_lut_shared,30,0.137103997,0.136096001,0.139584005
fp8_e5m2,ieee,8,fp64,paired_log_uniform_finite,gemv,native_scalar,30,0.117199998,0.116191998,0.120704003
posit14_es1,posit,14,fp32,field_balanced_finite,dot,direct,30,1.40371204,1.39945602,1.41068804
posit14_es1,posit,14,fp32,field_balanced_finite,dot,full_lut_global,30,0.525024027,0.520543993,0.528064013
posit14_es1,posit,14,fp32,field_balanced_finite,dot,full_lut_shared,30,1.01499199,1.01158404,1.01974404
posit14_es1,posit,14,fp32,field_balanced_finite,gemv,direct,30,0.636063993,0.63369602,0.639999986
posit14_es1,posit,14,fp32,field_balanced_finite,gemv,full_lut_global,30,0.189087995,0.185407996,0.191359997
posit14_es1,posit,14,fp32,field_balanced_finite,gemv,full_lut_shared,30,0.399984002,0.395135999,0.410144001
posit14_es1,posit,14,fp32,lut_concentrated_control,dot,full_lut_global,30,0.525296002,0.522239983,0.529215991
posit14_es1,posit,14,fp32,lut_concentrated_control,dot,full_lut_shared,30,1.01359999,1.010432,1.01743996
posit14_es1,posit,14,fp32,lut_concentrated_control,gemv,full_lut_global,30,0.189039998,0.187455997,0.191872001
posit14_es1,posit,14,fp32,lut_concentrated_control,gemv,full_lut_shared,30,0.406320006,0.402624011,0.408832014
posit14_es1,posit,14,fp32,lut_scattered_control,dot,full_lut_global,30,0.540367991,0.536768019,0.543519974
posit14_es1,posit,14,fp32,lut_scattered_control,dot,full_lut_shared,30,1.00854397,1.00387204,1.01772797
posit14_es1,posit,14,fp32,lut_scattered_control,gemv,full_lut_global,30,0.178464003,0.176927999,0.181408003
posit14_es1,posit,14,fp32,lut_scattered_control,gemv,full_lut_shared,30,0.404688,0.399488002,0.407487988
posit14_es1,posit,14,fp32,paired_log_uniform_finite,dot,direct,30,1.404176,1.39779198,1.40931201
posit14_es1,posit,14,fp32,paired_log_uniform_finite,dot,full_lut_global,30,0.561935991,0.559135973,0.568288028
posit14_es1,posit,14,fp32,paired_log_uniform_finite,dot,full_lut_shared,30,1.02201599,1.01696002,1.02905595
posit14_es1,posit,14,fp32,paired_log_uniform_finite,gemv,direct,30,0.636352003,0.634047985,0.640576005
posit14_es1,posit,14,fp32,paired_log_uniform_finite,gemv,full_lut_global,30,0.21576,0.21424,0.217984006
posit14_es1,posit,14,fp32,paired_log_uniform_finite,gemv,full_lut_shared,30,0.40776001,0.404736012,0.411808014
posit14_es1,posit,14,fp64,field_balanced_finite,dot,direct,30,1.401088,1.39683199,1.40787196
posit14_es1,posit,14,fp64,field_balanced_finite,dot,full_lut_global,30,0.533663988,0.531584024,0.536159992
posit14_es1,posit,14,fp64,field_balanced_finite,dot,full_lut_shared,30,2.03927993,2.03622389,2.0444479
posit14_es1,posit,14,fp64,field_balanced_finite,gemv,direct,30,0.649343997,0.645247996,0.65398401
posit14_es1,posit,14,fp64,field_balanced_finite,gemv,full_lut_global,30,0.196560003,0.193440005,0.201471999
posit14_es1,posit,14,fp64,field_balanced_finite,gemv,full_lut_shared,30,0.989216,0.984607995,1.014624
posit14_es1,posit,14,fp64,lut_concentrated_control,dot,full_lut_global,30,0.531231999,0.528768003,0.536288023
posit14_es1,posit,14,fp64,lut_concentrated_control,dot,full_lut_shared,30,2.02735996,2.02012801,2.03135991
posit14_es1,posit,14,fp64,lut_concentrated_control,gemv,full_lut_global,30,0.192656003,0.190944001,0.194432005
posit14_es1,posit,14,fp64,lut_concentrated_control,gemv,full_lut_shared,30,0.999760002,0.996288002,1.00691199
posit14_es1,posit,14,fp64,lut_scattered_control,dot,full_lut_global,30,0.547215998,0.543392003,0.550112009
posit14_es1,posit,14,fp64,lut_scattered_control,dot,full_lut_shared,30,2.01419199,2.00777602,2.02982402
posit14_es1,posit,14,fp64,lut_scattered_control,gemv,full_lut_global,30,0.192223996,0.188480005,0.198911995
posit14_es1,posit,14,fp64,lut_scattered_control,gemv,full_lut_shared,30,0.976783991,0.974207997,1.00748801
posit14_es1,posit,14,fp64,paired_log_uniform_finite,dot,direct,30,1.40126401,1.39740801,1.40604806
posit14_es1,posit,14,fp64,paired_log_uniform_finite,dot,full_lut_global,30,0.58416,0.58047998,0.587808013
posit14_es1,posit,14,fp64,paired_log_uniform_finite,dot,full_lut_shared,30,2.05196798,2.04396796,2.0703361
posit14_es1,posit,14,fp64,paired_log_uniform_finite,gemv,direct,30,0.652464002,0.648800015,0.656799972
posit14_es1,posit,14,fp64,paired_log_uniform_finite,gemv,full_lut_global,30,0.243552,0.240704,0.245215997
posit14_es1,posit,14,fp64,paired_log_uniform_finite,gemv,full_lut_shared,30,1.00233602,0.999199986,1.02828801
posit16_es1,posit,16,fp32,field_balanced_finite,dot,direct,30,1.35779196,1.35472,1.36569595
posit16_es1,posit,16,fp32,field_balanced_finite,dot,full_lut_global,30,0.517632008,0.515392005,0.519551992
posit16_es1,posit,16,fp32,field_balanced_finite,gemv,direct,30,0.568639993,0.567008018,0.572640002
posit16_es1,posit,16,fp32,field_balanced_finite,gemv,full_lut_global,30,0.153839998,0.151935995,0.155616
posit16_es1,posit,16,fp32,paired_log_uniform_finite,dot,direct,30,1.35924799,1.35481596,1.36572802
posit16_es1,posit,16,fp32,paired_log_uniform_finite,dot,full_lut_global,30,0.619760006,0.594304025,0.635936022
posit16_es1,posit,16,fp32,paired_log_uniform_finite,gemv,direct,30,0.569759995,0.567647994,0.572160006
posit16_es1,posit,16,fp32,paired_log_uniform_finite,gemv,full_lut_global,30,0.201824002,0.200576007,0.207200006
posit16_es1,posit,16,fp64,field_balanced_finite,dot,direct,30,1.36051202,1.35667205,1.36636806
posit16_es1,posit,16,fp64,field_balanced_finite,dot,full_lut_global,30,0.513200015,0.509855986,0.516735971
posit16_es1,posit,16,fp64,field_balanced_finite,gemv,direct,30,0.584560007,0.580832005,0.590528011
posit16_es1,posit,16,fp64,field_balanced_finite,gemv,full_lut_global,30,0.167583994,0.165920004,0.169183999
posit16_es1,posit,16,fp64,paired_log_uniform_finite,dot,direct,30,1.36131203,1.35699201,1.36796796
posit16_es1,posit,16,fp64,paired_log_uniform_finite,dot,full_lut_global,30,0.665408015,0.660543978,0.669312
posit16_es1,posit,16,fp64,paired_log_uniform_finite,gemv,direct,30,0.584031999,0.58047998,0.587808013
posit16_es1,posit,16,fp64,paired_log_uniform_finite,gemv,full_lut_global,30,0.236432001,0.235072002,0.238655999
posit32_es2,posit,32,fp32,field_balanced_finite,dot,direct,30,1.49763203,1.49244797,1.508672
posit32_es2,posit,32,fp32,field_balanced_finite,gemv,direct,30,0.597488016,0.595071971,0.600383997
posit32_es2,posit,32,fp32,paired_log_uniform_finite,dot,direct,30,1.694336,1.69024003,1.70505595
posit32_es2,posit,32,fp32,paired_log_uniform_finite,gemv,direct,30,0.740096003,0.738175988,0.745055974
posit32_es2,posit,32,fp64,field_balanced_finite,dot,direct,30,1.376768,1.37212801,1.385728
posit32_es2,posit,32,fp64,field_balanced_finite,gemv,direct,30,0.576767981,0.574015975,0.581632018
posit32_es2,posit,32,fp64,paired_log_uniform_finite,dot,direct,30,1.37727999,1.37241602,1.38457596
posit32_es2,posit,32,fp64,paired_log_uniform_finite,gemv,direct,30,0.579296023,0.575872004,0.583775997
posit8_es0,posit,8,fp32,field_balanced_finite,dot,direct,30,1.34969598,1.34419203,1.35692799
posit8_es0,posit,8,fp32,field_balanced_finite,dot,full_lut_global,30,0.499216006,0.497184008,0.503359973
posit8_es0,posit,8,fp32,field_balanced_finite,dot,full_lut_shared,30,0.489183992,0.486752003,0.493247986
posit8_es0,posit,8,fp32,field_balanced_finite,gemv,direct,30,0.556639999,0.554911971,0.559711993
posit8_es0,posit,8,fp32,field_balanced_finite,gemv,full_lut_global,30,0.119696003,0.118207999,0.122207999
posit8_es0,posit,8,fp32,field_balanced_finite,gemv,full_lut_shared,30,0.115999997,0.115071997,0.118239999
posit8_es0,posit,8,fp32,lut_concentrated_control,dot,full_lut_global,30,0.49927999,0.496960014,0.501727998
posit8_es0,posit,8,fp32,lut_concentrated_control,dot,full_lut_shared,30,0.488256007,0.486272007,0.490943998
posit8_es0,posit,8,fp32,lut_concentrated_control,gemv,full_lut_global,30,0.120127998,0.119103998,0.121376
posit8_es0,posit,8,fp32,lut_concentrated_control,gemv,full_lut_shared,30,0.115776002,0.114975996,0.117055997
posit8_es0,posit,8,fp32,lut_scattered_control,dot,full_lut_global,30,0.498928011,0.497536004,0.501024008
posit8_es0,posit,8,fp32,lut_scattered_control,dot,full_lut_shared,30,0.488064006,0.486368001,0.490464002
posit8_es0,posit,8,fp32,lut_scattered_control,gemv,full_lut_global,30,0.119951997,0.119135998,0.121919997
posit8_es0,posit,8,fp32,lut_scattered_control,gemv,full_lut_shared,30,0.116015997,0.115039997,0.117696002
posit8_es0,posit,8,fp32,paired_log_uniform_finite,dot,direct,30,1.34868801,1.3448,1.354496
posit8_es0,posit,8,fp32,paired_log_uniform_finite,dot,full_lut_global,30,0.501215994,0.498400003,0.503935993
posit8_es0,posit,8,fp32,paired_log_uniform_finite,dot,full_lut_shared,30,0.487248003,0.484223992,0.490240008
posit8_es0,posit,8,fp32,paired_log_uniform_finite,gemv,direct,30,0.555920005,0.554848015,0.560352027
posit8_es0,posit,8,fp32,paired_log_uniform_finite,gemv,full_lut_global,30,0.120528002,0.11936,0.122528002
posit8_es0,posit,8,fp32,paired_log_uniform_finite,gemv,full_lut_shared,30,0.116896,0.115967996,0.118720002
posit8_es0,posit,8,fp64,field_balanced_finite,dot,direct,30,1.356368,1.35347199,1.36793602
posit8_es0,posit,8,fp64,field_balanced_finite,dot,full_lut_global,30,0.500463992,0.498975992,0.503391981
posit8_es0,posit,8,fp64,field_balanced_finite,dot,full_lut_shared,30,0.48935999,0.486528009,0.494783998
posit8_es0,posit,8,fp64,field_balanced_finite,gemv,direct,30,0.563551992,0.559584022,0.56627202
posit8_es0,posit,8,fp64,field_balanced_finite,gemv,full_lut_global,30,0.121167999,0.119328,0.122239999
posit8_es0,posit,8,fp64,field_balanced_finite,gemv,full_lut_shared,30,0.117311999,0.116608001,0.119103998
posit8_es0,posit,8,fp64,lut_concentrated_control,dot,full_lut_global,30,0.500431985,0.498367995,0.504288018
posit8_es0,posit,8,fp64,lut_concentrated_control,dot,full_lut_shared,30,0.489040003,0.486847997,0.492063999
posit8_es0,posit,8,fp64,lut_concentrated_control,gemv,full_lut_global,30,0.122047998,0.121183999,0.123360001
posit8_es0,posit,8,fp64,lut_concentrated_control,gemv,full_lut_shared,30,0.117008001,0.116095997,0.118528001
posit8_es0,posit,8,fp64,lut_scattered_control,dot,full_lut_global,30,0.499984011,0.497503996,0.50227201
posit8_es0,posit,8,fp64,lut_scattered_control,dot,full_lut_shared,30,0.488943994,0.486784011,0.491744012
posit8_es0,posit,8,fp64,lut_scattered_control,gemv,full_lut_global,30,0.122095998,0.121215999,0.123776004
posit8_es0,posit,8,fp64,lut_scattered_control,gemv,full_lut_shared,30,0.117103998,0.116127998,0.118943997
posit8_es0,posit,8,fp64,paired_log_uniform_finite,dot,direct,30,1.35726398,1.35353601,1.36323202
posit8_es0,posit,8,fp64,paired_log_uniform_finite,dot,full_lut_global,30,0.518687993,0.516416013,0.522015989
posit8_es0,posit,8,fp64,paired_log_uniform_finite,dot,full_lut_shared,30,0.498208001,0.496255994,0.499776006
posit8_es0,posit,8,fp64,paired_log_uniform_finite,gemv,direct,30,0.560847998,0.558463991,0.56614399
posit8_es0,posit,8,fp64,paired_log_uniform_finite,gemv,full_lut_global,30,0.143760003,0.139520004,0.145855993
posit8_es0,posit,8,fp64,paired_log_uniform_finite,gemv,full_lut_shared,30,0.133999996,0.131968006,0.136319995
takum14,takum,14,fp32,field_balanced_finite,dot,direct,30,1.24191999,1.23635197,1.25017595
takum14,takum,14,fp32,field_balanced_finite,dot,full_lut_global,30,0.525215983,0.523231983,0.528608024
takum14,takum,14,fp32,field_balanced_finite,dot,full_lut_shared,30,1.015216,1.01235199,1.01987195
takum14,takum,14,fp32,field_balanced_finite,gemv,direct,30,0.529872,0.527072012,0.532832026
takum14,takum,14,fp32,field_balanced_finite,gemv,full_lut_global,30,0.1844,0.176863998,0.186880007
takum14,takum,14,fp32,field_balanced_finite,gemv,full_lut_shared,30,0.401968002,0.397792011,0.410239995
takum14,takum,14,fp32,lut_concentrated_control,dot,full_lut_global,30,0.524944008,0.521568,0.526848018
takum14,takum,14,fp32,lut_concentrated_control,dot,full_lut_shared,30,1.01390397,1.01113605,1.01792002
takum14,takum,14,fp32,lut_concentrated_control,gemv,full_lut_global,30,0.189007997,0.187040001,0.191487998
takum14,takum,14,fp32,lut_concentrated_control,gemv,full_lut_shared,30,0.406304002,0.402527988,0.408800006
takum14,takum,14,fp32,lut_scattered_control,dot,full_lut_global,30,0.539151997,0.535935998,0.54441601
takum14,takum,14,fp32,lut_scattered_control,dot,full_lut_shared,30,1.00729596,1.00383997,1.01804805
takum14,takum,14,fp32,lut_scattered_control,gemv,full_lut_global,30,0.180095993,0.179008007,0.183520004
takum14,takum,14,fp32,lut_scattered_control,gemv,full_lut_shared,30,0.40404801,0.400575995,0.408895999
takum14,takum,14,fp32,paired_log_uniform_finite,dot,direct,30,1.418096,1.41241598,1.42342401
takum14,takum,14,fp32,paired_log_uniform_finite,dot,full_lut_global,30,0.589776009,0.586624026,0.593119979
takum14,takum,14,fp32,paired_log_uniform_finite,dot,full_lut_shared,30,1.02100802,1.01539195,1.02982402
takum14,takum,14,fp32,paired_log_uniform_finite,gemv,direct,30,0.628048003,0.625407994,0.633632004
takum14,takum,14,fp32,paired_log_uniform_finite,gemv,full_lut_global,30,0.269551992,0.268128008,0.271295995
takum14,takum,14,fp32,paired_log_uniform_finite,gemv,full_lut_shared,30,0.408096001,0.404415995,0.41228801
takum14,takum,14,fp64,field_balanced_finite,dot,direct,30,1.23473603,1.23110402,1.23958397
takum14,takum,14,fp64,field_balanced_finite,dot,full_lut_global,30,0.533375978,0.531199992,0.536704004
takum14,takum,14,fp64,field_balanced_finite,dot,full_lut_shared,30,2.03750408,2.03161597,2.04387212
takum14,takum,14,fp64,field_balanced_finite,gemv,direct,30,0.539135992,0.534847975,0.54755199
takum14,takum,14,fp64,field_balanced_finite,gemv,full_lut_global,30,0.204895995,0.185471997,0.207775995
takum14,takum,14,fp64,field_balanced_finite,gemv,full_lut_shared,30,0.987823993,0.985184014,1.015872
takum14,takum,14,fp64,lut_concentrated_control,dot,full_lut_global,30,0.53094402,0.528544009,0.533984005
takum14,takum,14,fp64,lut_concentrated_control,dot,full_lut_shared,30,2.02596796,2.02105594,2.029248
takum14,takum,14,fp64,lut_concentrated_control,gemv,full_lut_global,30,0.192111998,0.190559998,0.194848001
takum14,takum,14,fp64,lut_concentrated_control,gemv,full_lut_shared,30,0.999311983,0.997215986,1.00812805
takum14,takum,14,fp64,lut_scattered_control,dot,full_lut_global,30,0.547023981,0.542879999,0.549759984
takum14,takum,14,fp64,lut_scattered_control,dot,full_lut_shared,30,2.01435196,2.007936,2.02556801
takum14,takum,14,fp64,lut_scattered_control,gemv,full_lut_global,30,0.191263996,0.18784,0.197152004
takum14,takum,14,fp64,lut_scattered_control,gemv,full_lut_shared,30,0.976559997,0.973280013,1.00713599
takum14,takum,14,fp64,paired_log_uniform_finite,dot,direct,30,1.23467201,1.231552,1.23859203
takum14,takum,14,fp64,paired_log_uniform_finite,dot,full_lut_global,30,0.609407991,0.605952024,0.613600016
takum14,takum,14,fp64,paired_log_uniform_finite,dot,full_lut_shared,30,2.05427194,2.04604793,2.06543994
takum14,takum,14,fp64,paired_log_uniform_finite,gemv,direct,30,0.540672004,0.536512017,0.543648005
takum14,takum,14,fp64,paired_log_uniform_finite,gemv,full_lut_global,30,0.282127992,0.280223995,0.285344005
takum14,takum,14,fp64,paired_log_uniform_finite,gemv,full_lut_shared,30,1.00636798,1.00233603,1.02927995
takum16,takum,16,fp32,field_balanced_finite,dot,direct,30,1.21571195,1.21142399,1.22227204
takum16,takum,16,fp32,field_balanced_finite,dot,full_lut_global,30,0.516640007,0.514527977,0.520031989
takum16,takum,16,fp32,field_balanced_finite,gemv,direct,30,0.490367993,0.488191992,0.493055999
takum16,takum,16,fp32,field_balanced_finite,gemv,full_lut_global,30,0.188255995,0.182944,0.194304004
takum16,takum,16,fp32,paired_log_uniform_finite,dot,direct,30,1.39832002,1.39331198,1.40214396
takum16,takum,16,fp32,paired_log_uniform_finite,dot,full_lut_global,30,0.635919988,0.607711971,0.685952008
takum16,takum,16,fp32,paired_log_uniform_finite,gemv,direct,30,0.584463984,0.58246398,0.587967992
takum16,takum,16,fp32,paired_log_uniform_finite,gemv,full_lut_global,30,0.242783993,0.241664007,0.245056003
takum16,takum,16,fp64,field_balanced_finite,dot,direct,30,1.21152002,1.20752001,1.21519995
takum16,takum,16,fp64,field_balanced_finite,dot,full_lut_global,30,0.507536024,0.50553602,0.510528028
takum16,takum,16,fp64,field_balanced_finite,gemv,direct,30,0.48820801,0.486016005,0.494879991
takum16,takum,16,fp64,field_balanced_finite,gemv,full_lut_global,30,0.202416002,0.197536007,0.210623994
takum16,takum,16,fp64,paired_log_uniform_finite,dot,direct,30,1.21153599,1.20780802,1.21811199
takum16,takum,16,fp64,paired_log_uniform_finite,dot,full_lut_global,30,0.700144023,0.697055995,0.704671979
takum16,takum,16,fp64,paired_log_uniform_finite,gemv,direct,30,0.489807993,0.486719996,0.493631989
takum16,takum,16,fp64,paired_log_uniform_finite,gemv,full_lut_global,30,0.305312007,0.300704002,0.310400009
takum32,takum,32,fp32,field_balanced_finite,dot,direct,30,1.45104002,1.44544005,1.45791996
takum32,takum,32,fp32,field_balanced_finite,gemv,direct,30,0.571696013,0.568032026,0.581215978
takum32,takum,32,fp32,paired_log_uniform_finite,dot,direct,30,2.05776,2.05046391,2.06681609
takum32,takum,32,fp32,paired_log_uniform_finite,gemv,direct,30,0.851024002,0.84928,0.854048014
takum32,takum,32,fp64,field_balanced_finite,dot,direct,30,1.19214404,1.19033599,1.20044804
takum32,takum,32,fp64,field_balanced_finite,gemv,direct,30,0.474511996,0.470367998,0.47785601
takum32,takum,32,fp64,paired_log_uniform_finite,dot,direct,30,1.19382399,1.18959999,1.20102406
takum32,takum,32,fp64,paired_log_uniform_finite,gemv,direct,30,0.473408014,0.47132799,0.477568001
takum8,takum,8,fp32,field_balanced_finite,dot,direct,30,1.24473601,1.23935997,1.24982405
takum8,takum,8,fp32,field_balanced_finite,dot,full_lut_global,30,0.499551997,0.497408003,0.502528012
takum8,takum,8,fp32,field_balanced_finite,dot,full_lut_shared,30,0.488767997,0.485567987,0.490624011
takum8,takum,8,fp32,field_balanced_finite,gemv,direct,30,0.504607975,0.501856029,0.508063972
takum8,takum,8,fp32,field_balanced_finite,gemv,full_lut_global,30,0.119247999,0.117951997,0.121568002
takum8,takum,8,fp32,field_balanced_finite,gemv,full_lut_shared,30,0.116015997,0.114464,0.117824003
takum8,takum,8,fp32,lut_concentrated_control,dot,full_lut_global,30,0.498991996,0.496832013,0.502207994
takum8,takum,8,fp32,lut_concentrated_control,dot,full_lut_shared,30,0.488608003,0.486111999,0.491647989
takum8,takum,8,fp32,lut_concentrated_control,gemv,full_lut_global,30,0.120031998,0.118880004,0.122143999
takum8,takum,8,fp32,lut_concentrated_control,gemv,full_lut_shared,30,0.115967996,0.114975996,0.117664002
takum8,takum,8,fp32,lut_scattered_control,dot,full_lut_global,30,0.499263987,0.497024,0.502496004
takum8,takum,8,fp32,lut_scattered_control,dot,full_lut_shared,30,0.48843199,0.485536009,0.490175992
takum8,takum,8,fp32,lut_scattered_control,gemv,full_lut_global,30,0.120111998,0.11936,0.121440001
takum8,takum,8,fp32,lut_scattered_control,gemv,full_lut_shared,30,0.116079998,0.115167998,0.117951997
takum8,takum,8,fp32,paired_log_uniform_finite,dot,direct,30,1.42153597,1.41452801,1.426144
takum8,takum,8,fp32,paired_log_uniform_finite,dot,full_lut_global,30,0.500992,0.498784006,0.503903985
takum8,takum,8,fp32,paired_log_uniform_finite,dot,full_lut_shared,30,0.486911998,0.485376,0.491104007
takum8,takum,8,fp32,paired_log_uniform_finite,gemv,direct,30,0.592768013,0.591008008,0.59523201
takum8,takum,8,fp32,paired_log_uniform_finite,gemv,full_lut_global,30,0.120975997,0.119903997,0.122496001
takum8,takum,8,fp32,paired_log_uniform_finite,gemv,full_lut_shared,30,0.117199998,0.116255999,0.119039997
takum8,takum,8,fp64,field_balanced_finite,dot,direct,30,1.24636805,1.24297595,1.257792
takum8,takum,8,fp64,field_balanced_finite,dot,full_lut_global,30,0.500671983,0.498656005,0.503167987
takum8,takum,8,fp64,field_balanced_finite,dot,full_lut_shared,30,0.489247992,0.487103999,0.492287993
takum8,takum,8,fp64,field_balanced_finite,gemv,direct,30,0.506544024,0.503840029,0.509184003
takum8,takum,8,fp64,field_balanced_finite,gemv,full_lut_global,30,0.120143999,0.118592001,0.122847997
takum8,takum,8,fp64,field_balanced_finite,gemv,full_lut_shared,30,0.116720002,0.114912003,0.118943997
takum8,takum,8,fp64,lut_concentrated_control,dot,full_lut_global,30,0.500320017,0.498367995,0.503167987
takum8,takum,8,fp64,lut_concentrated_control,dot,full_lut_shared,30,0.489391997,0.487455994,0.491935998
takum8,takum,8,fp64,lut_concentrated_control,gemv,full_lut_global,30,0.122368,0.121504001,0.124191999
takum8,takum,8,fp64,lut_concentrated_control,gemv,full_lut_shared,30,0.117007997,0.116159998,0.118303999
takum8,takum,8,fp64,lut_scattered_control,dot,full_lut_global,30,0.500256002,0.497343987,0.503711998
takum8,takum,8,fp64,lut_scattered_control,dot,full_lut_shared,30,0.489312009,0.486912012,0.492543995
takum8,takum,8,fp64,lut_scattered_control,gemv,full_lut_global,30,0.122191999,0.121151999,0.124448001
takum8,takum,8,fp64,lut_scattered_control,gemv,full_lut_shared,30,0.117119997,0.115967996,0.118111998
takum8,takum,8,fp64,paired_log_uniform_finite,dot,direct,30,1.24817598,1.24233603,1.25321603
takum8,takum,8,fp64,paired_log_uniform_finite,dot,full_lut_global,30,0.516335994,0.514367998,0.51888001
takum8,takum,8,fp64,paired_log_uniform_finite,dot,full_lut_shared,30,0.497216002,0.494560003,0.500512004
takum8,takum,8,fp64,paired_log_uniform_finite,gemv,direct,30,0.505056024,0.502592027,0.509216011
takum8,takum,8,fp64,paired_log_uniform_finite,gemv,full_lut_global,30,0.140607997,0.135232002,0.141791999
takum8,takum,8,fp64,paired_log_uniform_finite,gemv,full_lut_shared,30,0.131232001,0.129792005,0.133919999
takum_log14,takum_log,14,fp32,field_balanced_finite,dot,direct,30,2.20587206,2.17136002,2.25587201
takum_log14,takum_log,14,fp32,field_balanced_finite,dot,full_lut_global,30,0.525568008,0.522656024,0.534143984
takum_log14,takum_log,14,fp32,field_balanced_finite,dot,full_lut_shared,30,1.01497597,1.01222396,1.02095997
takum_log14,takum_log,14,fp32,field_balanced_finite,gemv,direct,30,0.898144007,0.893728018,0.903840005
takum_log14,takum_log,14,fp32,field_balanced_finite,gemv,full_lut_global,30,0.184911996,0.177407995,0.187711999
takum_log14,takum_log,14,fp32,field_balanced_finite,gemv,full_lut_shared,30,0.400687992,0.396223992,0.410463989
takum_log14,takum_log,14,fp32,lut_concentrated_control,dot,full_lut_global,30,0.524415999,0.522015989,0.526943982
takum_log14,takum_log,14,fp32,lut_concentrated_control,dot,full_lut_shared,30,1.014224,1.01119995,1.01958394
takum_log14,takum_log,14,fp32,lut_concentrated_control,gemv,full_lut_global,30,0.188752003,0.186176002,0.190400004
takum_log14,takum_log,14,fp32,lut_concentrated_control,gemv,full_lut_shared,30,0.40640001,0.40348801,0.410239995
takum_log14,takum_log,14,fp32,lut_scattered_control,dot,full_lut_global,30,0.538415998,0.533855975,0.542656004
takum_log14,takum_log,14,fp32,lut_scattered_control,dot,full_lut_shared,30,1.00854397,1.00390399,1.02236795
takum_log14,takum_log,14,fp32,lut_scattered_control,gemv,full_lut_global,30,0.180271998,0.178816006,0.183136001
takum_log14,takum_log,14,fp32,lut_scattered_control,gemv,full_lut_shared,30,0.406095997,0.401760012,0.409471989
takum_log14,takum_log,14,fp32,paired_log_uniform_finite,dot,direct,30,2.45988798,2.45142388,2.4714241
takum_log14,takum_log,14,fp32,paired_log_uniform_finite,dot,full_lut_global,30,0.588320017,0.586784005,0.595103979
takum_log14,takum_log,14,fp32,paired_log_uniform_finite,dot,full_lut_shared,30,1.021936,1.01712,1.02963197
takum_log14,takum_log,14,fp32,paired_log_uniform_finite,gemv,direct,30,1.12750399,1.12479997,1.13708794
takum_log14,takum_log,14,fp32,paired_log_uniform_finite,gemv,full_lut_global,30,0.268112004,0.266912013,0.270271987
takum_log14,takum_log,14,fp32,paired_log_uniform_finite,gemv,full_lut_shared,30,0.407343999,0.40476799,0.412703991
takum_log14,takum_log,14,fp64,field_balanced_finite,dot,direct,30,2.27326405,2.2584641,2.29580808
takum_log14,takum_log,14,fp64,field_balanced_finite,dot,full_lut_global,30,0.533888012,0.53036797,0.538720012
takum_log14,takum_log,14,fp64,field_balanced_finite,dot,full_lut_shared,30,2.03960001,2.03455997,2.04492807
takum_log14,takum_log,14,fp64,field_balanced_finite,gemv,direct,30,0.947632015,0.945312023,0.961120009
takum_log14,takum_log,14,fp64,field_balanced_finite,gemv,full_lut_global,30,0.203376002,0.185215995,0.207200006
takum_log14,takum_log,14,fp64,field_balanced_finite,gemv,full_lut_shared,30,0.987951994,0.984863997,1.01756799
takum_log14,takum_log,14,fp64,lut_concentrated_control,dot,full_lut_global,30,0.531695992,0.528800011,0.536032021
takum_log14,takum_log,14,fp64,lut_concentrated_control,dot,full_lut_shared,30,2.02745605,2.01923203,2.03385592
takum_log14,takum_log,14,fp64,lut_concentrated_control,gemv,full_lut_global,30,0.192448006,0.190592006,0.194943994
takum_log14,takum_log,14,fp64,lut_concentrated_control,gemv,full_lut_shared,30,0.999167979,0.997759998,1.00633597
takum_log14,takum_log,14,fp64,lut_scattered_control,dot,full_lut_global,30,0.545328021,0.542496026,0.54825598
takum_log14,takum_log,14,fp64,lut_scattered_control,dot,full_lut_shared,30,2.01420795,2.00806403,2.03081608
takum_log14,takum_log,14,fp64,lut_scattered_control,gemv,full_lut_global,30,0.190943994,0.187071994,0.197760001
takum_log14,takum_log,14,fp64,lut_scattered_control,gemv,full_lut_shared,30,0.977296024,0.974496007,1.00780797
takum_log14,takum_log,14,fp64,paired_log_uniform_finite,dot,direct,30,2.50294399,2.47830391,2.51500797
takum_log14,takum_log,14,fp64,paired_log_uniform_finite,dot,full_lut_global,30,0.609967977,0.605408013,0.614431977
takum_log14,takum_log,14,fp64,paired_log_uniform_finite,dot,full_lut_shared,30,2.059376,2.05116796,2.06995201
takum_log14,takum_log,14,fp64,paired_log_uniform_finite,gemv,direct,30,1.18396801,1.18073595,1.19347203
takum_log14,takum_log,14,fp64,paired_log_uniform_finite,gemv,full_lut_global,30,0.281248003,0.279615998,0.283264011
takum_log14,takum_log,14,fp64,paired_log_uniform_finite,gemv,full_lut_shared,30,1.00518405,1.00246406,1.027776
takum_log16,takum_log,16,fp32,field_balanced_finite,dot,direct,30,2.24334407,2.23487997,2.25315189
takum_log16,takum_log,16,fp32,field_balanced_finite,dot,full_lut_global,30,0.516640007,0.514176011,0.521055996
takum_log16,takum_log,16,fp32,field_balanced_finite,gemv,direct,30,0.807711988,0.805024028,0.813344002
takum_log16,takum_log,16,fp32,field_balanced_finite,gemv,full_lut_global,30,0.19184,0.186816007,0.197791994
takum_log16,takum_log,16,fp32,paired_log_uniform_finite,dot,direct,30,2.44771195,2.44182396,2.454144
takum_log16,takum_log,16,fp32,paired_log_uniform_finite,dot,full_lut_global,30,0.649807989,0.643743992,0.654815972
takum_log16,takum_log,16,fp32,paired_log_uniform_finite,gemv,direct,30,0.967712015,0.965439975,0.97232002
takum_log16,takum_log,16,fp32,paired_log_uniform_finite,gemv,full_lut_global,30,0.241247997,0.239647999,0.243392006
takum_log16,takum_log,16,fp64,field_balanced_finite,dot,direct,30,2.25559997,2.25084805,2.26272011
takum_log16,takum_log,16,fp64,field_balanced_finite,dot,full_lut_global,30,0.507568002,0.505792022,0.510240018
takum_log16,takum_log,16,fp64,field_balanced_finite,gemv,direct,30,0.833039999,0.830431998,0.838047981
takum_log16,takum_log,16,fp64,field_balanced_finite,gemv,full_lut_global,30,0.203855998,0.196991995,0.209664002
takum_log16,takum_log,16,fp64,paired_log_uniform_finite,dot,direct,30,2.49278402,2.48288012,2.50086403
takum_log16,takum_log,16,fp64,paired_log_uniform_finite,dot,full_lut_global,30,0.704272002,0.700800002,0.706975996
takum_log16,takum_log,16,fp64,paired_log_uniform_finite,gemv,direct,30,1.01270396,1.00966406,1.01753604
takum_log16,takum_log,16,fp64,paired_log_uniform_finite,gemv,full_lut_global,30,0.309903995,0.306272,0.313472003
takum_log32,takum_log,32,fp32,field_balanced_finite,dot,direct,30,1.57350403,1.57055998,1.58534396
takum_log32,takum_log,32,fp32,field_balanced_finite,gemv,direct,30,0.673199982,0.671136022,0.677088022
takum_log32,takum_log,32,fp32,paired_log_uniform_finite,dot,direct,30,1.57617599,1.57184005,1.58556795
takum_log32,takum_log,32,fp32,paired_log_uniform_finite,gemv,direct,30,0.674191981,0.671519995,0.682304025
takum_log32,takum_log,32,fp64,field_balanced_finite,dot,direct,30,1.59451199,1.58822405,1.598912
takum_log32,takum_log,32,fp64,field_balanced_finite,gemv,direct,30,0.69166398,0.688863993,0.697600007
takum_log32,takum_log,32,fp64,paired_log_uniform_finite,dot,direct,30,1.59488005,1.59251201,1.60252798
takum_log32,takum_log,32,fp64,paired_log_uniform_finite,gemv,direct,30,0.692143977,0.689728022,0.697215974
takum_log8,takum_log,8,fp32,field_balanced_finite,dot,direct,30,1.96958399,1.96348798,1.97974396
takum_log8,takum_log,8,fp32,field_balanced_finite,dot,full_lut_global,30,0.499504,0.49772799,0.502623975
takum_log8,takum_log,8,fp32,field_balanced_finite,dot,full_lut_shared,30,0.489087999,0.485632002,0.492511988
takum_log8,takum_log,8,fp32,field_balanced_finite,gemv,direct,30,0.729295999,0.726719975,0.73516798
takum_log8,takum_log,8,fp32,field_balanced_finite,gemv,full_lut_global,30,0.11928,0.118111998,0.121983998
takum_log8,takum_log,8,fp32,field_balanced_finite,gemv,full_lut_shared,30,0.115808003,0.114560001,0.117215998
takum_log8,takum_log,8,fp32,lut_concentrated_control,dot,full_lut_global,30,0.499471992,0.496576011,0.502207994
takum_log8,takum_log,8,fp32,lut_concentrated_control,dot,full_lut_shared,30,0.487920001,0.486272007,0.490655988
takum_log8,takum_log,8,fp32,lut_concentrated_control,gemv,full_lut_global,30,0.119967997,0.118784003,0.122656003
takum_log8,takum_log,8,fp32,lut_concentrated_control,gemv,full_lut_shared,30,0.116031997,0.114848003,0.117536001
takum_log8,takum_log,8,fp32,lut_scattered_control,dot,full_lut_global,30,0.499119997,0.496767998,0.502367973
takum_log8,takum_log,8,fp32,lut_scattered_control,dot,full_lut_shared,30,0.488112002,0.485920012,0.490976006
takum_log8,takum_log,8,fp32,lut_scattered_control,gemv,full_lut_global,30,0.120015997,0.118560001,0.121951997
takum_log8,takum_log,8,fp32,lut_scattered_control,gemv,full_lut_shared,30,0.115792003,0.115071997,0.117311999
takum_log8,takum_log,8,fp32,paired_log_uniform_finite,dot,direct,30,2.451792,2.443712,2.4667201
takum_log8,takum_log,8,fp32,paired_log_uniform_finite,dot,full_lut_global,30,0.501471996,0.498144001,0.505151987
takum_log8,takum_log,8,fp32,paired_log_uniform_finite,dot,full_lut_shared,30,0.48715201,0.485695988,0.491071999
takum_log8,takum_log,8,fp32,paired_log_uniform_finite,gemv,direct,30,0.830143988,0.828320026,0.833855987
takum_log8,takum_log,8,fp32,paired_log_uniform_finite,gemv,full_lut_global,30,0.120911997,0.119648002,0.121983998
takum_log8,takum_log,8,fp32,paired_log_uniform_finite,gemv,full_lut_shared,30,0.117071997,0.116127998,0.119007997
takum_log8,takum_log,8,fp64,field_balanced_finite,dot,direct,30,2.02708805,2.02099204,2.04211211
takum_log8,takum_log,8,fp64,field_balanced_finite,dot,full_lut_global,30,0.500752002,0.498239994,0.503008008
takum_log8,takum_log,8,fp64,field_balanced_finite,dot,full_lut_shared,30,0.488688007,0.485983998,0.492000014
takum_log8,takum_log,8,fp64,field_balanced_finite,gemv,direct,30,0.757983983,0.755071998,0.760800004
takum_log8,takum_log,8,fp64,field_balanced_finite,gemv,full_lut_global,30,0.120304,0.118528001,0.122943997
takum_log8,takum_log,8,fp64,field_balanced_finite,gemv,full_lut_shared,30,0.116608002,0.115007997,0.117856003
takum_log8,takum_log,8,fp64,lut_concentrated_control,dot,full_lut_global,30,0.500032007,0.498176008,0.501984
takum_log8,takum_log,8,fp64,lut_concentrated_control,dot,full_lut_shared,30,0.489551991,0.486559987,0.493216008
takum_log8,takum_log,8,fp64,lut_concentrated_control,gemv,full_lut_global,30,0.122207999,0.121536002,0.123199999
takum_log8,takum_log,8,fp64,lut_concentrated_control,gemv,full_lut_shared,30,0.116816003,0.115840003,0.118752003
takum_log8,takum_log,8,fp64,lut_scattered_control,dot,full_lut_global,30,0.500415981,0.498304009,0.503455997
takum_log8,takum_log,8,fp64,lut_scattered_control,dot,full_lut_shared,30,0.489199996,0.487392008,0.491167992
takum_log8,takum_log,8,fp64,lut_scattered_control,gemv,full_lut_global,30,0.121999998,0.121215999,0.123488002
takum_log8,takum_log,8,fp64,lut_scattered_control,gemv,full_lut_shared,30,0.116736002,0.116063997,0.118271999
takum_log8,takum_log,8,fp64,paired_log_uniform_finite,dot,direct,30,2.37471998,2.36745596,2.38854408
takum_log8,takum_log,8,fp64,paired_log_uniform_finite,dot,full_lut_global,30,0.516207993,0.51433599,0.519680023
takum_log8,takum_log,8,fp64,paired_log_uniform_finite,dot,full_lut_shared,30,0.497263997,0.494592011,0.5
takum_log8,takum_log,8,fp64,paired_log_uniform_finite,gemv,direct,30,0.815295995,0.812672019,0.819455981
takum_log8,takum_log,8,fp64,paired_log_uniform_finite,gemv,full_lut_global,30,0.141007997,0.136480004,0.143232003
takum_log8,takum_log,8,fp64,paired_log_uniform_finite,gemv,full_lut_shared,30,0.131279997,0.130112007,0.133696005
