distribution,benchmark_format,component,n,m,strategy,decode_kind,table_location,unpack,lanes,median_time_ms,speedup_vs_fp64,cv_percent
normal_0_1,e0m1,dot,4096,1,word_masked_x2,direct_words_masked,none,shift_mask,2,0.004590868354835447,1.006779876197797,0.007958824483941696
normal_0_1,e0m1,dot,65536,1,word_masked_x4,direct_words_masked,none,shift_mask,4,0.0048275281606570955,1.0258452684871706,0.3755937021893438
normal_0_1,e0m1,dot,1048576,1,full_high_global_x8,full_high_lut,global,shift_mask,8,0.006255427493324763,1.5277826136175585,0.2764004941891035
normal_0_1,e0m1,dot,16777216,1,pair_shared_x8,pair_high_lut,shared,shift_mask,8,0.016981086975488908,4.328703563759913,0.10605165330250563
normal_0_1,e0m1,dot,134217728,1,pair_shared_x8,pair_high_lut,shared,shift_mask,8,0.08203816547074132,6.141427944452071,0.2170184140481147
uniform_0_1,e0m1,dot,4096,1,word_branchy_x2,direct_words_branchy,none,shift_mask,2,0.004591262788089062,1.0030580391908694,0.01348271387163594
uniform_0_1,e0m1,dot,65536,1,word_masked_x4,direct_words_masked,none,shift_mask,4,0.004875984140873168,1.0156495368638196,0.059708833140651375
uniform_0_1,e0m1,dot,1048576,1,full_high_global_x8,full_high_lut,global,shift_mask,8,0.006224277347552299,1.53681657908561,0.20666522250955527
uniform_0_1,e0m1,dot,16777216,1,pair_shared_x4,pair_high_lut,shared,shift_mask,4,0.016964391347262273,4.30497032682494,0.08095694156444858
uniform_0_1,e0m1,dot,134217728,1,pair_shared_x8,pair_high_lut,shared,shift_mask,8,0.08150400055779351,6.177856405279339,0.1511978422210558
normal_0_1,e0m1,gemv,256,1024,word_branchy_x4,direct_words_branchy,none,shift_mask,4,0.003459758155948513,1.010686969225957,0.3558925508057219
normal_0_1,e0m1,gemv,1024,1024,pair_l2_x4,pair_high_lut,global,shift_mask,4,0.003988880715829803,1.1037782284302686,0.30500907900305857
normal_0_1,e0m1,gemv,4096,1024,full_high_shared_x8,full_high_lut,shared,shift_mask,8,0.006230465898276151,1.2593848498438531,0.10096093312919759
normal_0_1,e0m1,gemv,16384,1024,pair_shared_x8,pair_high_lut,shared,shift_mask,8,0.01383128812757589,3.1579941901141995,0.08603366692232974
normal_0_1,e0m1,gemv,65536,1024,pair_shared_x8,pair_high_lut,shared,shift_mask,8,0.04403498157951402,3.4172940901915734,0.09039504690243917
uniform_0_1,e0m1,gemv,256,1024,word_branchy_x4,direct_words_branchy,none,shift_mask,4,0.0034522465094868663,1.0125828353889974,0.3870780011594478
uniform_0_1,e0m1,gemv,1024,1024,pair_l2_x4,pair_high_lut,global,shift_mask,4,0.00398414121250731,1.1047936104254987,0.40081976166316935
uniform_0_1,e0m1,gemv,4096,1024,pair_l2_x8,pair_high_lut,global,shift_mask,8,0.006227336075628689,1.2649173341974247,0.06103414986550876
uniform_0_1,e0m1,gemv,16384,1024,pair_shared_x8,pair_high_lut,shared,shift_mask,8,0.013824375453534156,3.153928567421333,0.07700953552160493
uniform_0_1,e0m1,gemv,65536,1024,pair_shared_x8,pair_high_lut,shared,shift_mask,8,0.044015499949455264,3.4137361928334573,0.15892425608612962
normal_0_1,e0m15,dot,4096,1,fixed_integer_x2,fixed_integer,none,shift_mask,2,0.0045913223491095565,1.007847899415185,0.018302156108807845
normal_0_1,e0m15,dot,65536,1,fixed_integer_x4,fixed_integer,none,shift_mask,4,0.004885400982674335,1.0102952790999045,0.05425398922662591
normal_0_1,e0m15,dot,1048576,1,fixed_integer_x8,fixed_integer,none,shift_mask,8,0.007037442075253406,1.359192746156153,0.20387115325310376
normal_0_1,e0m15,dot,16777216,1,fixed_integer_x8,fixed_integer,none,shift_mask,8,0.02958944065850756,2.4702088740827537,0.12862241900573218
normal_0_1,e0m15,dot,134217728,1,fixed_integer_x8,fixed_integer,none,shift_mask,8,0.15793135858351184,3.188031399352331,0.10504920403814422
uniform_0_1,e0m15,dot,4096,1,fixed_integer_x2,fixed_integer,none,shift_mask,2,0.004591288560030385,1.01900382009399,0.009487560244095116
uniform_0_1,e0m15,dot,65536,1,fixed_integer_x4,fixed_integer,none,shift_mask,4,0.004884237796422475,1.012346392930848,0.05487487185886615
uniform_0_1,e0m15,dot,1048576,1,fixed_integer_x8,fixed_integer,none,shift_mask,8,0.0070270947961999265,1.3598111098905679,0.22215556617860008
uniform_0_1,e0m15,dot,16777216,1,fixed_integer_x8,fixed_integer,none,shift_mask,8,0.029596246319052614,2.4701532467001797,0.12905197036200977
uniform_0_1,e0m15,dot,134217728,1,fixed_integer_x8,fixed_integer,none,shift_mask,8,0.15784705582485403,3.1894704369772455,0.10987813347062614
normal_0_1,e0m15,gemv,256,1024,fixed_integer_x2,fixed_integer,none,shift_mask,2,0.0035060485293056235,0.9969538715429336,0.5606314369725895
normal_0_1,e0m15,gemv,1024,1024,fixed_integer_x4,fixed_integer,none,shift_mask,4,0.004341123035625486,1.0133711284592608,0.022606687102834113
normal_0_1,e0m15,gemv,4096,1024,fixed_integer_x8,fixed_integer,none,shift_mask,8,0.00792502837927163,0.9930792355707088,0.02157654034854275
normal_0_1,e0m15,gemv,16384,1024,fixed_integer_x8,fixed_integer,none,shift_mask,8,0.022771221044174908,1.918202293300441,0.14861405970784303
normal_0_1,e0m15,gemv,65536,1024,fixed_integer_x8,fixed_integer,none,shift_mask,8,0.08208909359845248,1.8313799823373602,0.21309059104277422
uniform_0_1,e0m15,gemv,256,1024,fixed_integer_x2,fixed_integer,none,shift_mask,2,0.0035080969287118904,0.9967822527311782,0.42933656985245977
uniform_0_1,e0m15,gemv,1024,1024,fixed_integer_x4,fixed_integer,none,shift_mask,4,0.004341500234977384,1.0145657931626517,0.045958738276026034
uniform_0_1,e0m15,gemv,4096,1024,fixed_integer_x8,fixed_integer,none,shift_mask,8,0.007924699420836685,0.9939221662677312,0.018133884487686915
uniform_0_1,e0m15,gemv,16384,1024,fixed_integer_x8,fixed_integer,none,shift_mask,8,0.022733170119895812,1.920146673508939,0.14590470264133304
uniform_0_1,e0m15,gemv,65536,1024,fixed_integer_x8,fixed_integer,none,shift_mask,8,0.08212400024587457,1.8314197826026284,0.12406658540131149
normal_0_1,e0m3,dot,4096,1,fixed_integer_x2,fixed_integer,none,shift_mask,2,0.00458927748382606,1.0055763003849867,0.024194873875457306
normal_0_1,e0m3,dot,65536,1,fixed_integer_x4,fixed_integer,none,shift_mask,4,0.004884455974185429,1.0136977469557005,0.040923522256460544
normal_0_1,e0m3,dot,1048576,1,full_high_shared_x8,full_high_lut,shared,shift_mask,8,0.006256530298053889,1.52806167944093,0.1762147081318021
normal_0_1,e0m3,dot,16777216,1,full_high_shared_x8,full_high_lut,shared,shift_mask,8,0.01823346185748729,4.0089153638189465,0.1578749689625158
normal_0_1,e0m3,dot,134217728,1,full_high_shared_x8,full_high_lut,shared,shift_mask,8,0.0985540262858073,5.112009012458899,0.1166497128263321
uniform_0_1,e0m3,dot,4096,1,fixed_integer_x2,fixed_integer,none,shift_mask,2,0.004588825522172221,1.000926836526793,0.01621257786704237
uniform_0_1,e0m3,dot,65536,1,fixed_integer_x4,fixed_integer,none,shift_mask,4,0.0048864195459832165,1.0091846507516273,0.043881980216675026
uniform_0_1,e0m3,dot,1048576,1,full_high_shared_x8,full_high_lut,shared,shift_mask,8,0.0062537017469558335,1.528397565159082,0.10151889027886352
uniform_0_1,e0m3,dot,16777216,1,full_high_shared_x8,full_high_lut,shared,shift_mask,8,0.01821277827432711,4.013801228751889,0.17207935558171195
uniform_0_1,e0m3,dot,134217728,1,full_high_shared_x8,full_high_lut,shared,shift_mask,8,0.09846826553344727,5.113265549303935,0.07352549207654313
normal_0_1,e0m3,gemv,256,1024,fixed_integer_x2,fixed_integer,none,shift_mask,2,0.003549933345032871,0.9851609876632974,0.28692763912865193
normal_0_1,e0m3,gemv,1024,1024,full_high_global_x4,full_high_lut,global,shift_mask,4,0.004084445870854891,1.0781359314026056,0.03826835428518924
normal_0_1,e0m3,gemv,4096,1024,full_high_shared_x8,full_high_lut,shared,shift_mask,8,0.006316011406190656,1.2413614277769562,0.3502951532741919
normal_0_1,e0m3,gemv,16384,1024,full_high_shared_x8,full_high_lut,shared,shift_mask,8,0.014317509308373942,3.0518826928708473,0.09259144370729012
normal_0_1,e0m3,gemv,65536,1024,full_high_shared_x8,full_high_lut,shared,shift_mask,8,0.046169493628329915,3.257534572626558,2.335617336412273
uniform_0_1,e0m3,gemv,256,1024,fixed_integer_x2,fixed_integer,none,shift_mask,2,0.003550098472365717,0.9846493713224572,0.3780913239369284
uniform_0_1,e0m3,gemv,1024,1024,full_high_global_x4,full_high_lut,global,shift_mask,4,0.004084468286571694,1.0779061288755822,0.02563296123510569
uniform_0_1,e0m3,gemv,4096,1024,full_high_shared_x8,full_high_lut,shared,shift_mask,8,0.0063251866325864286,1.238626665560365,0.2528616166690335
uniform_0_1,e0m3,gemv,16384,1024,full_high_shared_x8,full_high_lut,shared,shift_mask,8,0.014321995206293391,3.0488997834741074,0.08211943418797794
uniform_0_1,e0m3,gemv,65536,1024,full_high_shared_x8,full_high_lut,shared,shift_mask,8,0.046038544023191776,3.267192976804319,2.443379277878759
normal_0_1,e0m31,dot,4096,1,fixed_integer_x2,fixed_integer,none,shift_mask,2,0.004592027243207792,1.0067895233126327,0.010168087296812622
normal_0_1,e0m31,dot,65536,1,fixed_integer_x4,fixed_integer,none,shift_mask,4,0.004888737436720451,1.0129587752674272,0.09174617357053765
normal_0_1,e0m31,dot,1048576,1,fixed_integer_x8,fixed_integer,none,shift_mask,8,0.007220093156307972,1.3252210587617188,0.1886009470871387
normal_0_1,e0m31,dot,16777216,1,fixed_integer_x4,fixed_integer,none,shift_mask,4,0.041511889639983875,1.7710319244773143,0.08534899855310855
normal_0_1,e0m31,dot,134217728,1,fixed_integer_x4,fixed_integer,none,shift_mask,4,0.2563905069383524,1.9646655130812498,0.12203313509486216
uniform_0_1,e0m31,dot,4096,1,fixed_integer_x2,fixed_integer,none,shift_mask,2,0.004592245784849198,1.0070271184187427,0.008357545952819286
uniform_0_1,e0m31,dot,65536,1,fixed_integer_x4,fixed_integer,none,shift_mask,4,0.004886015484496964,1.0125155469347182,0.08738117822943665
uniform_0_1,e0m31,dot,1048576,1,fixed_integer_x8,fixed_integer,none,shift_mask,8,0.007208500662110859,1.3270057357008616,0.09937156670035817
uniform_0_1,e0m31,dot,16777216,1,fixed_integer_x4,fixed_integer,none,shift_mask,4,0.0411098665661282,1.7771146098917885,0.06962797921938932
uniform_0_1,e0m31,dot,134217728,1,fixed_integer_x4,fixed_integer,none,shift_mask,4,0.25595878342450673,1.9667208162705456,0.10078597479265007
normal_0_1,e0m31,gemv,256,1024,fixed_integer_x2,fixed_integer,none,shift_mask,2,0.003432204148785223,1.0186684687614396,0.6472269201932446
normal_0_1,e0m31,gemv,1024,1024,fixed_integer_x4,fixed_integer,none,shift_mask,4,0.0043439000232332135,1.014341374406786,0.4361976321428377
normal_0_1,e0m31,gemv,4096,1024,fixed_integer_x4,fixed_integer,none,shift_mask,4,0.00764481657851266,1.0273826529295398,0.3864769542810308
normal_0_1,e0m31,gemv,16384,1024,fixed_integer_x4,fixed_integer,none,shift_mask,4,0.024063118558742505,1.8136029769281619,0.2389160225375745
normal_0_1,e0m31,gemv,65536,1024,fixed_integer_x4,fixed_integer,none,shift_mask,4,0.08196353357891704,1.8351516863062136,0.32447883938343647
uniform_0_1,e0m31,gemv,256,1024,fixed_integer_x2,fixed_integer,none,shift_mask,2,0.0034543965385136475,1.0121410406669922,0.8587520664011141
uniform_0_1,e0m31,gemv,1024,1024,fixed_integer_x4,fixed_integer,none,shift_mask,4,0.004341394825696258,1.013906617491797,0.5882291374670431
uniform_0_1,e0m31,gemv,4096,1024,fixed_integer_x4,fixed_integer,none,shift_mask,4,0.007623411380624,1.0342745021950168,0.35401066911656276
uniform_0_1,e0m31,gemv,16384,1024,fixed_integer_x4,fixed_integer,none,shift_mask,4,0.024083124559075398,1.8122933470200853,0.13531253135439197
uniform_0_1,e0m31,gemv,65536,1024,fixed_integer_x4,fixed_integer,none,shift_mask,4,0.08207553486491359,1.8314934496346598,0.22653266464567554
normal_0_1,e0m7,dot,4096,1,fixed_integer_x2,fixed_integer,none,shift_mask,2,0.004591667199436622,1.0087023927230179,0.018117087155685798
normal_0_1,e0m7,dot,65536,1,fixed_integer_x4,fixed_integer,none,shift_mask,4,0.00485165959248019,1.0112340728074658,0.20978981540032207
normal_0_1,e0m7,dot,1048576,1,fixed_integer_x8,fixed_integer,none,shift_mask,8,0.006746162906769783,1.4171379133913207,0.03308599730195057
normal_0_1,e0m7,dot,16777216,1,full_high_global_x8,full_high_lut,global,shift_mask,8,0.024431505563742517,3.011668916430326,0.2071649451220921
normal_0_1,e0m7,dot,134217728,1,full_high_global_x8,full_high_lut,global,shift_mask,8,0.13042293818651046,3.863647451305335,0.12940767565215147
uniform_0_1,e0m7,dot,4096,1,fixed_integer_x2,fixed_integer,none,shift_mask,2,0.004591391317235499,0.9996944485494748,0.01226810553991068
uniform_0_1,e0m7,dot,65536,1,fixed_integer_x4,fixed_integer,none,shift_mask,4,0.004886108214851885,1.0104644071355113,0.026765481994343147
uniform_0_1,e0m7,dot,1048576,1,full_high_shared_x8,full_high_lut,shared,shift_mask,8,0.006695220122588012,1.427201569167108,0.23677608655174917
uniform_0_1,e0m7,dot,16777216,1,full_high_global_x8,full_high_lut,global,shift_mask,8,0.02352755548178044,3.1059478877191498,0.1725402882849304
uniform_0_1,e0m7,dot,134217728,1,full_high_global_x8,full_high_lut,global,shift_mask,8,0.12602092058230668,3.9945792013983348,0.14728812813911696
normal_0_1,e0m7,gemv,256,1024,fixed_integer_x2,fixed_integer,none,shift_mask,2,0.003494390489086896,1.0007443894481884,0.5227671106881404
normal_0_1,e0m7,gemv,1024,1024,fixed_integer_x4,fixed_integer,none,shift_mask,4,0.004321986950272601,1.0183227549702607,0.021147414437918458
normal_0_1,e0m7,gemv,4096,1024,full_high_global_x4,full_high_lut,global,shift_mask,4,0.007453074089880536,1.0521266937742013,0.39309094865780314
normal_0_1,e0m7,gemv,16384,1024,full_high_shared_x4,full_high_lut,shared,shift_mask,4,0.019223420516304348,2.2723695096224015,0.1899066725894159
normal_0_1,e0m7,gemv,65536,1024,full_high_shared_x8,full_high_lut,shared,shift_mask,8,0.07259073351869488,2.0713776629628837,0.1541372073154598
uniform_0_1,e0m7,gemv,256,1024,fixed_integer_x2,fixed_integer,none,shift_mask,2,0.0034892540362487312,1.0019377349657843,0.5954686274069917
uniform_0_1,e0m7,gemv,1024,1024,fixed_integer_x4,fixed_integer,none,shift_mask,4,0.004321653702679802,1.0177402042566215,0.010201105986788694
uniform_0_1,e0m7,gemv,4096,1024,full_high_global_x4,full_high_lut,global,shift_mask,4,0.007185460037221842,1.0965545625587774,0.023846151241961603
uniform_0_1,e0m7,gemv,16384,1024,full_high_global_x4,full_high_lut,global,shift_mask,4,0.018667354824499528,2.3410442991030913,0.1767171363261858
uniform_0_1,e0m7,gemv,65536,1024,full_high_shared_x8,full_high_lut,shared,shift_mask,8,0.07103066239060397,2.1193248472822948,0.16471990666718203
normal_0_1,e10m21,dot,4096,1,word_masked_x1,direct_words_masked,none,shift_mask,1,0.004822941605682967,0.9636713833284387,0.03196298521200102
normal_0_1,e10m21,dot,65536,1,word_branchy_x2,direct_words_branchy,none,shift_mask,2,0.005182041489934347,0.9551158618374738,0.04345787692516258
normal_0_1,e10m21,dot,1048576,1,word_branchy_x8,direct_words_branchy,none,shift_mask,8,0.008010745207680879,1.1944730069509586,0.05385347656397332
normal_0_1,e10m21,dot,16777216,1,prefix_global_x2,prefix_high_lut,global,shift_mask,2,0.044488621329119106,1.6520170018871665,0.05776142498652552
normal_0_1,e10m21,dot,134217728,1,prefix_global_x2,prefix_high_lut,global,shift_mask,2,0.268669707434518,1.8749921728852348,0.049423062486360914
uniform_0_1,e10m21,dot,4096,1,word_masked_x1,direct_words_masked,none,shift_mask,1,0.004815046466212662,0.9620170797609644,0.11115109383355509
uniform_0_1,e10m21,dot,65536,1,word_branchy_x2,direct_words_branchy,none,shift_mask,2,0.005172800688986205,0.9563837456436585,0.10565644413552285
uniform_0_1,e10m21,dot,1048576,1,word_branchy_x8,direct_words_branchy,none,shift_mask,8,0.008008082707722982,1.1940936715172672,0.05445278038741614
uniform_0_1,e10m21,dot,16777216,1,prefix_global_x2,prefix_high_lut,global,shift_mask,2,0.0441639755711411,1.6632094375018276,0.07757352671743345
uniform_0_1,e10m21,dot,134217728,1,prefix_global_x2,prefix_high_lut,global,shift_mask,2,0.268170850617545,1.879156226887883,0.048237509372088413
normal_0_1,e10m21,gemv,256,1024,word_branchy_x1,direct_words_branchy,none,shift_mask,1,0.0036859034429945234,0.9486679079437983,0.18932594710852413
normal_0_1,e10m21,gemv,1024,1024,prefix_global_x2,prefix_high_lut,global,shift_mask,2,0.005032727283797241,0.875166163788236,0.23287564792908297
normal_0_1,e10m21,gemv,4096,1024,prefix_global_x4,prefix_high_lut,global,shift_mask,4,0.010246548993813614,0.7657251183097378,0.13393598404721885
normal_0_1,e10m21,gemv,16384,1024,prefix_global_x8,prefix_high_lut,global,shift_mask,8,0.031905073980890396,1.3675567316988557,0.10354256402615514
normal_0_1,e10m21,gemv,65536,1024,prefix_global_x8,prefix_high_lut,global,shift_mask,8,0.10947152038118732,1.3731604341091401,0.19826401624472192
uniform_0_1,e10m21,gemv,256,1024,prefix_global_x2,prefix_high_lut,global,shift_mask,2,0.0036279592661643397,0.9635841150244882,0.33624931904646543
uniform_0_1,e10m21,gemv,1024,1024,prefix_global_x2,prefix_high_lut,global,shift_mask,2,0.005041904764094631,0.8739622905674198,0.2129010510522073
uniform_0_1,e10m21,gemv,4096,1024,prefix_global_x4,prefix_high_lut,global,shift_mask,4,0.01013471628124169,0.7774149181994982,0.13363353103276776
uniform_0_1,e10m21,gemv,16384,1024,prefix_global_x8,prefix_high_lut,global,shift_mask,8,0.03151682038970341,1.3843170060278553,0.0711113975204663
uniform_0_1,e10m21,gemv,65536,1024,prefix_global_x8,prefix_high_lut,global,shift_mask,8,0.10864812224658567,1.3835165644256977,0.12281544391055935
normal_0_1,e10m5,dot,4096,1,word_masked_x1,direct_words_masked,none,shift_mask,1,0.004823185255246675,0.9550822918853252,0.03844942815181649
normal_0_1,e10m5,dot,65536,1,subnormal_global_x2,subnormal_high_lut,global,shift_mask,2,0.0051767475325355,0.9564212764615305,0.09045601628603825
normal_0_1,e10m5,dot,1048576,1,word_branchy_x8,direct_words_branchy,none,shift_mask,8,0.007449920718826562,1.2832351717117756,0.15720762361654197
normal_0_1,e10m5,dot,16777216,1,full_high_l2_x8,full_high_lut,global,shift_mask,8,0.03214718529541568,2.289187916387159,0.06023319523057845
normal_0_1,e10m5,dot,134217728,1,full_high_l2_x8,full_high_lut,global,shift_mask,8,0.16285573519193208,3.0939187507075934,0.15933934815521217
uniform_0_1,e10m5,dot,4096,1,word_masked_x1,direct_words_masked,none,shift_mask,1,0.004815066077067257,0.9604848684018448,0.18077763250116766
uniform_0_1,e10m5,dot,65536,1,word_branchy_x2,direct_words_branchy,none,shift_mask,2,0.005136814421998289,0.9628177354759602,0.17631066777261742
uniform_0_1,e10m5,dot,1048576,1,full_high_l2_x8,full_high_lut,global,shift_mask,8,0.007139866801872207,1.3383863570839565,0.3798496366107531
uniform_0_1,e10m5,dot,16777216,1,full_high_l2_x8,full_high_lut,global,shift_mask,8,0.029842248403403653,2.449236370821189,0.08014569357971041
uniform_0_1,e10m5,dot,134217728,1,full_high_l2_x8,full_high_lut,global,shift_mask,8,0.14505503654479981,3.471815009867661,0.19155828769568511
normal_0_1,e10m5,gemv,256,1024,word_branchy_x1,direct_words_branchy,none,shift_mask,1,0.003620353874257991,0.9658838151131843,0.36496831278624203
normal_0_1,e10m5,gemv,1024,1024,full_high_l2_x4,full_high_lut,global,shift_mask,4,0.004781954667784951,0.919906547814083,0.19437261768927747
normal_0_1,e10m5,gemv,4096,1024,full_high_l2_x4,full_high_lut,global,shift_mask,4,0.00855200601810161,0.9217319969052509,0.18054511160093073
normal_0_1,e10m5,gemv,16384,1024,full_high_l2_x8,full_high_lut,global,shift_mask,8,0.02346226975724504,1.8613416406670575,0.1340103237290855
normal_0_1,e10m5,gemv,65536,1024,full_high_l2_x8,full_high_lut,global,shift_mask,8,0.08337654308839278,1.8023139038478586,0.1661063073227667
uniform_0_1,e10m5,gemv,256,1024,word_branchy_x1,direct_words_branchy,none,shift_mask,1,0.0036223826233434267,0.9654261215209659,0.3894544477772812
uniform_0_1,e10m5,gemv,1024,1024,full_high_l2_x4,full_high_lut,global,shift_mask,4,0.0043965402161814625,1.0012902443798306,0.2582928943706356
uniform_0_1,e10m5,gemv,4096,1024,full_high_l2_x4,full_high_lut,global,shift_mask,4,0.00755739436204038,1.0418819088467886,0.3233482683592619
uniform_0_1,e10m5,gemv,16384,1024,full_high_l2_x4,full_high_lut,global,shift_mask,4,0.01956755645083685,2.230475828592677,1.0905440625868117
uniform_0_1,e10m5,gemv,65536,1024,full_high_l2_x8,full_high_lut,global,shift_mask,8,0.06858130992871325,2.1922066765375035,0.13246520627369465
normal_0_1,e1m0,dot,4096,1,exponent_only_x4,exponent_only,none,shift_mask,4,0.004589719717664664,1.0130142663707349,0.01226818031035989
normal_0_1,e1m0,dot,65536,1,exponent_only_x4,exponent_only,none,shift_mask,4,0.004718871487415721,1.046269719964417,0.4240427789962741
normal_0_1,e1m0,dot,1048576,1,exponent_only_x8,exponent_only,none,shift_mask,8,0.006018735852193402,1.5882577582548323,0.007595236174811355
normal_0_1,e1m0,dot,16777216,1,pair_shared_x4,pair_high_lut,shared,shift_mask,4,0.016984039545059205,4.327911803438503,0.06990561154803751
normal_0_1,e1m0,dot,134217728,1,pair_shared_x8,pair_high_lut,shared,shift_mask,8,0.0819744004143609,6.148130932029485,0.1883184398951417
uniform_0_1,e1m0,dot,4096,1,exponent_only_x4,exponent_only,none,shift_mask,4,0.004589464726603914,1.0223443625019615,0.007101795419543086
uniform_0_1,e1m0,dot,65536,1,exponent_only_x4,exponent_only,none,shift_mask,4,0.004760032377059397,1.0347580158011682,0.05442160592729383
uniform_0_1,e1m0,dot,1048576,1,exponent_only_x8,exponent_only,none,shift_mask,8,0.006012053553394032,1.588058363927676,0.07577176090975156
uniform_0_1,e1m0,dot,16777216,1,byte_quad_shared_x8,quad_high_lut,shared,shift_mask,8,0.014731658626698299,4.95745405823824,0.2218446869852921
uniform_0_1,e1m0,dot,134217728,1,byte_quad_shared_x8,quad_high_lut,shared,shift_mask,8,0.06642526492737887,7.580216391755448,0.07325734960357991
normal_0_1,e1m0,gemv,256,1024,exponent_only_x4,exponent_only,none,shift_mask,4,0.0033677620523036708,1.0382243563818578,0.1188481362921072
normal_0_1,e1m0,gemv,1024,1024,exponent_only_x4,exponent_only,none,shift_mask,4,0.0039810949461016225,1.1046736571734719,0.38779587431361995
normal_0_1,e1m0,gemv,4096,1024,exponent_only_x8,exponent_only,none,shift_mask,8,0.005991079680002451,1.3080158988466766,0.027292569538850984
normal_0_1,e1m0,gemv,16384,1024,pair_shared_x8,pair_high_lut,shared,shift_mask,8,0.013844598866638249,3.1527027695952543,0.06871100457223002
normal_0_1,e1m0,gemv,65536,1024,pair_shared_x8,pair_high_lut,shared,shift_mask,8,0.04403070348816868,3.414887858895999,0.17117167806153033
uniform_0_1,e1m0,gemv,256,1024,exponent_only_x4,exponent_only,none,shift_mask,4,0.0033662644148867715,1.038638691668792,0.09415588384007298
uniform_0_1,e1m0,gemv,1024,1024,byte_quad_l2_x4,quad_high_lut,global,shift_mask,4,0.0038413898805024983,1.145895524087793,0.04452842151426446
uniform_0_1,e1m0,gemv,4096,1024,byte_quad_l2_x4,quad_high_lut,global,shift_mask,4,0.00575228884100973,1.3698627074384462,0.12303519417750296
uniform_0_1,e1m0,gemv,16384,1024,byte_quad_shared_x8,quad_high_lut,shared,shift_mask,8,0.01124377362917274,3.8846628198424247,0.08088421820379876
uniform_0_1,e1m0,gemv,65536,1024,byte_quad_shared_x8,quad_high_lut,shared,shift_mask,8,0.032942689274736536,4.565092537697227,0.10168801102449163
normal_0_1,e1m2,dot,4096,1,e1_integer_x2,e1_integer,none,shift_mask,2,0.00459026384957229,1.0075226810742393,0.009609914979638312
normal_0_1,e1m2,dot,65536,1,e1_integer_x4,e1_integer,none,shift_mask,4,0.004842881118510717,1.0118267258073785,0.15213149272589607
normal_0_1,e1m2,dot,1048576,1,full_high_shared_x8,full_high_lut,shared,shift_mask,8,0.006261774414744457,1.5270217208561803,0.027293826692772274
normal_0_1,e1m2,dot,16777216,1,full_high_shared_x8,full_high_lut,shared,shift_mask,8,0.01819446287959455,4.044073231048577,0.16786517015276387
normal_0_1,e1m2,dot,134217728,1,full_high_shared_x8,full_high_lut,shared,shift_mask,8,0.09859178530289822,5.11143604319446,0.15970857135024366
uniform_0_1,e1m2,dot,4096,1,e1_integer_x2,e1_integer,none,shift_mask,2,0.004589728694083816,1.0092721209945763,0.014592030599051616
uniform_0_1,e1m2,dot,65536,1,pair_l2_x4,pair_high_lut,global,shift_mask,4,0.004867347875481838,1.0155718473822735,0.26125909114632856
uniform_0_1,e1m2,dot,1048576,1,full_high_shared_x8,full_high_lut,shared,shift_mask,8,0.006259907148160987,1.5267242098377223,0.0460031662350265
uniform_0_1,e1m2,dot,16777216,1,full_high_shared_x8,full_high_lut,shared,shift_mask,8,0.018172887253434692,4.048334717127094,0.1494604027166067
uniform_0_1,e1m2,dot,134217728,1,full_high_shared_x8,full_high_lut,shared,shift_mask,8,0.09847061157226562,5.11857080099235,0.1183153995639438
normal_0_1,e1m2,gemv,256,1024,e1_integer_x2,e1_integer,none,shift_mask,2,0.0035524633785664105,0.9843958184729898,0.32497700274337915
normal_0_1,e1m2,gemv,1024,1024,full_high_global_x4,full_high_lut,global,shift_mask,4,0.004084141114178826,1.0769935516622227,0.02732998486392905
normal_0_1,e1m2,gemv,4096,1024,full_high_shared_x8,full_high_lut,shared,shift_mask,8,0.006324439517335395,1.244848598393045,0.2669139885047685
normal_0_1,e1m2,gemv,16384,1024,full_high_shared_x8,full_high_lut,shared,shift_mask,8,0.01431596831413312,3.0506236145078,0.06756964975002451
normal_0_1,e1m2,gemv,65536,1024,full_high_shared_x8,full_high_lut,shared,shift_mask,8,0.046357093516653375,3.24313004919702,2.7036416739491997
uniform_0_1,e1m2,gemv,256,1024,e1_integer_x2,e1_integer,none,shift_mask,2,0.0035476072248057685,0.9854809485106966,0.6311336195620575
uniform_0_1,e1m2,gemv,1024,1024,full_high_global_x4,full_high_lut,global,shift_mask,4,0.004082688872707069,1.077573148586266,0.027693474438003688
uniform_0_1,e1m2,gemv,4096,1024,full_high_shared_x8,full_high_lut,shared,shift_mask,8,0.006304864947860305,1.2423408604581698,0.2878580888426722
uniform_0_1,e1m2,gemv,16384,1024,full_high_shared_x8,full_high_lut,shared,shift_mask,8,0.014311634178544367,3.049194284620979,0.08378651621893439
uniform_0_1,e1m2,gemv,65536,1024,full_high_shared_x8,full_high_lut,shared,shift_mask,8,0.04646473304898131,3.237266934992558,2.029763218383198
normal_0_1,e3m0,dot,4096,1,word_masked_x2,direct_words_masked,none,shift_mask,2,0.004591860127635729,1.006072122035661,0.01551777540736391
normal_0_1,e3m0,dot,65536,1,full_high_global_x4,full_high_lut,global,shift_mask,4,0.004864075104432842,1.0180140827356363,0.31879398136426756
normal_0_1,e3m0,dot,1048576,1,full_high_shared_x8,full_high_lut,shared,shift_mask,8,0.006264849082051709,1.5257281126733333,0.035290142834704726
normal_0_1,e3m0,dot,16777216,1,full_high_shared_x8,full_high_lut,shared,shift_mask,8,0.01817486656459216,4.048362659804905,0.18138543789273098
normal_0_1,e3m0,dot,134217728,1,full_high_shared_x8,full_high_lut,shared,shift_mask,8,0.09896784020750314,5.093382430548191,0.0404065442532855
uniform_0_1,e3m0,dot,4096,1,word_masked_x2,direct_words_masked,none,shift_mask,2,0.004590994111672077,1.005544999267383,0.015816017090944517
uniform_0_1,e3m0,dot,65536,1,word_masked_x4,direct_words_masked,none,shift_mask,4,0.004880181767723777,1.0146704826053876,0.2529795092642278
uniform_0_1,e3m0,dot,1048576,1,full_high_shared_x8,full_high_lut,shared,shift_mask,8,0.006261215420717692,1.5270140797497718,0.06821105169554673
uniform_0_1,e3m0,dot,16777216,1,full_high_shared_x8,full_high_lut,shared,shift_mask,8,0.018216271951895992,4.038386110356403,0.17026136115749677
uniform_0_1,e3m0,dot,134217728,1,full_high_shared_x8,full_high_lut,shared,shift_mask,8,0.09882610722592003,5.100967998996397,0.07369980406004283
normal_0_1,e3m0,gemv,256,1024,full_high_global_x2,full_high_lut,global,shift_mask,2,0.0035991430807358537,0.9712285458166802,0.24302662389390012
normal_0_1,e3m0,gemv,1024,1024,full_high_global_x4,full_high_lut,global,shift_mask,4,0.004083791700731807,1.077787787094462,0.022456744957748184
normal_0_1,e3m0,gemv,4096,1024,full_high_shared_x8,full_high_lut,shared,shift_mask,8,0.0063104431614471965,1.2482216414184555,0.3400534888190471
normal_0_1,e3m0,gemv,16384,1024,full_high_shared_x8,full_high_lut,shared,shift_mask,8,0.014318860187827877,3.0488052322578345,0.07454706053391466
normal_0_1,e3m0,gemv,65536,1024,full_high_shared_x8,full_high_lut,shared,shift_mask,8,0.04616436400970855,3.2581390658775042,2.0819453260387015
uniform_0_1,e3m0,gemv,256,1024,full_high_global_x2,full_high_lut,global,shift_mask,2,0.0035951445001432794,0.9725425453127969,0.6048047194977247
uniform_0_1,e3m0,gemv,1024,1024,full_high_global_x4,full_high_lut,global,shift_mask,4,0.004082608781132012,1.0779229581949976,0.020583172238526633
uniform_0_1,e3m0,gemv,4096,1024,full_high_shared_x8,full_high_lut,shared,shift_mask,8,0.006327472452344841,1.2447779366932377,0.32999369072122664
uniform_0_1,e3m0,gemv,16384,1024,full_high_shared_x8,full_high_lut,shared,shift_mask,8,0.01431939437288484,3.051501858115229,0.06994750371472476
uniform_0_1,e3m0,gemv,65536,1024,full_high_shared_x8,full_high_lut,shared,shift_mask,8,0.04611360946757682,3.261145462332189,1.773697731608144
normal_0_1,e4m11,dot,4096,1,word_masked_x1,direct_words_masked,none,shift_mask,1,0.004805871309726982,0.9584853000387822,0.14230460760924135
normal_0_1,e4m11,dot,65536,1,word_masked_x2,direct_words_masked,none,shift_mask,2,0.005124389769779759,0.9660768079371835,0.02605034622678156
normal_0_1,e4m11,dot,1048576,1,subnormal_global_x8,subnormal_high_lut,global,shift_mask,8,0.008119408558990996,1.1777178191456366,0.5593098556881657
normal_0_1,e4m11,dot,16777216,1,subnormal_global_x8,subnormal_high_lut,global,shift_mask,8,0.04361816574545468,1.6763877100420244,0.08245042721191165
normal_0_1,e4m11,dot,134217728,1,subnormal_global_x8,subnormal_high_lut,global,shift_mask,8,0.2730228424072266,1.8442022151337198,0.07529147318758699
uniform_0_1,e4m11,dot,4096,1,word_masked_x1,direct_words_masked,none,shift_mask,1,0.004767271154484378,0.9718251689296763,0.04489969496669725
uniform_0_1,e4m11,dot,65536,1,word_masked_x2,direct_words_masked,none,shift_mask,2,0.005173710505471409,0.9548796391963501,0.07061025077452587
uniform_0_1,e4m11,dot,1048576,1,subnormal_global_x8,subnormal_high_lut,global,shift_mask,8,0.008200380753497688,1.1654073161428113,0.30868071157965593
uniform_0_1,e4m11,dot,16777216,1,subnormal_global_x8,subnormal_high_lut,global,shift_mask,8,0.04468083527921899,1.646643598779303,0.09760734273866821
uniform_0_1,e4m11,dot,134217728,1,subnormal_global_x8,subnormal_high_lut,global,shift_mask,8,0.2776041560702854,1.8154003270858496,0.08420660532846456
normal_0_1,e4m11,gemv,256,1024,fp32_bits_x1,fp32_bits,none,shift_mask,1,0.0038448749394620753,0.9094164856756112,0.023078305371753746
normal_0_1,e4m11,gemv,1024,1024,subnormal_global_x4,subnormal_high_lut,global,shift_mask,4,0.005287409304620739,0.8328446103921281,0.08986022365006692
normal_0_1,e4m11,gemv,4096,1024,subnormal_global_x8,subnormal_high_lut,global,shift_mask,8,0.011119795541693695,0.7090900795244038,0.18570244130319058
normal_0_1,e4m11,gemv,16384,1024,subnormal_global_x4,subnormal_high_lut,global,shift_mask,4,0.03386664103312665,1.289734332523392,0.40334523213583806
normal_0_1,e4m11,gemv,65536,1024,subnormal_global_x8,subnormal_high_lut,global,shift_mask,8,0.12695144784861598,1.1844681202032419,0.13428153553849947
uniform_0_1,e4m11,gemv,256,1024,fp32_bits_x1,fp32_bits,none,shift_mask,1,0.003846268459752124,0.9089678104576013,0.02055715951828868
uniform_0_1,e4m11,gemv,1024,1024,subnormal_global_x4,subnormal_high_lut,global,shift_mask,4,0.0053076739339657855,0.8293695789483699,0.18160302446058726
uniform_0_1,e4m11,gemv,4096,1024,subnormal_global_x8,subnormal_high_lut,global,shift_mask,8,0.011302874638484074,0.6960592446860295,0.09021668080496097
uniform_0_1,e4m11,gemv,16384,1024,subnormal_global_x4,subnormal_high_lut,global,shift_mask,4,0.03427247481771035,1.2745488906063573,0.6070489159814729
uniform_0_1,e4m11,gemv,65536,1024,subnormal_global_x8,subnormal_high_lut,global,shift_mask,8,0.12951900684728032,1.1608501624258871,0.07879296725187697
normal_0_1,e4m27,dot,4096,1,word_masked_x1,direct_words_masked,none,shift_mask,1,0.004823421830890559,0.9604116641954764,0.018438474608283587
normal_0_1,e4m27,dot,65536,1,word_masked_x2,direct_words_masked,none,shift_mask,2,0.005183115800587826,0.9482227885426424,0.019633403588949102
normal_0_1,e4m27,dot,1048576,1,prefix_shared_x8,prefix_high_lut,shared,shift_mask,8,0.008942344480809794,1.0693215566821488,0.3638516188344208
normal_0_1,e4m27,dot,16777216,1,prefix_global_x4,prefix_high_lut,global,shift_mask,4,0.05320126718754391,1.3808797801034787,0.07869973193985712
normal_0_1,e4m27,dot,134217728,1,prefix_global_x4,prefix_high_lut,global,shift_mask,4,0.3303561832593835,1.525406451869868,0.044078147306821844
uniform_0_1,e4m27,dot,4096,1,word_masked_x1,direct_words_masked,none,shift_mask,1,0.0048016371766604555,0.9588977010301108,0.18661501290573357
uniform_0_1,e4m27,dot,65536,1,word_masked_x2,direct_words_masked,none,shift_mask,2,0.0051384210476219955,0.9638161066720156,0.07621583425193104
uniform_0_1,e4m27,dot,1048576,1,prefix_shared_x8,prefix_high_lut,shared,shift_mask,8,0.009171101501063003,1.0424345198320903,0.29838548884961175
uniform_0_1,e4m27,dot,16777216,1,prefix_global_x4,prefix_high_lut,global,shift_mask,4,0.054462568083805826,1.3406938995419924,0.09240402219512073
uniform_0_1,e4m27,dot,134217728,1,prefix_global_x4,prefix_high_lut,global,shift_mask,4,0.3421308994293213,1.4714711232489268,0.03812475689267704
normal_0_1,e4m27,gemv,256,1024,prefix_global_x2,prefix_high_lut,global,shift_mask,2,0.003848870413227817,0.9084332595718054,0.015236020185763758
normal_0_1,e4m27,gemv,1024,1024,prefix_global_x2,prefix_high_lut,global,shift_mask,2,0.00571356587696756,0.7708937750131203,0.507059423308233
normal_0_1,e4m27,gemv,4096,1024,prefix_global_x4,prefix_high_lut,global,shift_mask,4,0.01278457799071006,0.6132663274451803,0.13607141911466
normal_0_1,e4m27,gemv,16384,1024,prefix_global_x8,prefix_high_lut,global,shift_mask,8,0.0433783414887219,1.0055025547872325,0.08552491221943277
normal_0_1,e4m27,gemv,65536,1024,prefix_global_x8,prefix_high_lut,global,shift_mask,8,0.15493389932732832,0.9715173007478378,0.0978952899820427
uniform_0_1,e4m27,gemv,256,1024,prefix_global_x2,prefix_high_lut,global,shift_mask,2,0.003985730135826587,0.8769680657769305,0.35626511093237484
uniform_0_1,e4m27,gemv,1024,1024,prefix_global_x2,prefix_high_lut,global,shift_mask,2,0.006019055405543709,0.7311488474302795,0.1298192183364386
uniform_0_1,e4m27,gemv,4096,1024,prefix_global_x4,prefix_high_lut,global,shift_mask,4,0.013627556321534468,0.5784224980577618,0.12724503231061943
uniform_0_1,e4m27,gemv,16384,1024,prefix_global_x8,prefix_high_lut,global,shift_mask,8,0.04581466699257875,0.9523329036467416,0.053307818900033554
uniform_0_1,e4m27,gemv,65536,1024,prefix_global_x8,prefix_high_lut,global,shift_mask,8,0.16573155721028646,0.9072888152210461,0.11230197684278766
normal_0_1,e5m26,dot,4096,1,word_masked_x1,direct_words_masked,none,shift_mask,1,0.00481065280339944,0.9560709232556496,0.20532410953503524
normal_0_1,e5m26,dot,65536,1,word_branchy_x2,direct_words_branchy,none,shift_mask,2,0.005141081456865088,0.9597176205189378,0.09715586429914384
normal_0_1,e5m26,dot,1048576,1,prefix_shared_x8,prefix_high_lut,shared,shift_mask,8,0.007962491289858122,1.2017816754773174,0.17772887469007212
normal_0_1,e5m26,dot,16777216,1,prefix_global_x2,prefix_high_lut,global,shift_mask,2,0.044229446573460354,1.651410054512103,0.10394977719049255
normal_0_1,e5m26,dot,134217728,1,prefix_global_x2,prefix_high_lut,global,shift_mask,2,0.2685199975967407,1.874869667557377,0.05102413517132004
uniform_0_1,e5m26,dot,4096,1,word_masked_x1,direct_words_masked,none,shift_mask,1,0.004814524479423638,0.9582057536739387,0.19898316049920195
uniform_0_1,e5m26,dot,65536,1,word_branchy_x2,direct_words_branchy,none,shift_mask,2,0.005144122923633187,0.9544610942118179,0.16591079750742488
uniform_0_1,e5m26,dot,1048576,1,prefix_shared_x8,prefix_high_lut,shared,shift_mask,8,0.00792412825206125,1.206899880922694,0.41864155149652593
uniform_0_1,e5m26,dot,16777216,1,prefix_global_x2,prefix_high_lut,global,shift_mask,2,0.04401847294398716,1.6586490487603323,0.06174103046328051
uniform_0_1,e5m26,dot,134217728,1,prefix_global_x2,prefix_high_lut,global,shift_mask,2,0.26820456981658936,1.8769115571333304,0.04858949318727375
normal_0_1,e5m26,gemv,256,1024,word_branchy_x1,direct_words_branchy,none,shift_mask,1,0.0036910051503031903,0.9474130846736071,0.22660296568272273
normal_0_1,e5m26,gemv,1024,1024,prefix_global_x2,prefix_high_lut,global,shift_mask,2,0.0050244779704115726,0.876358344028045,0.29138012608422686
normal_0_1,e5m26,gemv,4096,1024,prefix_global_x4,prefix_high_lut,global,shift_mask,4,0.010229864326084826,0.7713789569878736,0.26463769151700367
normal_0_1,e5m26,gemv,16384,1024,prefix_global_x8,prefix_high_lut,global,shift_mask,8,0.03204483041016187,1.3617329643387055,0.10982880538319112
normal_0_1,e5m26,gemv,65536,1024,prefix_global_x8,prefix_high_lut,global,shift_mask,8,0.10968549215971533,1.3708189523739913,0.16839412566802048
uniform_0_1,e5m26,gemv,256,1024,prefix_global_x2,prefix_high_lut,global,shift_mask,2,0.003655210703668576,0.9564996946330486,0.5337041767543275
uniform_0_1,e5m26,gemv,1024,1024,prefix_global_x2,prefix_high_lut,global,shift_mask,2,0.005053807513247292,0.8705305840362745,0.1644941690790979
uniform_0_1,e5m26,gemv,4096,1024,prefix_global_x4,prefix_high_lut,global,shift_mask,4,0.010151113671666248,0.7762734142033783,0.22364255558020005
uniform_0_1,e5m26,gemv,16384,1024,prefix_global_x8,prefix_high_lut,global,shift_mask,8,0.03187475562358797,1.3683526037285008,0.10110962864138939
uniform_0_1,e5m26,gemv,65536,1024,prefix_global_x8,prefix_high_lut,global,shift_mask,8,0.10925181943978836,1.375473499953302,0.15118804148030063
normal_0_1,e6m1,dot,4096,1,word_masked_x1,direct_words_masked,none,shift_mask,1,0.004691269030772706,0.9975369020232877,0.14225750974196352
normal_0_1,e6m1,dot,65536,1,word_masked_x2,direct_words_masked,none,shift_mask,2,0.004891876260609611,1.0110182324296577,0.0381930168912539
normal_0_1,e6m1,dot,1048576,1,full_high_shared_x8,full_high_lut,shared,shift_mask,8,0.006466543038317333,1.4772632880791654,0.16990968790434893
normal_0_1,e6m1,dot,16777216,1,full_high_shared_x8,full_high_lut,shared,shift_mask,8,0.020807623682326,3.513618510192568,0.19226570483703054
normal_0_1,e6m1,dot,134217728,1,full_high_global_x8,full_high_lut,global,shift_mask,8,0.10388834256652399,4.846064404442503,0.15268258778508909
uniform_0_1,e6m1,dot,4096,1,word_masked_x1,direct_words_masked,none,shift_mask,1,0.004709038762728518,0.9763543876155819,0.01677678960051455
uniform_0_1,e6m1,dot,65536,1,word_masked_x2,direct_words_masked,none,shift_mask,2,0.004914605522424276,1.0053680804049476,0.2651217570417042
uniform_0_1,e6m1,dot,1048576,1,full_high_shared_x8,full_high_lut,shared,shift_mask,8,0.0064804440977945495,1.4751372648449417,0.19365734785119343
uniform_0_1,e6m1,dot,16777216,1,full_high_shared_x8,full_high_lut,shared,shift_mask,8,0.01998700498666999,3.6807758344998467,0.15490120337891486
uniform_0_1,e6m1,dot,134217728,1,full_high_global_x8,full_high_lut,global,shift_mask,8,0.10250114894413448,4.916216630041515,0.11153772417756078
normal_0_1,e6m1,gemv,256,1024,full_high_global_x2,full_high_lut,global,shift_mask,2,0.0036070512335057395,0.9692527749272473,0.06157538044928616
normal_0_1,e6m1,gemv,1024,1024,full_high_global_x4,full_high_lut,global,shift_mask,4,0.004132291861827183,1.0653031943542355,0.4104298086948908
normal_0_1,e6m1,gemv,4096,1024,full_high_global_x4,full_high_lut,global,shift_mask,4,0.006655770193823374,1.1831023961804832,0.35009108055839966
normal_0_1,e6m1,gemv,16384,1024,full_high_shared_x4,full_high_lut,shared,shift_mask,4,0.015546371276120106,2.8085258886167366,0.09745871916524658
normal_0_1,e6m1,gemv,65536,1024,full_high_shared_x4,full_high_lut,shared,shift_mask,4,0.05751206154047057,2.6161199689744365,0.07780610682785036
uniform_0_1,e6m1,gemv,256,1024,full_high_global_x4,full_high_lut,global,shift_mask,4,0.0036039130287881223,0.9701877130791839,0.02124663621810395
uniform_0_1,e6m1,gemv,1024,1024,full_high_global_x4,full_high_lut,global,shift_mask,4,0.004043452050205495,1.088495968519618,0.46155375408619237
uniform_0_1,e6m1,gemv,4096,1024,full_high_shared_x8,full_high_lut,shared,shift_mask,8,0.0061631170479027,1.2780262520372472,0.2833264580715493
uniform_0_1,e6m1,gemv,16384,1024,full_high_shared_x8,full_high_lut,shared,shift_mask,8,0.013389835397990511,3.2621258915753546,0.028872969206121653
uniform_0_1,e6m1,gemv,65536,1024,full_high_shared_x8,full_high_lut,shared,shift_mask,8,0.050246175130208334,2.9913326300476055,0.14260987990381752
normal_0_1,e6m25,dot,4096,1,word_masked_x1,direct_words_masked,none,shift_mask,1,0.004791660500656949,0.9612561995660222,0.10375565220938547
normal_0_1,e6m25,dot,65536,1,word_branchy_x2,direct_words_branchy,none,shift_mask,2,0.0051843499887913565,0.9550542775473114,0.05969388623623216
normal_0_1,e6m25,dot,1048576,1,prefix_shared_x8,prefix_high_lut,shared,shift_mask,8,0.007960321405017227,1.2021314116946997,0.36363858409993055
normal_0_1,e6m25,dot,16777216,1,prefix_global_x2,prefix_high_lut,global,shift_mask,2,0.04446306375356821,1.6527463607601507,0.06514809817265581
normal_0_1,e6m25,dot,134217728,1,prefix_global_x2,prefix_high_lut,global,shift_mask,2,0.26879656314849854,1.8747025162440254,0.05735415920409214
uniform_0_1,e6m25,dot,4096,1,word_masked_x1,direct_words_masked,none,shift_mask,1,0.004823468701944679,0.9602060577938649,0.022352725774997372
uniform_0_1,e6m25,dot,65536,1,word_branchy_x2,direct_words_branchy,none,shift_mask,2,0.005171203069101897,0.9565002151089327,0.09571343384768631
uniform_0_1,e6m25,dot,1048576,1,prefix_shared_x8,prefix_high_lut,shared,shift_mask,8,0.007833777438112787,1.220999202073938,0.4587222905110135
uniform_0_1,e6m25,dot,16777216,1,prefix_global_x2,prefix_high_lut,global,shift_mask,2,0.044179583307522446,1.663353336677754,0.05844730941281829
uniform_0_1,e6m25,dot,134217728,1,prefix_global_x2,prefix_high_lut,global,shift_mask,2,0.2683674267360142,1.8772471977847784,0.037669783194262424
normal_0_1,e6m25,gemv,256,1024,word_branchy_x1,direct_words_branchy,none,shift_mask,1,0.003675442608588977,0.9511465926718689,0.256625828976306
normal_0_1,e6m25,gemv,1024,1024,prefix_global_x2,prefix_high_lut,global,shift_mask,2,0.00505015097443368,0.8712830076970036,0.20927988148995255
normal_0_1,e6m25,gemv,4096,1024,prefix_global_x4,prefix_high_lut,global,shift_mask,4,0.010214612395102626,0.7722478429868159,0.11591144890463437
normal_0_1,e6m25,gemv,16384,1024,prefix_global_x8,prefix_high_lut,global,shift_mask,8,0.03195696186136316,1.3650889842220542,0.07960008665899945
normal_0_1,e6m25,gemv,65536,1024,prefix_global_x8,prefix_high_lut,global,shift_mask,8,0.10948162509086437,1.3728283328822326,0.18209732027110198
uniform_0_1,e6m25,gemv,256,1024,prefix_global_x2,prefix_high_lut,global,shift_mask,2,0.003642062289856649,0.9599056810303533,0.7494845505753152
uniform_0_1,e6m25,gemv,1024,1024,prefix_global_x2,prefix_high_lut,global,shift_mask,2,0.005047856750208432,0.8724274647314678,0.22123800671373628
uniform_0_1,e6m25,gemv,4096,1024,prefix_global_x4,prefix_high_lut,global,shift_mask,4,0.010136026753844207,0.7734599750976715,0.1633459775523469
uniform_0_1,e6m25,gemv,16384,1024,prefix_global_x8,prefix_high_lut,global,shift_mask,8,0.031589044106973184,1.3812904578420209,0.069057571283198
uniform_0_1,e6m25,gemv,65536,1024,prefix_global_x8,prefix_high_lut,global,shift_mask,8,0.10888343387179905,1.3801715868139692,0.12088476553963898
normal_0_1,e6m9,dot,4096,1,word_masked_x1,direct_words_masked,none,shift_mask,1,0.004803573844691276,0.9737220504786422,0.18627486867124243
normal_0_1,e6m9,dot,65536,1,subnormal_global_x2,subnormal_high_lut,global,shift_mask,2,0.005126951237470428,0.9647930837999645,0.05354269311306598
normal_0_1,e6m9,dot,1048576,1,word_branchy_x8,direct_words_branchy,none,shift_mask,8,0.007451723616964233,1.2839814554402766,0.14820904284322134
normal_0_1,e6m9,dot,16777216,1,subnormal_global_x8,subnormal_high_lut,global,shift_mask,8,0.04046841252148982,1.806525018248798,0.05948692566752695
normal_0_1,e6m9,dot,134217728,1,subnormal_global_x8,subnormal_high_lut,global,shift_mask,8,0.2500970681508382,2.0128504131652067,0.07607485293224378
uniform_0_1,e6m9,dot,4096,1,word_masked_x1,direct_words_masked,none,shift_mask,1,0.0047786926944895945,0.9616813840004481,0.0851289607080719
uniform_0_1,e6m9,dot,65536,1,fp32_bits_x2,fp32_bits,none,shift_mask,2,0.005154126087630383,0.956902548349029,0.21947782739995023
uniform_0_1,e6m9,dot,1048576,1,word_branchy_x8,direct_words_branchy,none,shift_mask,8,0.00745583443062558,1.2824787389488244,0.2041195948800214
uniform_0_1,e6m9,dot,16777216,1,subnormal_global_x8,subnormal_high_lut,global,shift_mask,8,0.04099341387248171,1.7944385363805,0.07107171398350627
uniform_0_1,e6m9,dot,134217728,1,subnormal_global_x8,subnormal_high_lut,global,shift_mask,8,0.2503942270747951,2.0130474816849815,0.10983593817083774
normal_0_1,e6m9,gemv,256,1024,word_branchy_x1,direct_words_branchy,none,shift_mask,1,0.0036189322526471003,0.9663037020952863,0.30987740383964124
normal_0_1,e6m9,gemv,1024,1024,subnormal_global_x4,subnormal_high_lut,global,shift_mask,4,0.004954128632350798,0.8888401864913593,0.3175863159915265
normal_0_1,e6m9,gemv,4096,1024,prefix_shared_x4,prefix_high_lut,shared,shift_mask,4,0.009453696540639371,0.8333887999399846,0.2906268398896132
normal_0_1,e6m9,gemv,16384,1024,prefix_shared_x4,prefix_high_lut,shared,shift_mask,4,0.02838844360719984,1.5400198727030379,0.14879882679172288
normal_0_1,e6m9,gemv,65536,1024,prefix_shared_x4,prefix_high_lut,shared,shift_mask,4,0.10706382250263743,1.4037413710731765,0.0607846461149865
uniform_0_1,e6m9,gemv,256,1024,word_branchy_x1,direct_words_branchy,none,shift_mask,1,0.0036192651446236173,0.9658799842639681,0.4029071114380016
uniform_0_1,e6m9,gemv,1024,1024,subnormal_global_x4,subnormal_high_lut,global,shift_mask,4,0.004953857004948723,0.8880952445948732,0.21103178959893373
uniform_0_1,e6m9,gemv,4096,1024,prefix_shared_x4,prefix_high_lut,shared,shift_mask,4,0.009482279102352538,0.830026907933426,0.29525734543888354
uniform_0_1,e6m9,gemv,16384,1024,prefix_shared_x4,prefix_high_lut,shared,shift_mask,4,0.028378063632595922,1.53894617521365,0.15290515595824977
uniform_0_1,e6m9,gemv,65536,1024,prefix_shared_x4,prefix_high_lut,shared,shift_mask,4,0.10687369325735273,1.406870414515639,0.1679502994372716
normal_0_1,e7m0,dot,4096,1,word_masked_x2,direct_words_masked,none,shift_mask,2,0.004593419732514375,1.000501394281471,0.010503613223401523
normal_0_1,e7m0,dot,65536,1,word_branchy_x4,direct_words_branchy,none,shift_mask,4,0.004872984958417488,1.0140750018409046,0.34736485830791886
normal_0_1,e7m0,dot,1048576,1,full_high_shared_x8,full_high_lut,shared,shift_mask,8,0.0065028718235716435,1.46970298936406,0.28525866540466255
normal_0_1,e7m0,dot,16777216,1,full_high_shared_x8,full_high_lut,shared,shift_mask,8,0.02119819526385544,3.4715304093177024,0.18538640433357442
normal_0_1,e7m0,dot,134217728,1,full_high_global_x8,full_high_lut,global,shift_mask,8,0.10466743196759905,4.813906222740159,0.10909475861009242
uniform_0_1,e7m0,dot,4096,1,word_masked_x2,direct_words_masked,none,shift_mask,2,0.004593169824054077,1.0082509580317898,0.0074037042186761775
uniform_0_1,e7m0,dot,65536,1,word_masked_x4,direct_words_masked,none,shift_mask,4,0.004859484957926201,1.0084532214899662,0.19725597266034697
uniform_0_1,e7m0,dot,1048576,1,full_high_shared_x8,full_high_lut,shared,shift_mask,8,0.00649230961344079,1.4715385988758412,0.13019674849858795
uniform_0_1,e7m0,dot,16777216,1,full_high_shared_x8,full_high_lut,shared,shift_mask,8,0.01990865136301795,3.6952069239710363,0.1855876216467935
uniform_0_1,e7m0,dot,134217728,1,full_high_global_x8,full_high_lut,global,shift_mask,8,0.10222466786702473,4.928323760538108,0.09183588242767135
normal_0_1,e7m0,gemv,256,1024,word_masked_x2,direct_words_masked,none,shift_mask,2,0.0036042590889495208,0.9701801900240904,0.013544899912594657
normal_0_1,e7m0,gemv,1024,1024,full_high_global_x4,full_high_lut,global,shift_mask,4,0.004103542776668773,1.0727399107016637,0.24284380622629256
normal_0_1,e7m0,gemv,4096,1024,full_high_global_x4,full_high_lut,global,shift_mask,4,0.006674458455983918,1.1802766935319098,0.24835795715866532
normal_0_1,e7m0,gemv,16384,1024,full_high_shared_x4,full_high_lut,shared,shift_mask,4,0.015541786129034839,2.811387460558177,0.106881317202303
normal_0_1,e7m0,gemv,65536,1024,full_high_shared_x4,full_high_lut,shared,shift_mask,4,0.057548492553224605,2.613203521300465,0.19049218786030783
uniform_0_1,e7m0,gemv,256,1024,word_branchy_x2,direct_words_branchy,none,shift_mask,2,0.0036036772017153155,0.9701742087041222,0.02465360434088978
uniform_0_1,e7m0,gemv,1024,1024,full_high_global_x4,full_high_lut,global,shift_mask,4,0.004036527062461819,1.089561375243735,0.3878073558442798
uniform_0_1,e7m0,gemv,4096,1024,full_high_shared_x8,full_high_lut,shared,shift_mask,8,0.0061739474012140645,1.276195823035624,0.3117244808886156
uniform_0_1,e7m0,gemv,16384,1024,full_high_shared_x8,full_high_lut,shared,shift_mask,8,0.013388686324009413,3.2599932425743563,0.021143787087993055
uniform_0_1,e7m0,gemv,65536,1024,full_high_shared_x8,full_high_lut,shared,shift_mask,8,0.05014633470111423,3.0009819754102622,0.14364860266801313
normal_0_1,e7m24,dot,4096,1,word_masked_x1,direct_words_masked,none,shift_mask,1,0.004810350904416177,0.9556850453972897,0.15497763759885982
normal_0_1,e7m24,dot,65536,1,word_branchy_x2,direct_words_branchy,none,shift_mask,2,0.005149358181937124,0.9589549680249297,0.176258664258998
normal_0_1,e7m24,dot,1048576,1,prefix_shared_x8,prefix_high_lut,shared,shift_mask,8,0.007988058836342337,1.1974995171483471,0.2517053849921884
normal_0_1,e7m24,dot,16777216,1,prefix_global_x2,prefix_high_lut,global,shift_mask,2,0.04409050800391203,1.6566547418316528,0.06735410160128379
normal_0_1,e7m24,dot,134217728,1,prefix_global_x2,prefix_high_lut,global,shift_mask,2,0.2683799948011126,1.8758834812604062,0.03903463189708181
uniform_0_1,e7m24,dot,4096,1,word_masked_x1,direct_words_masked,none,shift_mask,1,0.004803442924358893,0.973674820228891,0.1796625086198222
uniform_0_1,e7m24,dot,65536,1,word_branchy_x2,direct_words_branchy,none,shift_mask,2,0.00515100614752027,0.9606297789937576,0.15390780155729306
uniform_0_1,e7m24,dot,1048576,1,prefix_shared_x8,prefix_high_lut,shared,shift_mask,8,0.007952999623452781,1.202373258605615,0.24973754057230152
uniform_0_1,e7m24,dot,16777216,1,prefix_global_x2,prefix_high_lut,global,shift_mask,2,0.04388814297910967,1.6642254987197023,0.05414144284116388
uniform_0_1,e7m24,dot,134217728,1,prefix_global_x2,prefix_high_lut,global,shift_mask,2,0.26785600185394287,1.8794774579995275,0.03631625183127786
normal_0_1,e7m24,gemv,256,1024,word_branchy_x1,direct_words_branchy,none,shift_mask,1,0.003684061726313344,0.9489163604326497,0.24490475423308256
normal_0_1,e7m24,gemv,1024,1024,prefix_global_x2,prefix_high_lut,global,shift_mask,2,0.0050461539361181485,0.8726835234123392,0.1976124954841101
normal_0_1,e7m24,gemv,4096,1024,prefix_global_x4,prefix_high_lut,global,shift_mask,4,0.010235555810866014,0.7702823339837129,0.17022345673875877
normal_0_1,e7m24,gemv,16384,1024,prefix_global_x8,prefix_high_lut,global,shift_mask,8,0.03199222627675758,1.361849027601136,0.07333209400155365
normal_0_1,e7m24,gemv,65536,1024,prefix_global_x8,prefix_high_lut,global,shift_mask,8,0.1096083584116466,1.3716037237425909,0.17036983964209448
uniform_0_1,e7m24,gemv,256,1024,prefix_global_x2,prefix_high_lut,global,shift_mask,2,0.003654701044951948,0.956505322983072,0.4617261826955188
uniform_0_1,e7m24,gemv,1024,1024,prefix_global_x2,prefix_high_lut,global,shift_mask,2,0.005049451674088484,0.8717564410971999,0.19461729058676527
uniform_0_1,e7m24,gemv,4096,1024,prefix_global_x4,prefix_high_lut,global,shift_mask,4,0.010141562478255288,0.7733861086832698,0.23004656299662682
uniform_0_1,e7m24,gemv,16384,1024,prefix_global_x8,prefix_high_lut,global,shift_mask,8,0.03158526577792325,1.3811722590884141,0.0922781508458831
uniform_0_1,e7m24,gemv,65536,1024,prefix_global_x8,prefix_high_lut,global,shift_mask,8,0.1088914657706645,1.3805417448459643,0.15643628618847663
normal_0_1,e7m8,dot,4096,1,word_masked_x1,direct_words_masked,none,shift_mask,1,0.0048186401497790545,0.9577889785519491,0.06144036336045537
normal_0_1,e7m8,dot,65536,1,word_masked_x2,direct_words_masked,none,shift_mask,2,0.005117876824108798,0.9675368676987584,0.2576997925729721
normal_0_1,e7m8,dot,1048576,1,word_branchy_x8,direct_words_branchy,none,shift_mask,8,0.007457191895956945,1.2829061637040338,0.22548609443298667
normal_0_1,e7m8,dot,16777216,1,subnormal_global_x8,subnormal_high_lut,global,shift_mask,8,0.04060834905375605,1.8124546888458395,0.05817996517294642
normal_0_1,e7m8,dot,134217728,1,subnormal_global_x8,subnormal_high_lut,global,shift_mask,8,0.2505946636199951,2.0111393764818626,0.05910865591826834
uniform_0_1,e7m8,dot,4096,1,word_masked_x1,direct_words_masked,none,shift_mask,1,0.00472830583949289,0.979073502264289,0.4254785370203247
uniform_0_1,e7m8,dot,65536,1,subnormal_global_x2,subnormal_high_lut,global,shift_mask,2,0.005127303076512886,0.9568443455219426,0.05243332664101235
uniform_0_1,e7m8,dot,1048576,1,word_branchy_x8,direct_words_branchy,none,shift_mask,8,0.007437973983528078,1.2853416345243471,0.16729409539971468
uniform_0_1,e7m8,dot,16777216,1,full_high_l2_x8,full_high_lut,global,shift_mask,8,0.03962758101152452,1.844579853083944,0.10678355579952586
uniform_0_1,e7m8,dot,134217728,1,full_high_l2_x8,full_high_lut,global,shift_mask,8,0.2419416827540244,2.0815550613388663,0.11639945081573652
normal_0_1,e7m8,gemv,256,1024,word_branchy_x1,direct_words_branchy,none,shift_mask,1,0.0036219180780948357,0.9655164024258407,0.26093930613311805
normal_0_1,e7m8,gemv,1024,1024,subnormal_global_x4,subnormal_high_lut,global,shift_mask,4,0.004955620923815125,0.8884328056502129,0.23591117775774761
normal_0_1,e7m8,gemv,4096,1024,prefix_shared_x4,prefix_high_lut,shared,shift_mask,4,0.009554399522476992,0.821418373347395,0.11909879328633297
normal_0_1,e7m8,gemv,16384,1024,prefix_shared_x4,prefix_high_lut,shared,shift_mask,4,0.028434184660394508,1.5359982487672257,0.12904926270342906
normal_0_1,e7m8,gemv,65536,1024,prefix_shared_x4,prefix_high_lut,shared,shift_mask,4,0.10712292246574903,1.403068502581174,0.057285540526552034
uniform_0_1,e7m8,gemv,256,1024,word_branchy_x1,direct_words_branchy,none,shift_mask,1,0.003623422928261956,0.964832686365743,0.46445172752499303
uniform_0_1,e7m8,gemv,1024,1024,subnormal_global_x4,subnormal_high_lut,global,shift_mask,4,0.004947085942197216,0.8897391508122627,0.18894038959506765
uniform_0_1,e7m8,gemv,4096,1024,prefix_shared_x4,prefix_high_lut,shared,shift_mask,4,0.009553502842301729,0.8244372156806192,0.11755188293181905
uniform_0_1,e7m8,gemv,16384,1024,prefix_shared_x4,prefix_high_lut,shared,shift_mask,4,0.028420636351679414,1.5367781408573942,0.15735623995163026
uniform_0_1,e7m8,gemv,65536,1024,prefix_shared_x4,prefix_high_lut,shared,shift_mask,4,0.10694400123927904,1.4051678014561784,0.15360995841427993
normal_0_1,e9m22,dot,4096,1,word_masked_x1,direct_words_masked,none,shift_mask,1,0.00481236900435034,0.9600287317731708,0.18056011402111102
normal_0_1,e9m22,dot,65536,1,word_branchy_x2,direct_words_branchy,none,shift_mask,2,0.005149902530001042,0.9608990201868532,0.13367853815265415
normal_0_1,e9m22,dot,1048576,1,word_branchy_x8,direct_words_branchy,none,shift_mask,8,0.008014754462226263,1.1932910784480288,0.17187889658770136
normal_0_1,e9m22,dot,16777216,1,prefix_global_x2,prefix_high_lut,global,shift_mask,2,0.04406779880693475,1.6568687731754508,0.09876918339328881
normal_0_1,e9m22,dot,134217728,1,prefix_global_x2,prefix_high_lut,global,shift_mask,2,0.27136971269335064,1.8552638206241534,0.04150173717387039
uniform_0_1,e9m22,dot,4096,1,word_masked_x1,direct_words_masked,none,shift_mask,1,0.004823945533790571,0.9570849712351571,0.02466839193445392
uniform_0_1,e9m22,dot,65536,1,word_branchy_x2,direct_words_branchy,none,shift_mask,2,0.0051502662526842925,0.9614729199214721,0.1639011846160362
uniform_0_1,e9m22,dot,1048576,1,word_branchy_x8,direct_words_branchy,none,shift_mask,8,0.008008488293351799,1.194096028586816,0.08857950660508533
uniform_0_1,e9m22,dot,16777216,1,prefix_global_x2,prefix_high_lut,global,shift_mask,2,0.044300860705034015,1.6587719389841604,0.13413214271614998
uniform_0_1,e9m22,dot,134217728,1,prefix_global_x2,prefix_high_lut,global,shift_mask,2,0.2714816006747159,1.8560433272869723,0.043439238883025234
normal_0_1,e9m22,gemv,256,1024,word_branchy_x1,direct_words_branchy,none,shift_mask,1,0.0036787272420168845,0.9504259110581987,0.25950223381937737
normal_0_1,e9m22,gemv,1024,1024,prefix_global_x2,prefix_high_lut,global,shift_mask,2,0.005039978869440276,0.8733769978462663,0.15054195699848913
normal_0_1,e9m22,gemv,4096,1024,prefix_global_x4,prefix_high_lut,global,shift_mask,4,0.010328382378551807,0.7625179254513949,0.04552225591971636
normal_0_1,e9m22,gemv,16384,1024,prefix_global_x8,prefix_high_lut,global,shift_mask,8,0.03204512543265941,1.3621379363314172,0.0909325645127413
normal_0_1,e9m22,gemv,65536,1024,prefix_global_x8,prefix_high_lut,global,shift_mask,8,0.109569662588614,1.3716592466635802,0.1273956322084933
uniform_0_1,e9m22,gemv,256,1024,prefix_global_x2,prefix_high_lut,global,shift_mask,2,0.0036733655722007447,0.9517876952945024,0.6884721313412763
uniform_0_1,e9m22,gemv,1024,1024,prefix_global_x2,prefix_high_lut,global,shift_mask,2,0.005042937134872358,0.8729663730474498,0.25849868395205017
uniform_0_1,e9m22,gemv,4096,1024,prefix_global_x8,prefix_high_lut,global,shift_mask,8,0.010201604907186572,0.7717819991655869,0.07893018624138286
uniform_0_1,e9m22,gemv,16384,1024,prefix_global_x8,prefix_high_lut,global,shift_mask,8,0.03167644379630921,1.377381979400394,0.07106950151712034
uniform_0_1,e9m22,gemv,65536,1024,prefix_global_x8,prefix_high_lut,global,shift_mask,8,0.10897815049584232,1.3800546006368846,0.13957530214432945
normal_0_1,e9m6,dot,4096,1,word_masked_x1,direct_words_masked,none,shift_mask,1,0.004715732801130761,0.9824531699416055,0.03839830364685339
normal_0_1,e9m6,dot,65536,1,word_masked_x2,direct_words_masked,none,shift_mask,2,0.005125383742006178,0.9565755918571973,0.01689741627528294
normal_0_1,e9m6,dot,1048576,1,word_branchy_x8,direct_words_branchy,none,shift_mask,8,0.007446204951146542,1.2849059709420585,0.16382851404535656
normal_0_1,e9m6,dot,16777216,1,full_high_l2_x8,full_high_lut,global,shift_mask,8,0.036928996792087304,1.9928868450163737,0.06172140583793358
normal_0_1,e9m6,dot,134217728,1,full_high_l2_x8,full_high_lut,global,shift_mask,8,0.2127131462097168,2.3687111038579953,0.0477901662976423
uniform_0_1,e9m6,dot,4096,1,word_masked_x1,direct_words_masked,none,shift_mask,1,0.004752468586189699,0.9691821247065223,0.24597292673478377
uniform_0_1,e9m6,dot,65536,1,word_masked_x2,direct_words_masked,none,shift_mask,2,0.005123833486609591,0.9663211210377289,0.031738563008009764
uniform_0_1,e9m6,dot,1048576,1,word_branchy_x8,direct_words_branchy,none,shift_mask,8,0.007432558817301919,1.2864735293490461,0.13298357021551643
uniform_0_1,e9m6,dot,16777216,1,full_high_l2_x8,full_high_lut,global,shift_mask,8,0.03136222774972393,2.330356292676049,0.06895303409500686
uniform_0_1,e9m6,dot,134217728,1,full_high_l2_x8,full_high_lut,global,shift_mask,8,0.15489338855354154,3.250332013688918,0.16811486131768963
normal_0_1,e9m6,gemv,256,1024,word_branchy_x1,direct_words_branchy,none,shift_mask,1,0.0036226949312089477,0.9652409697384192,0.3005297035268317
normal_0_1,e9m6,gemv,1024,1024,subnormal_global_x4,subnormal_high_lut,global,shift_mask,4,0.004954488889424805,0.888200728168695,0.20627833899591586
normal_0_1,e9m6,gemv,4096,1024,full_high_l2_x4,full_high_lut,global,shift_mask,4,0.010235925684153326,0.7697220684008078,0.1921577559756453
normal_0_1,e9m6,gemv,16384,1024,prefix_shared_x4,prefix_high_lut,shared,shift_mask,4,0.02919480005900065,1.495794890916675,0.12511162878177848
normal_0_1,e9m6,gemv,65536,1024,prefix_shared_x4,prefix_high_lut,shared,shift_mask,4,0.10841176790349624,1.3866473127084482,0.13492335226390906
uniform_0_1,e9m6,gemv,256,1024,word_branchy_x1,direct_words_branchy,none,shift_mask,1,0.003620796144055166,0.9654679971540877,0.2542910107817093
uniform_0_1,e9m6,gemv,1024,1024,full_high_l2_x4,full_high_lut,global,shift_mask,4,0.004809454534993027,0.9142611980736653,0.04913058226821117
uniform_0_1,e9m6,gemv,4096,1024,full_high_l2_x4,full_high_lut,global,shift_mask,4,0.008401772515340284,0.9372578825226732,0.09441983791408722
uniform_0_1,e9m6,gemv,16384,1024,full_high_l2_x4,full_high_lut,global,shift_mask,4,0.022105315798207334,1.9753552659086984,0.8764790068596602
uniform_0_1,e9m6,gemv,65536,1024,full_high_l2_x8,full_high_lut,global,shift_mask,8,0.07724867983067289,1.9458735403487044,0.20906760361302926
normal_0_1,fp4_e2m1,dot,4096,1,word_masked_x2,direct_words_masked,none,shift_mask,2,0.004592635216967584,1.0058710512828672,0.016724470338871908
normal_0_1,fp4_e2m1,dot,65536,1,word_branchy_x4,direct_words_branchy,none,shift_mask,4,0.0048820347027395995,1.0046026432167259,0.05301887958080064
normal_0_1,fp4_e2m1,dot,1048576,1,full_high_shared_x8,full_high_lut,shared,shift_mask,8,0.00625662522848714,1.5275959613500036,0.09906768853337838
normal_0_1,fp4_e2m1,dot,16777216,1,full_high_shared_x8,full_high_lut,shared,shift_mask,8,0.01821691316107045,4.012961170515363,0.13926947700708098
normal_0_1,fp4_e2m1,dot,134217728,1,full_high_shared_x8,full_high_lut,shared,shift_mask,8,0.09811920519696166,5.132075840538136,0.1040922147756555
uniform_0_1,fp4_e2m1,dot,4096,1,word_masked_x2,direct_words_masked,none,shift_mask,2,0.004592989500818115,1.0190842080581346,0.011572992015068428
uniform_0_1,fp4_e2m1,dot,65536,1,full_high_global_x4,full_high_lut,global,shift_mask,4,0.0048804968894524715,1.0135562096266173,0.09466276783292586
uniform_0_1,fp4_e2m1,dot,1048576,1,full_high_shared_x8,full_high_lut,shared,shift_mask,8,0.006257959888347804,1.5262676137531732,0.07395968462669968
uniform_0_1,fp4_e2m1,dot,16777216,1,full_high_shared_x8,full_high_lut,shared,shift_mask,8,0.018213217673094376,4.013524663978294,0.1381280263130913
uniform_0_1,fp4_e2m1,dot,134217728,1,full_high_shared_x8,full_high_lut,shared,shift_mask,8,0.09799178650504664,5.139413136790979,0.08991970532874305
normal_0_1,fp4_e2m1,gemv,256,1024,full_high_global_x2,full_high_lut,global,shift_mask,2,0.0035993824557365977,0.9715466476654407,0.46459269936688724
normal_0_1,fp4_e2m1,gemv,1024,1024,full_high_global_x4,full_high_lut,global,shift_mask,4,0.0040848671889104765,1.076864842744981,0.03258567656261589
normal_0_1,fp4_e2m1,gemv,4096,1024,full_high_shared_x8,full_high_lut,shared,shift_mask,8,0.006303747495015462,1.2495250673927836,0.3383190994210697
normal_0_1,fp4_e2m1,gemv,16384,1024,full_high_shared_x8,full_high_lut,shared,shift_mask,8,0.014318502742246952,3.0510160028464504,0.08312437595859219
normal_0_1,fp4_e2m1,gemv,65536,1024,full_high_shared_x8,full_high_lut,shared,shift_mask,8,0.046615662714557464,3.22524616019816,2.7569213258607843
uniform_0_1,fp4_e2m1,gemv,256,1024,full_high_global_x2,full_high_lut,global,shift_mask,2,0.0035783860967336374,0.9769230131444345,0.7748122402334334
uniform_0_1,fp4_e2m1,gemv,1024,1024,full_high_global_x4,full_high_lut,global,shift_mask,4,0.004083612778798024,1.0770778796252196,0.0376021518046716
uniform_0_1,fp4_e2m1,gemv,4096,1024,full_high_shared_x8,full_high_lut,shared,shift_mask,8,0.006324837553863613,1.2449335878783439,0.27809463075335494
uniform_0_1,fp4_e2m1,gemv,16384,1024,full_high_shared_x8,full_high_lut,shared,shift_mask,8,0.014314248874232858,3.051212625701345,0.0776518551367876
uniform_0_1,fp4_e2m1,gemv,65536,1024,full_high_shared_x8,full_high_lut,shared,shift_mask,8,0.046541542730233774,3.231229911123809,2.6513774205789296
