graph_id,variant,label,target_x,actual_x,samples,median_ms,q1_ms,q3_ms,minimum_ms,maximum_ms
g1_u16_global_fp64,u16_global_fp64,16-bit full global LUT to FP64,0.0,0.0,50,0.26334400475025177,0.2624320089817047,0.2637920081615448,0.26159998774528503,0.26796799898147583
g1_u16_global_fp64,u16_global_fp64,16-bit full global LUT to FP64,0.125,0.12497824779789957,50,0.3424319922924042,0.34189600497484207,0.3431280106306076,0.34009599685668945,0.3455039858818054
g1_u16_global_fp64,u16_global_fp64,16-bit full global LUT to FP64,0.25,0.25001453776987437,50,0.35395199060440063,0.3534240052103996,0.3545200079679489,0.351967990398407,0.3563840091228485
g1_u16_global_fp64,u16_global_fp64,16-bit full global LUT to FP64,0.375,0.3750076711352803,50,0.39399999380111694,0.3933280035853386,0.39446398615837097,0.390175998210907,0.39587199687957764
g1_u16_global_fp64,u16_global_fp64,16-bit full global LUT to FP64,0.5,0.5000412993985434,50,0.49691200256347656,0.49637599289417267,0.4976959899067879,0.49484801292419434,0.49881601333618164
g1_u16_global_fp64,u16_global_fp64,16-bit full global LUT to FP64,0.625,0.6250125082846764,50,0.6032000184059143,0.6022560149431229,0.603863999247551,0.6011840105056763,0.6054400205612183
g1_u16_global_fp64,u16_global_fp64,16-bit full global LUT to FP64,0.75,0.7500356666474866,50,0.7097119987010956,0.7084719836711884,0.7105440199375153,0.7068799734115601,0.7142400145530701
g1_u16_global_fp64,u16_global_fp64,16-bit full global LUT to FP64,0.875,0.8750384467837726,50,0.8172320127487183,0.8164479732513428,0.8179759830236435,0.8147839903831482,0.8188160061836243
g1_u16_global_fp64,u16_global_fp64,16-bit full global LUT to FP64,1.0,1.0000001089054222,50,0.9552159905433655,0.9542799741029739,0.9559280127286911,0.9520959854125977,0.9570879936218262
g2_u8_shared_fp32,u8_shared_fp32,8-bit shared LUT to FP32,0.0,0.0,50,0.25014400482177734,0.24966399371623993,0.25064000487327576,0.2481279969215393,0.2519040107727051
g2_u8_shared_fp32,u8_shared_fp32,8-bit shared LUT to FP32,0.125,0.12499641255304807,50,0.2503200024366379,0.24966399371623993,0.2507999911904335,0.24764800071716309,0.25305598974227905
g2_u8_shared_fp32,u8_shared_fp32,8-bit shared LUT to FP32,0.25,0.2500040766360051,50,0.24955199658870697,0.24900799617171288,0.2500400096178055,0.2476159930229187,0.25123199820518494
g2_u8_shared_fp32,u8_shared_fp32,8-bit shared LUT to FP32,0.375,0.37500540713048974,50,0.24939200282096863,0.24902400374412537,0.25016801059246063,0.2481600046157837,0.25228801369667053
g2_u8_shared_fp32,u8_shared_fp32,8-bit shared LUT to FP32,0.5,0.5000304681244188,50,0.2495039999485016,0.2489359974861145,0.2500400096178055,0.24809600412845612,0.25142401456832886
g2_u8_shared_fp32,u8_shared_fp32,8-bit shared LUT to FP32,0.625,0.6250064151674288,50,0.24934400618076324,0.24881599470973015,0.2500160038471222,0.24809600412845612,0.2524160146713257
g2_u8_shared_fp32,u8_shared_fp32,8-bit shared LUT to FP32,0.75,0.7500303550998323,50,0.24910400062799454,0.24844799935817719,0.24963200092315674,0.24719999730587006,0.2524479925632477
g2_u8_shared_fp32,u8_shared_fp32,8-bit shared LUT to FP32,0.875,0.8750284778854266,50,0.2495039999485016,0.24904800206422806,0.24989599734544754,0.24803200364112854,0.25145599246025085
g2_u8_shared_fp32,u8_shared_fp32,8-bit shared LUT to FP32,1.0,0.9999887955305267,50,0.24982400238513947,0.24899999797344208,0.2503359913825989,0.24828800559043884,0.25248000025749207
g3_u8_shared_fp64,u8_shared_fp64,8-bit shared LUT to FP64,0.0,0.0,50,0.2549920082092285,0.25466398894786835,0.2558320015668869,0.25302401185035706,0.25833600759506226
g3_u8_shared_fp64,u8_shared_fp64,8-bit shared LUT to FP64,0.125,0.12499641255304807,50,0.25516799092292786,0.25432801246643066,0.25573600828647614,0.2535040080547333,0.2592960000038147
g3_u8_shared_fp64,u8_shared_fp64,8-bit shared LUT to FP64,0.25,0.2500040766360051,50,0.2545119971036911,0.254055991768837,0.2550319954752922,0.2528960108757019,0.2569600045681
g3_u8_shared_fp64,u8_shared_fp64,8-bit shared LUT to FP64,0.375,0.37500540713048974,50,0.25518399477005005,0.2547280043363571,0.25593600422143936,0.2536959946155548,0.2585600018501282
g3_u8_shared_fp64,u8_shared_fp64,8-bit shared LUT to FP64,0.5,0.5000304681244188,50,0.25676798820495605,0.256415992975235,0.25733600556850433,0.25459200143814087,0.2584959864616394
g3_u8_shared_fp64,u8_shared_fp64,8-bit shared LUT to FP64,0.625,0.6250064151674288,50,0.25761599838733673,0.2571040019392967,0.25832800567150116,0.25593599677085876,0.2608320116996765
g3_u8_shared_fp64,u8_shared_fp64,8-bit shared LUT to FP64,0.75,0.7500303550998323,50,0.2581759989261627,0.2576639950275421,0.2587439939379692,0.255264014005661,0.26076799631118774
g3_u8_shared_fp64,u8_shared_fp64,8-bit shared LUT to FP64,0.875,0.8750284778854266,50,0.25972799956798553,0.25910401344299316,0.2604079991579056,0.2574079930782318,0.2618879973888397
g3_u8_shared_fp64,u8_shared_fp64,8-bit shared LUT to FP64,1.0,0.9999887955305267,50,0.26104000210762024,0.26017600297927856,0.2616079971194267,0.2590399980545044,0.2643519937992096
g4_u16_split_fp32,u16_2x8_shared_fp32,2 x 8-bit shared LUTs,0.0,0.0,50,0.26555199921131134,0.26499199867248535,0.26610399782657623,0.2637439966201782,0.2677119970321655
g4_u16_split_fp32,u16_2x8_shared_fp32,2 x 8-bit shared LUTs,0.125,0.12496163100550035,50,0.2662239968776703,0.26554400473833084,0.26655998826026917,0.26364800333976746,0.26761600375175476
g4_u16_split_fp32,u16_2x8_shared_fp32,2 x 8-bit shared LUTs,0.25,0.2499580026438942,50,0.2662560045719147,0.2658880054950714,0.2670160084962845,0.26451200246810913,0.2682879865169525
g4_u16_split_fp32,u16_2x8_shared_fp32,2 x 8-bit shared LUTs,0.375,0.3749476520046006,50,0.26785600185394287,0.2672800049185753,0.26844799518585205,0.2658880054950714,0.2694079875946045
g4_u16_split_fp32,u16_2x8_shared_fp32,2 x 8-bit shared LUTs,0.5,0.49999789596819866,50,0.268559992313385,0.26812800765037537,0.269167996942997,0.2672320008277893,0.2727360129356384
g4_u16_split_fp32,u16_2x8_shared_fp32,2 x 8-bit shared LUTs,0.625,0.6249940630333214,50,0.26972800493240356,0.2691039964556694,0.2701999992132187,0.2669439911842346,0.2717120051383972
g4_u16_split_fp32,u16_2x8_shared_fp32,2 x 8-bit shared LUTs,0.75,0.7499899150556067,50,0.2701759934425354,0.26953601092100143,0.27107200026512146,0.26790401339530945,0.2725119888782501
g4_u16_split_fp32,u16_2x8_shared_fp32,2 x 8-bit shared LUTs,0.875,0.8749743232491083,50,0.27163200080394745,0.27108799666166306,0.27211999148130417,0.26982399821281433,0.2741119861602783
g4_u16_split_fp32,u16_2x8_shared_fp32,2 x 8-bit shared LUTs,1.0,0.9999846426931238,50,0.2733439952135086,0.27264799177646637,0.273936003446579,0.2715199887752533,0.2759679853916168
g4_u16_split_fp32,u16_4x4_shared_fp32,4 x 4-bit shared LUTs,0.0,0.0,50,0.2773759961128235,0.27699199318885803,0.27771999686956406,0.2744959890842438,0.27932798862457275
g4_u16_split_fp32,u16_4x4_shared_fp32,4 x 4-bit shared LUTs,0.125,0.12497928400945676,50,0.2778239995241165,0.2770959883928299,0.27877600491046906,0.27513599395751953,0.28041601181030273
g4_u16_split_fp32,u16_4x4_shared_fp32,4 x 4-bit shared LUTs,0.25,0.24993673215529055,50,0.2778880000114441,0.2770320028066635,0.27832799404859543,0.2747519910335541,0.2791680097579956
g4_u16_split_fp32,u16_4x4_shared_fp32,4 x 4-bit shared LUTs,0.375,0.37494655972230245,50,0.27799999713897705,0.27718400955200195,0.27848799526691437,0.2754240036010742,0.27990400791168213
g4_u16_split_fp32,u16_4x4_shared_fp32,4 x 4-bit shared LUTs,0.5,0.49993895352109347,50,0.27777600288391113,0.27723999321460724,0.27848000079393387,0.2754240036010742,0.2796800136566162
g4_u16_split_fp32,u16_4x4_shared_fp32,4 x 4-bit shared LUTs,0.625,0.6249115241053076,50,0.27799999713897705,0.27719200402498245,0.2787280008196831,0.2756800055503845,0.28064000606536865
g4_u16_split_fp32,u16_4x4_shared_fp32,4 x 4-bit shared LUTs,0.75,0.7499725961064784,50,0.277536004781723,0.27690400183200836,0.27822399884462357,0.27507200837135315,0.2800639867782593
g4_u16_split_fp32,u16_4x4_shared_fp32,4 x 4-bit shared LUTs,0.875,0.8749800112516886,50,0.2777920067310333,0.2770959883928299,0.2783439978957176,0.2744959890842438,0.2802880108356476
g4_u16_split_fp32,u16_4x4_shared_fp32,4 x 4-bit shared LUTs,1.0,0.9999968601149158,50,0.2773600071668625,0.27671200782060623,0.27801600098609924,0.27555200457572937,0.2791999876499176
g5_u32_split_fp64,u32_2x16_global_fp64,2 x 16-bit global LUTs,0.0,0.0,50,0.2889440059661865,0.2884159982204437,0.2895919978618622,0.28780800104141235,0.2921279966831207
g5_u32_split_fp64,u32_2x16_global_fp64,2 x 16-bit global LUTs,0.125,0.1249584196065571,50,0.3755680024623871,0.3746480122208595,0.37640000134706497,0.3734720051288605,0.3786559998989105
g5_u32_split_fp64,u32_2x16_global_fp64,2 x 16-bit global LUTs,0.25,0.24996203441161546,50,0.5017600059509277,0.5013759732246399,0.502328023314476,0.5004799962043762,0.5046079754829407
g5_u32_split_fp64,u32_2x16_global_fp64,2 x 16-bit global LUTs,0.375,0.3749453056077484,50,0.7169280052185059,0.7161279916763306,0.7175519913434982,0.7141439914703369,0.719871997833252
g5_u32_split_fp64,u32_2x16_global_fp64,2 x 16-bit global LUTs,0.5,0.49999004996664287,50,0.934112012386322,0.9333760142326355,0.9352159947156906,0.9313279986381531,0.9386879801750183
g5_u32_split_fp64,u32_2x16_global_fp64,2 x 16-bit global LUTs,0.625,0.6249948686948613,50,1.147871971130371,1.1472480297088623,1.1482479572296143,1.1459200382232666,1.1501439809799194
g5_u32_split_fp64,u32_2x16_global_fp64,2 x 16-bit global LUTs,0.75,0.749985444204352,50,1.3638880252838135,1.3632879853248596,1.3650480210781097,1.361631989479065,1.3672319650650024
g5_u32_split_fp64,u32_2x16_global_fp64,2 x 16-bit global LUTs,0.875,0.8749781890833709,50,1.5812959671020508,1.5804000198841095,1.5820560157299042,1.5790719985961914,1.5834879875183105
g5_u32_split_fp64,u32_2x16_global_fp64,2 x 16-bit global LUTs,1.0,1.0000003819998131,50,1.8516640067100525,1.850799947977066,1.8523999750614166,1.8479360342025757,1.853119969367981
g5_u32_split_fp64,u32_4x8_shared_fp64,4 x 8-bit shared LUTs,0.0,0.0,50,0.30323201417922974,0.30270399898290634,0.3036159947514534,0.3012480139732361,0.3062399923801422
g5_u32_split_fp64,u32_4x8_shared_fp64,4 x 8-bit shared LUTs,0.125,0.12496766387126428,50,0.3120640069246292,0.31143198907375336,0.31301601231098175,0.31004801392555237,0.3147200047969818
g5_u32_split_fp64,u32_4x8_shared_fp64,4 x 8-bit shared LUTs,0.25,0.24997507428336518,50,0.3264960050582886,0.3259279876947403,0.32715199142694473,0.3246079981327057,0.32950401306152344
g5_u32_split_fp64,u32_4x8_shared_fp64,4 x 8-bit shared LUTs,0.375,0.3749583675525394,50,0.34913600981235504,0.34812799096107483,0.34988800436258316,0.3470720052719116,0.3524160087108612
g5_u32_split_fp64,u32_4x8_shared_fp64,4 x 8-bit shared LUTs,0.5,0.4999920656299731,50,0.3799999952316284,0.3795360028743744,0.3811440020799637,0.3779520094394684,0.3840959966182709
g5_u32_split_fp64,u32_4x8_shared_fp64,4 x 8-bit shared LUTs,0.625,0.6249955318694077,50,0.4110240042209625,0.4102559983730316,0.41204799711704254,0.40835198760032654,0.41465601325035095
g5_u32_split_fp64,u32_4x8_shared_fp64,4 x 8-bit shared LUTs,0.75,0.7499999861977417,50,0.44116801023483276,0.44047998636960983,0.44170399755239487,0.4392000138759613,0.44390401244163513
g5_u32_split_fp64,u32_4x8_shared_fp64,4 x 8-bit shared LUTs,0.875,0.8749963148757486,50,0.47251200675964355,0.4716399982571602,0.47360800951719284,0.4702399969100952,0.47593599557876587
g5_u32_split_fp64,u32_4x8_shared_fp64,4 x 8-bit shared LUTs,1.0,0.9999985045779717,50,0.49934400618076324,0.4981520026922226,0.5005679875612259,0.4966079890727997,0.5043200254440308
g5_u32_split_fp64,u32_8x4_shared_fp64,8 x 4-bit shared LUTs,0.0,0.0,50,0.3737120032310486,0.37303198873996735,0.37439199537038803,0.3710080087184906,0.3770880103111267
g5_u32_split_fp64,u32_8x4_shared_fp64,8 x 4-bit shared LUTs,0.125,0.12500417330981742,50,0.3829439878463745,0.38199199736118317,0.383416011929512,0.38047999143600464,0.38499200344085693
g5_u32_split_fp64,u32_8x4_shared_fp64,8 x 4-bit shared LUTs,0.25,0.24997944810399408,50,0.38870398700237274,0.3880719989538193,0.38998401165008545,0.38678398728370667,0.3924799859523773
g5_u32_split_fp64,u32_8x4_shared_fp64,8 x 4-bit shared LUTs,0.375,0.3749928138896486,50,0.3898079991340637,0.3892640024423599,0.39074399322271347,0.3877759873867035,0.3919680118560791
g5_u32_split_fp64,u32_8x4_shared_fp64,8 x 4-bit shared LUTs,0.5,0.49998611521854597,50,0.38996800780296326,0.3892560079693794,0.3906479924917221,0.3868800103664398,0.39232000708580017
g5_u32_split_fp64,u32_8x4_shared_fp64,8 x 4-bit shared LUTs,0.625,0.6249943850503373,50,0.3901920020580292,0.389119990170002,0.3909999951720238,0.38758400082588196,0.39366400241851807
g5_u32_split_fp64,u32_8x4_shared_fp64,8 x 4-bit shared LUTs,0.75,0.7499958564477367,50,0.3898560106754303,0.38919200003147125,0.39077599346637726,0.3861759901046753,0.3940480053424835
g5_u32_split_fp64,u32_8x4_shared_fp64,8 x 4-bit shared LUTs,0.875,0.874985713757319,50,0.3919359892606735,0.39101600646972656,0.3930160105228424,0.3877120018005371,0.39417600631713867
g5_u32_split_fp64,u32_8x4_shared_fp64,8 x 4-bit shared LUTs,1.0,0.9999891978037645,50,0.3920160084962845,0.39108800143003464,0.3933039978146553,0.3891200125217438,0.3957119882106781
