gpu,compute_capability,distribution,format,strategy,storage_bits,component,lanes,n,m,blocks,threads,decode_repeats,decoded_values,source_bytes,lookup_bytes_requested,useful_flops,sample_count,median_time_ms,mean_time_ms,stdev_time_ms,cv_percent,mad_time_ms,p05_time_ms,p95_time_ms,min_time_ms,max_time_ms,median_decoded_gvalues_per_s,median_source_gb_per_s,median_lookup_gb_per_s,median_useful_gflop_per_s
NVIDIA H200 NVL,sm_90,normal_0_1,e2m5,branchless_x4,8,dot,4,134217728,1,2112,256,0,268435456.0,268469256.0,0.0,268435456.0,15,0.30664517329289365,0.3066751000820062,0.00044570777689118224,0.14533549569951984,0.0002490997314452681,0.3060601659921499,0.3072497147780198,0.3054946605975811,0.3072807312011719,875.3943625377158,875.5045876543776,0.0,875.3943625377158
NVIDIA H200 NVL,sm_90,normal_0_1,e2m5,branchless_x4,8,gemv,4,65536,1024,1024,256,0,134217728.0,67182592.0,0.0,134217728.0,15,0.16608079274495444,0.16611249711778428,0.00011801896372496812,0.07104761277610872,5.89211781819865e-05,0.16601189772288005,0.16636325359344484,0.1660029411315918,0.16638453801472983,808.147202224127,404.5175296289102,0.0,808.147202224127
NVIDIA H200 NVL,sm_90,normal_0_1,e2m5,branchless_x4,8,register_decode,4,134217728,1,528,256,256,138412032.0,540672.0,0.0,138412032.0,15,0.06454069137573243,0.06448354085286459,9.927486949991502e-05,0.15395381237893804,4.405339558918864e-05,0.06435710906982423,0.06458480962117513,0.06435434977213542,0.0645849609375,2144.570023184529,8.377226653064566,0.0,2144.570023184529
NVIDIA H200 NVL,sm_90,normal_0_1,e2m5,branchless_x4,8,stream_decode,4,134217728,1,2112,256,0,134217728.0,134217728.0,0.0,134217728.0,15,0.16138562148179464,0.16139884163047563,0.00013015734704482657,0.08064329689727465,8.403188813990714e-05,0.16123735691473737,0.16160153489771897,0.1612240706032854,0.16161118484124903,831.6585255096015,831.6585255096015,0.0,831.6585255096015
NVIDIA H200 NVL,sm_90,normal_0_1,e2m5,current_x1,8,dot,1,134217728,1,2112,256,0,268435456.0,268469256.0,0.0,268435456.0,15,0.711352249671673,0.7113817763054509,0.0006954618548035571,0.09776211282996683,0.0004126450111126001,0.7102430935563713,0.7123585076167666,0.70986925322434,0.7124844255118534,377.35939701307933,377.40691215064385,0.0,377.35939701307933
NVIDIA H200 NVL,sm_90,normal_0_1,e2m5,current_x1,8,gemv,1,65536,1024,1024,256,0,134217728.0,67182592.0,0.0,134217728.0,15,0.3866855022954006,0.38673748190886054,0.0005703933966645604,0.14748852214923938,0.0003677068972120501,0.3860569636027018,0.3875930823531806,0.3857587552538105,0.38773143992704506,347.09790567081325,173.7396194095666,0.0,347.09790567081325
NVIDIA H200 NVL,sm_90,normal_0_1,e2m5,current_x1,8,register_decode,1,134217728,1,528,256,256,34603008.0,135168.0,0.0,34603008.0,15,0.07167238368219508,0.071604489989042,0.00010027845598866877,0.14004492735583327,3.633743677383672e-05,0.07147313561631646,0.0717025638063312,0.07145951519082318,0.07170872111896892,482.7941561624957,1.8859146725097489,0.0,482.7941561624957
NVIDIA H200 NVL,sm_90,normal_0_1,e2m5,current_x1,8,stream_decode,1,134217728,1,2112,256,0,134217728.0,134217728.0,0.0,134217728.0,15,0.38110549494905294,0.3811937392132837,0.00031525698858006756,0.08270256201759821,0.00021009625128981524,0.38086460041549974,0.38175654861162295,0.38080121886055424,0.3818457261571344,352.1799863262075,352.1799863262075,0.0,352.1799863262075
NVIDIA H200 NVL,sm_90,normal_0_1,e2m5,current_x4,8,dot,4,134217728,1,2112,256,0,268435456.0,268469256.0,0.0,268435456.0,15,0.5914955139160156,0.5914127723843444,0.0002142798029090077,0.0362318524243424,0.00018725675695085986,0.591123390197754,0.5917326310101677,0.591098336612477,0.5918070849250344,453.82500743380814,453.88215072434,0.0,453.82500743380814
NVIDIA H200 NVL,sm_90,normal_0_1,e2m5,current_x4,8,gemv,4,65536,1024,1024,256,0,134217728.0,67182592.0,0.0,134217728.0,15,0.3112330138683319,0.3112367312113444,0.00013208908654460756,0.042440069984835065,0.00010749697685241699,0.31108244359493253,0.31141344308853147,0.31100648641586304,0.31145650148391724,431.24515080132613,215.85946543711395,0.0,431.24515080132613
NVIDIA H200 NVL,sm_90,normal_0_1,e2m5,current_x4,8,register_decode,4,134217728,1,528,256,256,138412032.0,540672.0,0.0,138412032.0,15,0.29661930308622475,0.2964748532164331,0.0002250307487832295,0.07590213683956264,9.461010203642983e-05,0.296183339287253,0.29669793633853686,0.29615435880773205,0.29674305635340076,466.63191019555717,1.8227808992013952,0.0,466.63191019555717
NVIDIA H200 NVL,sm_90,normal_0_1,e2m5,current_x4,8,stream_decode,4,134217728,1,2112,256,0,134217728.0,134217728.0,0.0,134217728.0,15,0.29769265473778567,0.2976937384154666,8.835959386351362e-05,0.029681374668417585,3.678051393424253e-05,0.29757979663450324,0.29783131044302413,0.29747581481933594,0.2978383249311305,450.8600594066453,450.8600594066453,0.0,450.8600594066453
NVIDIA H200 NVL,sm_90,normal_0_1,e2m5,load_only_x1,8,stream_load,1,134217728,1,2112,256,0,0.0,134217728.0,0.0,0.0,15,0.2069093566579917,0.20689581251635994,7.216205558563767e-05,0.0348784514814342,4.717246773316974e-05,0.20677109747817835,0.20698573515587246,0.20673254347339118,0.20698919001313829,0.0,648.6788715981247,0.0,0.0
NVIDIA H200 NVL,sm_90,normal_0_1,e2m5,load_only_x4,8,stream_load,4,134217728,1,2112,256,0,0.0,134217728.0,0.0,0.0,15,0.06638789176940918,0.06639596406403962,4.9160888434883025e-05,0.07404198301491159,2.6052062575887547e-05,0.06633775234222412,0.06647579412202577,0.06632897016164419,0.06652475692130425,0.0,2021.7199917447306,0.0,0.0
NVIDIA H200 NVL,sm_90,normal_0_1,e2m5,lut_x1,8,dot,1,134217728,1,2112,256,0,268435456.0,268469256.0,1073741824.0,268435456.0,15,0.266933892902575,0.2669613486842105,0.0001098846282524623,0.04116125004389501,6.525140059621126e-05,0.2668434645000257,0.2671670712922749,0.26680632641440943,0.26717768217387955,1005.6252245868718,1005.7518476980566,4022.5008983474872,1005.6252245868718
NVIDIA H200 NVL,sm_90,normal_0_1,e2m5,lut_x1,8,gemv,1,65536,1024,1024,256,0,134217728.0,67182592.0,536870912.0,134217728.0,15,0.12179004855272246,0.12188365440058514,0.00025698776578977797,0.21084678421698538,0.00017346405401462428,0.12161641004608899,0.12224663176187654,0.12161600298997832,0.12229853141598584,1102.0418301409711,551.6262847281557,4408.1673205638845,1102.0418301409711
NVIDIA H200 NVL,sm_90,normal_0_1,e2m5,lut_x1,8,register_decode,1,134217728,1,528,256,256,34603008.0,135168.0,138412032.0,34603008.0,15,0.008630012339879844,0.008628459306386624,3.3641722121618776e-06,0.038989257441033306,2.1521315682355296e-06,0.008623932519242993,0.008632583344007174,0.008623392430174277,0.00863356071331173,4009.6128067044897,15.662550026189413,16038.451226817959,4009.6128067044897
NVIDIA H200 NVL,sm_90,normal_0_1,e2m5,lut_x1,8,stream_decode,1,134217728,1,2112,256,0,134217728.0,134217728.0,536870912.0,134217728.0,15,0.2238590583372652,0.22388360241379185,0.0001219886251994993,0.05448752114236324,7.47937834664758e-05,0.2237308095010479,0.22408510701040207,0.2237285442566604,0.22413770268472394,599.5635333987159,599.5635333987159,2398.2541335948636,599.5635333987159
NVIDIA H200 NVL,sm_90,normal_0_1,e2m5,lut_x4,8,dot,4,134217728,1,2112,256,0,268435456.0,268469256.0,1073741824.0,268435456.0,15,0.1389886157613405,0.1389456663892862,0.00019808056298615016,0.1425597272182529,4.754939549406201e-05,0.13847330523208834,0.13909079994953852,0.1384718854662398,0.13911256655840806,1931.348510304863,1931.5916956896144,7725.394041219452,1931.348510304863
NVIDIA H200 NVL,sm_90,normal_0_1,e2m5,lut_x4,8,gemv,4,65536,1024,1024,256,0,134217728.0,67182592.0,536870912.0,134217728.0,15,0.07353070624788902,0.07352644841473802,6.620024170756429e-05,0.09003595731178385,3.296271302646869e-05,0.07343582640913196,0.07360784200797404,0.07342327806286346,0.07370249669354662,1825.3289659359584,913.6671661157712,7301.315863743834,1825.3289659359584
NVIDIA H200 NVL,sm_90,normal_0_1,e2m5,lut_x4,8,register_decode,4,134217728,1,528,256,256,138412032.0,540672.0,553648128.0,138412032.0,15,0.0145978761961679,0.014605743917250126,1.4022750711638014e-05,0.09600846619716803,3.09687788768373e-06,0.01459300007279793,0.014626551739335357,0.014591999543018831,0.014627996212791273,9481.655423022059,37.03771649617992,37926.621692088236,9481.655423022059
NVIDIA H200 NVL,sm_90,normal_0_1,e2m5,lut_x4,8,stream_decode,4,134217728,1,2112,256,0,134217728.0,134217728.0,536870912.0,134217728.0,15,0.08009783948054079,0.08009996935318077,3.193169136244636e-05,0.03986479847657813,2.977496287862036e-05,0.08006134971243437,0.08014939026754411,0.08005823072839956,0.0801537075980765,1675.672263702035,1675.672263702035,6702.68905480814,1675.672263702035
NVIDIA H200 NVL,sm_90,normal_0_1,e3m4,branchless_x4,8,dot,4,134217728,1,2112,256,0,268435456.0,268469256.0,0.0,268435456.0,15,0.3068543058453184,0.30679033645475756,0.00032031306596819854,0.10440780816948424,0.00012363087047229104,0.30620576396132965,0.3070968772425796,0.30587248368696734,0.30718546202688507,874.7977489203462,874.9078989145165,0.0,874.7977489203462
NVIDIA H200 NVL,sm_90,normal_0_1,e3m4,branchless_x4,8,gemv,4,65536,1024,1024,256,0,134217728.0,67182592.0,0.0,134217728.0,15,0.16629108461011358,0.16627409798758372,0.00011389656461435189,0.06849928280642782,9.304335137375053e-05,0.16611983195072463,0.1664270288803998,0.16610608782087052,0.16643737344180837,807.1252184967532,404.005976372795,0.0,807.1252184967532
NVIDIA H200 NVL,sm_90,normal_0_1,e3m4,branchless_x4,8,register_decode,4,134217728,1,528,256,256,138412032.0,540672.0,0.0,138412032.0,15,0.0643669319152832,0.0644203241136339,8.744677054358341e-05,0.13574407106262326,1.3116200764967667e-05,0.0643532600402832,0.06454357401529948,0.06435295740763346,0.06454432169596354,2150.3593208725806,8.399841097158518,0.0,2150.3593208725806
NVIDIA H200 NVL,sm_90,normal_0_1,e3m4,branchless_x4,8,stream_decode,4,134217728,1,2112,256,0,134217728.0,134217728.0,0.0,134217728.0,15,0.1613668891472545,0.1613940200185388,0.00018049051563096504,0.11183222006009434,7.050987181625445e-05,0.1610616203246078,0.16166003932797812,0.16102373696924224,0.16169027002846323,831.7550688947119,831.7550688947119,0.0,831.7550688947119
NVIDIA H200 NVL,sm_90,normal_0_1,e3m4,current_x1,8,dot,1,134217728,1,2112,256,0,268435456.0,268469256.0,0.0,268435456.0,15,0.7163885661533901,0.7163934480576288,0.0007522201319884976,0.10500097872586724,0.000563417162213975,0.7152635369982038,0.717373159953526,0.7148651395525251,0.7175611768450055,374.7065052159469,374.75368631513936,0.0,374.7065052159469
NVIDIA H200 NVL,sm_90,normal_0_1,e3m4,current_x1,8,gemv,1,65536,1024,1024,256,0,134217728.0,67182592.0,0.0,134217728.0,15,0.38759447978093076,0.38753875096638996,0.0003117196086277083,0.0804357261952219,0.00018273867093598906,0.38698135522695687,0.387929472556481,0.3869335467998798,0.38799322568453276,346.28389980130817,173.33216932803518,0.0,346.28389980130817
NVIDIA H200 NVL,sm_90,normal_0_1,e3m4,current_x1,8,register_decode,1,134217728,1,528,256,256,34603008.0,135168.0,0.0,34603008.0,15,0.07260374653383375,0.07255240765298279,9.917704537149256e-05,0.13669711120526154,4.310185618945639e-05,0.07241482963421247,0.07264784077436723,0.0724030104070572,0.07265015633783657,476.6008594869798,1.8617221073710148,0.0,476.6008594869798
NVIDIA H200 NVL,sm_90,normal_0_1,e3m4,current_x1,8,stream_decode,1,134217728,1,2112,256,0,134217728.0,134217728.0,0.0,134217728.0,15,0.38137356740123823,0.38137036209586284,0.00018515642771425782,0.048550292869301716,0.00014488652067368157,0.3810737393937021,0.38161037373092943,0.38100526917655514,0.3816374292913473,351.9324344227329,351.9324344227329,0.0,351.9324344227329
NVIDIA H200 NVL,sm_90,normal_0_1,e3m4,current_x4,8,dot,4,134217728,1,2112,256,0,268435456.0,268469256.0,0.0,268435456.0,15,0.5926776212804458,0.5925995321834788,0.0005446232000853505,0.09190408876609203,0.00029462926528034394,0.5915286569034353,0.593314254985136,0.5915049384622013,0.5933195562923655,452.9198443836308,452.9768737007273,0.0,452.9198443836308
NVIDIA H200 NVL,sm_90,normal_0_1,e3m4,current_x4,8,gemv,4,65536,1024,1024,256,0,134217728.0,67182592.0,0.0,134217728.0,15,0.31208398938179016,0.3120961308479309,6.728850744597947e-05,0.021560186364106462,3.847479820251465e-05,0.3120231986045837,0.3122127532958984,0.3119944930076599,0.31223198771476746,430.06925240180715,215.27087029707153,0.0,430.06925240180715
NVIDIA H200 NVL,sm_90,normal_0_1,e3m4,current_x4,8,register_decode,4,134217728,1,528,256,256,138412032.0,540672.0,0.0,138412032.0,15,0.30802412766676684,0.3083964421198918,0.0006348965234221418,0.20587024903981227,0.00011224013108473985,0.3079070516733023,0.3092953637930063,0.3078980959378756,0.30929674001840446,449.3545133897427,1.7552910679286824,0.0,449.3545133897427
NVIDIA H200 NVL,sm_90,normal_0_1,e3m4,current_x4,8,stream_decode,4,134217728,1,2112,256,0,134217728.0,134217728.0,0.0,134217728.0,15,0.29828060207082263,0.2982525460162566,0.00014198401218865826,0.04760529761946081,2.340060561450974e-05,0.29796074824546703,0.2984129862998849,0.29788418670198813,0.29842436491553465,449.97135941187304,449.97135941187304,0.0,449.97135941187304
NVIDIA H200 NVL,sm_90,normal_0_1,e3m4,load_only_x1,8,stream_load,1,134217728,1,2112,256,0,0.0,134217728.0,0.0,0.0,15,0.20670218320236994,0.2066968871965441,7.319795587512636e-05,0.035413187333355356,3.529578140099021e-05,0.20657402510495532,0.2067934075581659,0.20654977228223664,0.2068592150186755,0.0,649.3290294306921,0.0,0.0
NVIDIA H200 NVL,sm_90,normal_0_1,e3m4,load_only_x4,8,stream_load,4,134217728,1,2112,256,0,0.0,134217728.0,0.0,0.0,15,0.06623092213192501,0.06624151350141645,3.408326176291064e-05,0.0514530238838547,1.5464988914692945e-05,0.06620445638089567,0.06629521009084341,0.06618129884874499,0.06630119117530617,0.0,2026.5115399216766,0.0,0.0
NVIDIA H200 NVL,sm_90,normal_0_1,e3m4,lut_x1,8,dot,1,134217728,1,2112,256,0,268435456.0,268469256.0,1073741824.0,268435456.0,15,0.2682726287841797,0.2682942267523872,0.00013053263870567476,0.04865279446588514,8.491516113284803e-05,0.26810615285237627,0.2684853286743164,0.26810496012369794,0.2685077412923177,1000.6069468083952,1000.7329380440764,4002.4277872335806,1000.6069468083952
NVIDIA H200 NVL,sm_90,normal_0_1,e3m4,lut_x1,8,gemv,1,65536,1024,1024,256,0,134217728.0,67182592.0,536870912.0,134217728.0,15,0.12205950806780559,0.12199476908862107,0.0002519157174185831,0.20649714680437087,0.0001849779268590368,0.12165361962667326,0.12229048100913445,0.12164350835288443,0.12229443759453006,1099.6089540639503,550.4085102709018,4398.435816255801,1099.6089540639503
NVIDIA H200 NVL,sm_90,normal_0_1,e3m4,lut_x1,8,register_decode,1,134217728,1,528,256,256,34603008.0,135168.0,138412032.0,34603008.0,15,0.008622371637558511,0.008622439685673427,4.500805575427518e-07,0.005219874814440059,3.5224906545089363e-07,0.008621798732473368,0.008623019795853094,0.008621599091312692,0.00862327827861902,4013.1659193708915,15.676429372542545,16052.663677483566,4013.1659193708915
NVIDIA H200 NVL,sm_90,normal_0_1,e3m4,lut_x1,8,stream_decode,1,134217728,1,2112,256,0,134217728.0,134217728.0,536870912.0,134217728.0,15,0.22408521845099633,0.22407514736446996,0.00010641936818269295,0.047492713687518534,4.99768203563733e-05,0.22391727104615633,0.22424119027812828,0.22383747743756582,0.22426283761356655,598.9584182651082,598.9584182651082,2395.833673060433,598.9584182651082
NVIDIA H200 NVL,sm_90,normal_0_1,e3m4,lut_x4,8,dot,4,134217728,1,2112,256,0,268435456.0,268469256.0,1073741824.0,268435456.0,15,0.1398399935828315,0.13984268064852115,6.025344806604403e-05,0.04308659401165535,4.998842875164611e-05,0.1397570424609714,0.13992120159996882,0.1397117773691813,0.13992555936177573,1919.590019438877,1919.8317242554606,7678.360077755508,1919.590019438877
NVIDIA H200 NVL,sm_90,normal_0_1,e3m4,lut_x4,8,gemv,4,65536,1024,1024,256,0,134217728.0,67182592.0,536870912.0,134217728.0,15,0.07374904908154854,0.07375267521963373,4.084474792471769e-05,0.055380700161835474,2.5673057643171848e-05,0.07368401284453534,0.07380942500589464,0.07368188575193456,0.07382509644947124,1819.9248623746696,910.9621457723795,7279.699449498678,1819.9248623746696
NVIDIA H200 NVL,sm_90,normal_0_1,e3m4,lut_x4,8,register_decode,4,134217728,1,528,256,256,138412032.0,540672.0,553648128.0,138412032.0,15,0.014595531356786385,0.014594302211470293,8.750445131594664e-06,0.05995795485663789,9.200521905889172e-06,0.01458344357410412,0.014606039213780713,0.014583037751903252,0.01460662980056084,9483.178694665576,37.043666776037405,37932.7147786623,9483.178694665576
NVIDIA H200 NVL,sm_90,normal_0_1,e3m4,lut_x4,8,stream_decode,4,134217728,1,2112,256,0,134217728.0,134217728.0,536870912.0,134217728.0,15,0.08011426423725329,0.08010065488004492,4.4948730285690146e-05,0.05611530936045817,1.658698325214536e-05,0.080023397221739,0.08014227677936013,0.07996553737624937,0.08014899033766526,1675.3287230164499,1675.3287230164499,6701.3148920657995,1675.3287230164499
NVIDIA H200 NVL,sm_90,normal_0_1,fp64_e11m52,current_x1,64,dot,1,134217728,1,2112,256,0,268435456.0,2147517448.0,0.0,268435456.0,15,0.5031599998474121,0.503177391688029,0.00019790751447663012,0.03933155935577749,0.0001232147216796431,0.502873592376709,0.5034424781799317,0.5027448177337647,0.5034912109375,533.4991972362777,4268.060753341391,0.0,533.4991972362777
NVIDIA H200 NVL,sm_90,normal_0_1,fp64_e11m52,current_x1,64,gemv,1,65536,1024,1024,256,0,134217728.0,537403392.0,0.0,134217728.0,15,0.14992457224910422,0.1499328488992868,0.00011413645427757254,0.07612504872380603,8.68632381123835e-05,0.14979004967481568,0.15009907600574923,0.14976193134049723,0.1501396724155971,895.235023762437,3584.4917476708756,0.0,895.235023762437
NVIDIA H200 NVL,sm_90,normal_0_1,fp64_e11m52,current_x1,64,register_decode,1,134217728,1,528,256,256,34603008.0,1081344.0,0.0,34603008.0,15,0.008469473186292147,0.008471041160717344,1.5497098829702103e-05,0.1829420792046981,1.3489974172491148e-05,0.00845492895025956,0.008493320364701122,0.0084538439700478,0.008494888104890522,4085.6151544354625,127.6754735761082,0.0,4085.6151544354625
NVIDIA H200 NVL,sm_90,normal_0_1,fp64_e11m52,current_x1,64,stream_decode,1,134217728,1,2112,256,0,134217728.0,1073741824.0,0.0,134217728.0,15,0.28718629564557757,0.28717056274414066,0.00011624866169835995,0.040480702683280814,8.822849818640455e-05,0.2870005961826869,0.28733452660696845,0.28695131029401505,0.28733485085623606,467.3542227991298,3738.8337823930383,0.0,467.3542227991298
NVIDIA H200 NVL,sm_90,normal_0_1,fp64_e11m52,current_x4,64,dot,4,134217728,1,2112,256,0,268435456.0,2147517448.0,0.0,268435456.0,15,0.5064104080200196,0.5064218107859294,0.0008265192491610151,0.16320767225217217,0.0006343841552733931,0.5052194356918336,0.5074150562286377,0.5046207904815674,0.5076704025268555,530.0749189763653,4240.666096094738,0.0,530.0749189763653
NVIDIA H200 NVL,sm_90,normal_0_1,fp64_e11m52,current_x4,64,gemv,4,65536,1024,1024,256,0,134217728.0,537403392.0,0.0,134217728.0,15,0.13134070895365532,0.13139659047916236,0.0003640646588247617,0.2770731397954327,0.0003549689488695218,0.13090671766672704,0.13189993346763762,0.1308662212447615,0.13192900600812293,1021.9050062182918,4091.6742134354345,0.0,1021.9050062182918
NVIDIA H200 NVL,sm_90,normal_0_1,fp64_e11m52,current_x4,64,register_decode,4,134217728,1,528,256,256,138412032.0,4325376.0,0.0,138412032.0,15,0.014789967989697225,0.014792228526867861,2.6113189840519158e-05,0.17653316938072228,2.009324072975785e-05,0.014758060608693328,0.014829582919209713,0.01474537616922266,0.014836365999167959,9358.507881586938,292.4533712995918,0.0,9358.507881586938
NVIDIA H200 NVL,sm_90,normal_0_1,fp64_e11m52,current_x4,64,stream_decode,4,134217728,1,2112,256,0,134217728.0,1073741824.0,0.0,134217728.0,15,0.24978399276733398,0.24976151943206787,0.00012997961500592112,0.05204148953829295,6.639957427978516e-05,0.24958271741867066,0.24991924524307252,0.24950599670410156,0.250052809715271,537.3351851454294,4298.681481163435,0.0,537.3351851454294
NVIDIA H200 NVL,sm_90,normal_0_1,fp64_e11m52,load_only_x1,64,stream_load,1,134217728,1,2112,256,0,0.0,1073741824.0,0.0,0.0,15,0.2873220443725586,0.28731532142275856,9.516121696521884e-05,0.03312082923179641,6.261553083147797e-05,0.28716160910470145,0.28742715563092913,0.287132808140346,0.2874697276524135,0.0,3737.0673257765197,0.0,0.0
NVIDIA H200 NVL,sm_90,normal_0_1,fp64_e11m52,load_only_x4,64,stream_load,4,134217728,1,2112,256,0,0.0,1073741824.0,0.0,0.0,15,0.2500375986099243,0.24999807834625243,9.865243546622088e-05,0.039461277510135596,5.159378051761143e-05,0.2498217511177063,0.2500932335853577,0.24974279403686522,0.25009799003601074,0.0,4294.321453931057,0.0,0.0
NVIDIA H200 NVL,sm_90,uniform_0_1,e2m5,branchless_x4,8,dot,4,134217728,1,2112,256,0,268435456.0,268469256.0,0.0,268435456.0,15,0.3059810869621508,0.30599737841673574,0.00033907076416131893,0.11080838859329728,0.00021576158928149347,0.30551326636112097,0.30646418369177614,0.3051456971602006,0.3065008394645922,877.2942754896641,877.4047398335082,0.0,877.2942754896641
NVIDIA H200 NVL,sm_90,uniform_0_1,e2m5,branchless_x4,8,gemv,4,65536,1024,1024,256,0,134217728.0,67182592.0,0.0,134217728.0,15,0.16578312080447413,0.16581865732743292,0.00010974562456497525,0.06618412326682072,4.383696227514e-05,0.1657243456159319,0.16597165340135078,0.16570325258399257,0.16617250843208378,809.5982712154237,405.24386122056205,0.0,809.5982712154237
NVIDIA H200 NVL,sm_90,uniform_0_1,e2m5,branchless_x4,8,register_decode,4,134217728,1,528,256,256,138412032.0,540672.0,0.0,138412032.0,15,0.06411782953123384,0.06407939919309638,6.955195321864791e-05,0.10854027049951041,3.210914056032965e-05,0.0639877635122135,0.06415279527373662,0.06398590668937229,0.06416243748949063,2158.7136216545678,8.432475084588155,0.0,2158.7136216545678
NVIDIA H200 NVL,sm_90,uniform_0_1,e2m5,branchless_x4,8,stream_decode,4,134217728,1,2112,256,0,134217728.0,134217728.0,0.0,134217728.0,15,0.16119440590463033,0.161148842498862,0.0001637978198089521,0.10164380784187686,7.309952402503872e-05,0.16084084239432483,0.16131506663996997,0.16081535525438262,0.16136898257868076,832.6450737962276,832.6450737962276,0.0,832.6450737962276
NVIDIA H200 NVL,sm_90,uniform_0_1,e2m5,current_x1,8,dot,1,134217728,1,2112,256,0,268435456.0,268469256.0,0.0,268435456.0,15,0.6183311577999231,0.6183139608363912,0.0004033338954122822,0.0652312451212801,0.00034326495546288527,0.6176993861342921,0.6188584703387636,0.6176280975341797,0.6188625566887133,434.12894953428685,434.1836127993894,0.0,434.12894953428685
NVIDIA H200 NVL,sm_90,uniform_0_1,e2m5,current_x1,8,gemv,1,65536,1024,1024,256,0,134217728.0,67182592.0,0.0,134217728.0,15,0.3443685400074926,0.3441986171678565,0.0003936166433168956,0.11435741565601329,0.00014676718876277528,0.34353500563522865,0.344598230822333,0.34351339011356746,0.3446758533346242,389.75025998913765,195.08922620672107,0.0,389.75025998913765
NVIDIA H200 NVL,sm_90,uniform_0_1,e2m5,current_x1,8,register_decode,1,134217728,1,528,256,256,34603008.0,135168.0,0.0,34603008.0,15,0.06635265609845012,0.06636879071086442,5.6608316238785705e-05,0.08529357794900887,4.996085653499738e-05,0.06630230209454387,0.06644104548863003,0.06630138475067761,0.06645833878290086,521.5014746155468,2.03711513521698,0.0,521.5014746155468
NVIDIA H200 NVL,sm_90,uniform_0_1,e2m5,current_x1,8,stream_decode,1,134217728,1,2112,256,0,134217728.0,134217728.0,0.0,134217728.0,15,0.3375418663024902,0.33755555470784504,0.0006674222830998938,0.19772220417985686,0.0005621274312337388,0.33670768419901526,0.33838368097941085,0.3366191864013672,0.3388906796773275,397.6328313588216,397.6328313588216,0.0,397.6328313588216
NVIDIA H200 NVL,sm_90,uniform_0_1,e2m5,current_x4,8,dot,4,134217728,1,2112,256,0,268435456.0,268469256.0,0.0,268435456.0,15,0.5100935935974121,0.5099789873758952,0.00031206940484255184,0.06119260059092038,0.0001327991485595703,0.509467511177063,0.510260968208313,0.5091135978698731,0.510313606262207,526.2474560930495,526.3137184425954,0.0,526.2474560930495
NVIDIA H200 NVL,sm_90,uniform_0_1,e2m5,current_x4,8,gemv,4,65536,1024,1024,256,0,134217728.0,67182592.0,0.0,134217728.0,15,0.26831446329752606,0.2683219045003255,0.00016632618271150904,0.061987552980903686,7.425944010419627e-05,0.2681387990315755,0.2685591812133789,0.26806442260742186,0.2688076782226563,500.22546809625345,250.3875161045761,0.0,500.22546809625345
NVIDIA H200 NVL,sm_90,uniform_0_1,e2m5,current_x4,8,register_decode,4,134217728,1,528,256,256,138412032.0,540672.0,0.0,138412032.0,15,0.2673028310139974,0.2671814541286892,0.00027515351904293806,0.10298376432610067,0.00025899251302086146,0.26686792755126953,0.26754478708902996,0.2668407440185547,0.26756182352701824,517.8098244412234,2.022694626723529,0.0,517.8098244412234
NVIDIA H200 NVL,sm_90,uniform_0_1,e2m5,current_x4,8,stream_decode,4,134217728,1,2112,256,0,134217728.0,134217728.0,0.0,134217728.0,15,0.2567134270301232,0.2566703584459093,0.00024177041818831613,0.09419491196887342,0.00018462156638121563,0.25632431568243563,0.25694062893207253,0.256311392172789,0.2569423577724359,522.8309619514007,522.8309619514007,0.0,522.8309619514007
NVIDIA H200 NVL,sm_90,uniform_0_1,e2m5,load_only_x1,8,stream_load,1,134217728,1,2112,256,0,0.0,134217728.0,0.0,0.0,15,0.20680934190750122,0.20680084625879924,9.382494517877462e-05,0.045369710461125555,5.6684017181396484e-05,0.20664389928181964,0.20691120028495788,0.2065946658452352,0.20691633224487305,0.0,648.9925781980922,0.0,0.0
NVIDIA H200 NVL,sm_90,uniform_0_1,e2m5,load_only_x4,8,stream_load,4,134217728,1,2112,256,0,0.0,134217728.0,0.0,0.0,15,0.06630681012127851,0.06630777625350265,2.558315234859358e-05,0.03858243149458986,1.924102370802483e-05,0.06627449796006486,0.0663474263371648,0.0662621614095327,0.06635718732266813,0.0,2024.19220219626,0.0,0.0
NVIDIA H200 NVL,sm_90,uniform_0_1,e2m5,lut_x1,8,dot,1,134217728,1,2112,256,0,268435456.0,268469256.0,1073741824.0,268435456.0,15,0.2625044270565635,0.2624987518578245,9.174031525143398e-05,0.03494885770013973,6.399656596939307e-05,0.2623327154862253,0.26260615148042377,0.26231620186253596,0.26263620978907537,1022.5940149274454,1022.7227746606774,4090.3760597097817,1022.5940149274454
NVIDIA H200 NVL,sm_90,uniform_0_1,e2m5,lut_x1,8,gemv,1,65536,1024,1024,256,0,134217728.0,67182592.0,536870912.0,134217728.0,15,0.12087409836905343,0.12095489501953124,0.00030604461428131554,0.25302375255825477,0.00014381181626092754,0.12064838182358514,0.12151156380063012,0.12062705130804152,0.1215287617274693,1110.3927955698643,555.8063547649205,4441.571182279457,1110.3927955698643
NVIDIA H200 NVL,sm_90,uniform_0_1,e2m5,lut_x1,8,register_decode,1,134217728,1,528,256,256,34603008.0,135168.0,138412032.0,34603008.0,15,0.008433543681119256,0.008433515547400546,8.733287041179437e-07,0.010355452589248252,2.9569778599129737e-07,0.008432700061210616,0.008434564034307273,0.008432493072760424,0.008436254896911997,4103.021138962983,16.027426324074153,16412.084555851932,4103.021138962983
NVIDIA H200 NVL,sm_90,uniform_0_1,e2m5,lut_x1,8,stream_decode,1,134217728,1,2112,256,0,134217728.0,134217728.0,536870912.0,134217728.0,15,0.22272711859809027,0.22272414878562644,0.0001319856817854092,0.05925970870471094,8.56823391384709e-05,0.2225098631117079,0.222923944261339,0.2224750306871202,0.22294186486138237,602.6106243586577,602.6106243586577,2410.4424974346307,602.6106243586577
NVIDIA H200 NVL,sm_90,uniform_0_1,e2m5,lut_x4,8,dot,4,134217728,1,2112,256,0,268435456.0,268469256.0,1073741824.0,268435456.0,15,0.130749284831527,0.13072422501308464,0.00014466708006720887,0.11066585405476961,4.4130811504283773e-05,0.13052682938918567,0.1308614705902299,0.13025129230972987,0.13088020623898974,2053.054870211216,2053.313380229405,8212.219480844864,2053.054870211216
NVIDIA H200 NVL,sm_90,uniform_0_1,e2m5,lut_x4,8,gemv,4,65536,1024,1024,256,0,134217728.0,67182592.0,536870912.0,134217728.0,15,0.07493615424496004,0.07494663175190698,8.794743384118638e-05,0.1173467463251924,4.855334987129145e-05,0.07487184663385267,0.07505993459416532,0.0748645519388133,0.07521974263976818,1791.094423677701,896.5310893909194,7164.377694710804,1791.094423677701
NVIDIA H200 NVL,sm_90,uniform_0_1,e2m5,lut_x4,8,register_decode,4,134217728,1,528,256,256,138412032.0,540672.0,553648128.0,138412032.0,15,0.014376377210008673,0.014373553428028343,1.9513749403196272e-05,0.13576148376186906,1.7339963999878083e-05,0.014348208657353992,0.014393944254371877,0.014347373500972517,0.014394352430139777,9627.740701157943,37.60836211389822,38510.962804631774,9627.740701157943
NVIDIA H200 NVL,sm_90,uniform_0_1,e2m5,lut_x4,8,stream_decode,4,134217728,1,2112,256,0,134217728.0,134217728.0,536870912.0,134217728.0,15,0.0785602539304703,0.07856078728166206,2.1674244726857458e-05,0.027589138903546525,7.493155343180069e-06,0.07853328462630983,0.07859564584399027,0.07850857386513362,0.0786044408404638,1708.4686121150946,1708.4686121150946,6833.8744484603785,1708.4686121150946
NVIDIA H200 NVL,sm_90,uniform_0_1,e3m4,branchless_x4,8,dot,4,134217728,1,2112,256,0,268435456.0,268469256.0,0.0,268435456.0,15,0.3067447199965968,0.3068176153934363,0.0003268964973982344,0.10654424029045746,0.0003360112508138391,0.3063405499313817,0.3071932156880697,0.3063127344304865,0.3072373361298532,875.1102741164646,875.2204634621861,0.0,875.1102741164646
NVIDIA H200 NVL,sm_90,uniform_0_1,e3m4,branchless_x4,8,gemv,4,65536,1024,1024,256,0,134217728.0,67182592.0,0.0,134217728.0,15,0.16615207255387507,0.16618889132801556,0.0001972107052591202,0.11866659900262243,5.4319365685728815e-05,0.16602548711440143,0.16646185001405348,0.16602190803079045,0.16684395926339285,807.8005043029463,404.34399022146374,0.0,807.8005043029463
NVIDIA H200 NVL,sm_90,uniform_0_1,e3m4,branchless_x4,8,register_decode,4,134217728,1,528,256,256,138412032.0,540672.0,0.0,138412032.0,15,0.06434362526708001,0.06429032660704065,7.799438199119472e-05,0.12131589013058972,1.0093586556861323e-05,0.0641831090786313,0.0643535665217662,0.06417890203079121,0.06435371885363687,2151.1382273764334,8.402883700689193,0.0,2151.1382273764334
NVIDIA H200 NVL,sm_90,uniform_0_1,e3m4,branchless_x4,8,stream_decode,4,134217728,1,2112,256,0,134217728.0,134217728.0,0.0,134217728.0,15,0.16142089905277376,0.1613855290156539,0.00016907569076705115,0.10476508755047755,9.755165346206351e-05,0.1610521239619101,0.16158789204012963,0.16104309020503874,0.16159096071797033,831.4767715184131,831.4767715184131,0.0,831.4767715184131
NVIDIA H200 NVL,sm_90,uniform_0_1,e3m4,current_x1,8,dot,1,134217728,1,2112,256,0,268435456.0,268469256.0,0.0,268435456.0,15,0.7167713982718331,0.7167966479346866,0.00046402603500631353,0.06473607770674102,0.00031886781964984845,0.7162181445530482,0.7175458363124303,0.7161725589207241,0.717611449105399,374.50637211140054,374.5535280108707,0.0,374.50637211140054
NVIDIA H200 NVL,sm_90,uniform_0_1,e3m4,current_x1,8,gemv,1,65536,1024,1024,256,0,134217728.0,67182592.0,0.0,134217728.0,15,0.38797906728891224,0.38804081892355896,0.0004122088469711521,0.10622821797836532,0.00031262177687424453,0.38758079088651215,0.3887006759643555,0.38755321502685547,0.38906768652109,345.9406429781778,173.16035235986547,0.0,345.9406429781778
NVIDIA H200 NVL,sm_90,uniform_0_1,e3m4,current_x1,8,register_decode,1,134217728,1,528,256,256,34603008.0,135168.0,0.0,34603008.0,15,0.07205153212827795,0.07208111379660813,5.459407761558568e-05,0.07573978083861777,1.4824025771201232e-05,0.07203236607944263,0.07215978888904347,0.07202223469229306,0.07217494179220761,480.2536043007948,1.8759906417999797,0.0,480.2536043007948
NVIDIA H200 NVL,sm_90,uniform_0_1,e3m4,current_x1,8,stream_decode,1,134217728,1,2112,256,0,134217728.0,134217728.0,0.0,134217728.0,15,0.3816313833560584,0.38163473741063536,0.00020996326937358398,0.05501681288191161,0.00016183673210862226,0.3814243532576651,0.38201479641896374,0.38141462937840875,0.382128913447542,351.6946819721484,351.6946819721484,0.0,351.6946819721484
NVIDIA H200 NVL,sm_90,uniform_0_1,e3m4,current_x4,8,dot,4,134217728,1,2112,256,0,268435456.0,268469256.0,0.0,268435456.0,15,0.5937976276173311,0.5937592487709195,0.00017127471289379224,0.02884581810697359,0.00012145322911882861,0.5934902415556067,0.5939629891339471,0.5934428046731388,0.5939755159265855,452.0655582224579,452.122479972273,0.0,452.0655582224579
NVIDIA H200 NVL,sm_90,uniform_0_1,e3m4,current_x4,8,gemv,4,65536,1024,1024,256,0,134217728.0,67182592.0,0.0,134217728.0,15,0.31276199221611023,0.31282260417938235,0.0002288270654549381,0.07314914664022215,7.551908493041992e-05,0.31267459988594054,0.3131117522716522,0.3126690089702606,0.31360700726509094,429.13695186868847,214.80420790253382,0.0,429.13695186868847
NVIDIA H200 NVL,sm_90,uniform_0_1,e3m4,current_x4,8,register_decode,4,134217728,1,528,256,256,138412032.0,540672.0,0.0,138412032.0,15,0.30818364070012016,0.30804673806214944,0.0003080738381305137,0.10000879738851796,6.646376389723985e-05,0.3076320472130409,0.30839296781099756,0.30762584392841047,0.30849427443284255,449.12193160402893,1.754382545328238,0.0,449.12193160402893
NVIDIA H200 NVL,sm_90,uniform_0_1,e3m4,current_x4,8,stream_decode,4,134217728,1,2112,256,0,134217728.0,134217728.0,0.0,134217728.0,15,0.29881027563294366,0.29879680083165716,0.00015937423634562883,0.05333866892216851,4.440990846549253e-05,0.2986008459062719,0.29904930627168114,0.2983517717959276,0.29906435155156835,449.17373646437807,449.17373646437807,0.0,449.17373646437807
NVIDIA H200 NVL,sm_90,uniform_0_1,e3m4,load_only_x1,8,stream_load,1,134217728,1,2112,256,0,0.0,134217728.0,0.0,0.0,15,0.20656263213796713,0.2065467611620926,8.326967744046145e-05,0.04031516978139083,3.694750599025909e-05,0.20642464234656893,0.20664217840764937,0.2063158762823675,0.20666458680457675,0.0,649.7677077931181,0.0,0.0
NVIDIA H200 NVL,sm_90,uniform_0_1,e3m4,load_only_x4,8,stream_load,4,134217728,1,2112,256,0,0.0,134217728.0,0.0,0.0,15,0.06615821062508276,0.06616111022604387,3.0375525673730805e-05,0.04591145095653743,2.6140374652414144e-05,0.06612565573999438,0.06620774931826834,0.066118292081154,0.06621830827098782,0.0,2028.7387873987273,0.0,0.0
NVIDIA H200 NVL,sm_90,uniform_0_1,e3m4,lut_x1,8,dot,1,134217728,1,2112,256,0,268435456.0,268469256.0,1073741824.0,268435456.0,15,0.2645819854736328,0.2645744374593099,8.712330065024245e-05,0.032929598749932724,5.03540039062389e-05,0.26444214884440104,0.26471663411458335,0.2644275156656901,0.26473215738932293,1014.564372247298,1014.6921209295807,4058.257488989192,1014.564372247298
NVIDIA H200 NVL,sm_90,uniform_0_1,e3m4,lut_x1,8,gemv,1,65536,1024,1024,256,0,134217728.0,67182592.0,536870912.0,134217728.0,15,0.12129628301380638,0.12130893318952915,0.0002901008954262531,0.2391422361063953,0.0002719056820441046,0.12092873007951382,0.12167775959311844,0.12092685128400425,0.12176172176520982,1106.527955062917,553.8718114911488,4426.111820251668,1106.527955062917
NVIDIA H200 NVL,sm_90,uniform_0_1,e3m4,lut_x1,8,register_decode,1,134217728,1,528,256,256,34603008.0,135168.0,138412032.0,34603008.0,15,0.008428348578600954,0.008428939552051635,3.361826731731892e-06,0.039884337892939464,2.8850981895599953e-06,0.008425074149381862,0.00843318691577941,0.00842505076200553,0.008433475130799502,4105.550177155091,16.037305379512073,16422.200708620363,4105.550177155091
NVIDIA H200 NVL,sm_90,uniform_0_1,e3m4,lut_x1,8,stream_decode,1,134217728,1,2112,256,0,134217728.0,134217728.0,536870912.0,134217728.0,15,0.2234890619913737,0.22349769592285154,0.00011291961175620409,0.05052383707578911,3.946092393664058e-05,0.2233615303039551,0.22368977864583334,0.2232895957099067,0.22377315097384984,600.5561382023276,600.5561382023276,2402.2245528093104,600.5561382023276
NVIDIA H200 NVL,sm_90,uniform_0_1,e3m4,lut_x4,8,dot,4,134217728,1,2112,256,0,268435456.0,268469256.0,1073741824.0,268435456.0,15,0.1312566305461683,0.1312564214070638,4.073089032859207e-05,0.03103154107963518,3.5373788130899086e-05,0.13120237651624178,0.1313153718647204,0.13118189259579308,0.13132568409568385,2045.1192056585694,2045.3767164590474,8180.476822634278,2045.1192056585694
NVIDIA H200 NVL,sm_90,uniform_0_1,e3m4,lut_x4,8,gemv,4,65536,1024,1024,256,0,134217728.0,67182592.0,536870912.0,134217728.0,15,0.07494924996645395,0.07496231214994085,8.546606325741542e-05,0.11401204259343653,2.9927901639290044e-05,0.07489724559638337,0.07507240208050678,0.07488305332096479,0.0752468982725653,1790.7814695954082,896.3744404389613,7163.125878381633,1790.7814695954082
NVIDIA H200 NVL,sm_90,uniform_0_1,e3m4,lut_x4,8,register_decode,4,134217728,1,528,256,256,138412032.0,540672.0,553648128.0,138412032.0,15,0.0143426186875334,0.01435680182308897,2.3861452665377716e-05,0.16620312071873228,4.846032356982735e-06,0.014336799410344723,0.014390423709484186,0.014336416698045761,0.01439106192573274,9650.401716410943,37.696881704730245,38601.60686564377,9650.401716410943
NVIDIA H200 NVL,sm_90,uniform_0_1,e3m4,lut_x4,8,stream_decode,4,134217728,1,2112,256,0,134217728.0,134217728.0,536870912.0,134217728.0,15,0.07854438206506154,0.0785239542602862,7.546104532242144e-05,0.09609939544344388,5.308030143616471e-05,0.07841644665551564,0.07860706268794952,0.07838755562191918,0.07862946343800378,1708.8138511144175,1708.8138511144175,6835.25540445767,1708.8138511144175
NVIDIA H200 NVL,sm_90,uniform_0_1,fp64_e11m52,current_x1,64,dot,1,134217728,1,2112,256,0,268435456.0,2147517448.0,0.0,268435456.0,15,0.5029111862182617,0.5029284763336181,0.00018359607510427218,0.03650540459404878,8.401870727536842e-05,0.5026443195343018,0.5032187080383301,0.5026375770568847,0.5033743858337403,533.7631441816845,4270.172362139475,0.0,533.7631441816845
NVIDIA H200 NVL,sm_90,uniform_0_1,fp64_e11m52,current_x1,64,gemv,1,65536,1024,1024,256,0,134217728.0,537403392.0,0.0,134217728.0,15,0.14988655032533588,0.1498901357554426,8.020457665144204e-05,0.05350890920687539,6.42429698597402e-05,0.14979457132744067,0.1500123168482925,0.1497932058392149,0.15004727334687204,895.4621192406793,3585.4010305363654,0.0,895.4621192406793
NVIDIA H200 NVL,sm_90,uniform_0_1,fp64_e11m52,current_x1,64,register_decode,1,134217728,1,528,256,256,34603008.0,1081344.0,0.0,34603008.0,15,0.00844800006000187,0.008448107137269931,5.795451296792853e-07,0.006860058948856674,4.6709442583919847e-07,0.008447417054897294,0.008448937756237201,0.008447364833851828,0.00844938241454223,4095.999970908184,127.99999909088075,0.0,4095.999970908184
NVIDIA H200 NVL,sm_90,uniform_0_1,fp64_e11m52,current_x1,64,stream_decode,1,134217728,1,2112,256,0,134217728.0,1073741824.0,0.0,134217728.0,15,0.287152453831264,0.2871600723266602,0.00013651292035725098,0.04753896293839908,0.00010286058698377731,0.2869520895821707,0.2873502540588379,0.28691016605922154,0.2873531341552734,467.40930195522134,3739.2744156417707,0.0,467.40930195522134
NVIDIA H200 NVL,sm_90,uniform_0_1,fp64_e11m52,current_x4,64,dot,4,134217728,1,2112,256,0,268435456.0,2147517448.0,0.0,268435456.0,15,0.5056183815002442,0.505637009938558,0.0009136736104669684,0.18069753449772052,0.0005271911621094194,0.5043342399597168,0.5070607948303222,0.5042088031768799,0.507206392288208,530.9052554685858,4247.308892584166,0.0,530.9052554685858
NVIDIA H200 NVL,sm_90,uniform_0_1,fp64_e11m52,current_x4,64,gemv,4,65536,1024,1024,256,0,134217728.0,537403392.0,0.0,134217728.0,15,0.131676819150811,0.13158877459056592,0.0003276854867010047,0.2490223711867423,0.0001919980080711814,0.1310643063475754,0.13192792222989316,0.13099147468213215,0.13194617214581825,1019.2965539840301,4081.2300560245576,0.0,1019.2965539840301
NVIDIA H200 NVL,sm_90,uniform_0_1,fp64_e11m52,current_x4,64,register_decode,4,134217728,1,528,256,256,138412032.0,4325376.0,0.0,138412032.0,15,0.014804420764880673,0.014803481067997932,3.41248626646636e-05,0.23051917659039334,3.145248896041508e-05,0.014764659969698576,0.01485553281341892,0.014762264933720728,0.014856759455593557,9349.37166392512,292.16786449766,0.0,9349.37166392512
NVIDIA H200 NVL,sm_90,uniform_0_1,fp64_e11m52,current_x4,64,stream_decode,4,134217728,1,2112,256,0,134217728.0,1073741824.0,0.0,134217728.0,15,0.24969758987426757,0.24970570723215738,0.00013961872542754254,0.05591330970170244,9.801387786864679e-05,0.2495081114768982,0.24993332386016845,0.2495055913925171,0.249970006942749,537.521119317106,4300.168954536848,0.0,537.521119317106
NVIDIA H200 NVL,sm_90,uniform_0_1,fp64_e11m52,load_only_x1,64,stream_load,1,134217728,1,2112,256,0,0.0,1073741824.0,0.0,0.0,15,0.287152453831264,0.2871651386079334,9.471634907900921e-05,0.03298323380691604,6.44683837890403e-05,0.28702821731567385,0.2873007501874651,0.28697509765625,0.28734490530831475,0.0,3739.2744156417707,0.0,0.0
NVIDIA H200 NVL,sm_90,uniform_0_1,fp64_e11m52,load_only_x4,64,stream_load,4,134217728,1,2112,256,0,0.0,1073741824.0,0.0,0.0,15,0.24984560012817383,0.24984519799550373,0.00016530035751839418,0.0661611104974565,8.440017700195312e-05,0.24956719636917116,0.2501227164268494,0.24955039024353026,0.2501300096511841,0.0,4297.621504838017,0.0,0.0
