benchmark_format,format,storage_bits,strategy,decode_kind,table_location,unpack,lanes,lookup_entry_bytes,shared_table_bytes
bf16_e8m7,bf16_e8m7,16,fp32_bit_lift_x1,fp32_bits,none,shift_mask,1,0,0
bf16_e8m7,bf16_e8m7,16,fp32_bit_lift_x4,fp32_bits,none,shift_mask,4,0,0
bf16_e8m7,bf16_e8m7,16,fp32_bit_lift_x8,fp32_bits,none,shift_mask,8,0,0
bf16_e8m7,bf16_e8m7,16,full_high_l2_x1,full_high_lut,global,shift_mask,1,4,0
bf16_e8m7,bf16_e8m7,16,full_high_l2_x4,full_high_lut,global,shift_mask,4,4,0
bf16_e8m7,bf16_e8m7,16,full_high_l2_x8,full_high_lut,global,shift_mask,8,4,0
bf16_e8m7,bf16_e8m7,16,generic_x1,generic,none,shift_mask,1,0,0
bf16_e8m7,bf16_e8m7,16,native_bfloat162_x2,native_packed,none,shift_mask,2,0,0
bf16_e8m7,bf16_e8m7,16,native_bfloat162_x4,native_packed,none,shift_mask,4,0,0
bf16_e8m7,bf16_e8m7,16,native_bfloat162_x8,native_packed,none,shift_mask,8,0,0
bf16_e8m7,bf16_e8m7,16,native_direct_x1,native_direct,none,shift_mask,1,0,0
bf16_e8m7,bf16_e8m7,16,native_fp32_x1,native_fp32,none,shift_mask,1,0,0
bf16_e8m7,bf16_e8m7,16,subnormal_global_x8,subnormal_high_lut,global,shift_mask,8,4,0
bf16_e8m7,bf16_e8m7,16,subnormal_shared_x8,subnormal_high_lut,shared,shift_mask,8,4,512
bf16_e8m7,bf16_e8m7,16,word_branchy_x1,direct_words_branchy,none,shift_mask,1,0,0
bf16_e8m7,bf16_e8m7,16,word_branchy_x4,direct_words_branchy,none,shift_mask,4,0,0
bf16_e8m7,bf16_e8m7,16,word_branchy_x8,direct_words_branchy,none,shift_mask,8,0,0
bf16_e8m7,bf16_e8m7,16,word_masked_x1,direct_words_masked,none,shift_mask,1,0,0
bf16_e8m7,bf16_e8m7,16,word_masked_x4,direct_words_masked,none,shift_mask,4,0,0
bf16_e8m7,bf16_e8m7,16,word_masked_x8,direct_words_masked,none,shift_mask,8,0,0
bf16_e8m7,fp64_e11m52,64,raw_pointer_x1,none,none,scalar,1,0,0
e11m20,e11m20,32,generic_x1,generic,none,shift_mask,1,0,0
e11m20,e11m20,32,generic_x2,generic,none,shift_mask,2,0,0
e11m20,e11m20,32,generic_x4,generic,none,shift_mask,4,0,0
e11m20,e11m20,32,generic_x8,generic,none,shift_mask,8,0,0
e11m20,e11m20,32,prefix_word_x1,prefix_word,none,shift_mask,1,0,0
e11m20,e11m20,32,prefix_word_x2,prefix_word,none,shift_mask,2,0,0
e11m20,e11m20,32,prefix_word_x4,prefix_word,none,shift_mask,4,0,0
e11m20,e11m20,32,prefix_word_x8,prefix_word,none,shift_mask,8,0,0
e11m20,fp64_e11m52,64,raw_pointer_x1,none,none,scalar,1,0,0
e11m4,e11m4,16,full_high_l2_x1,full_high_lut,global,shift_mask,1,4,0
e11m4,e11m4,16,full_high_l2_x4,full_high_lut,global,shift_mask,4,4,0
e11m4,e11m4,16,full_high_l2_x8,full_high_lut,global,shift_mask,8,4,0
e11m4,e11m4,16,generic_x1,generic,none,shift_mask,1,0,0
e11m4,e11m4,16,generic_x2,generic,none,shift_mask,2,0,0
e11m4,e11m4,16,generic_x4,generic,none,shift_mask,4,0,0
e11m4,e11m4,16,generic_x8,generic,none,shift_mask,8,0,0
e11m4,e11m4,16,prefix_word_x1,prefix_word,none,shift_mask,1,0,0
e11m4,e11m4,16,prefix_word_x2,prefix_word,none,shift_mask,2,0,0
e11m4,e11m4,16,prefix_word_x4,prefix_word,none,shift_mask,4,0,0
e11m4,e11m4,16,prefix_word_x8,prefix_word,none,shift_mask,8,0,0
e11m4,fp64_e11m52,64,raw_pointer_x1,none,none,scalar,1,0,0
e1m14,e1m14,16,e1_integer_x1,e1_integer,none,shift_mask,1,0,0
e1m14,e1m14,16,e1_integer_x4,e1_integer,none,shift_mask,4,0,0
e1m14,e1m14,16,e1_integer_x8,e1_integer,none,shift_mask,8,0,0
e1m14,e1m14,16,fp32_bits_x1,fp32_bits,none,shift_mask,1,0,0
e1m14,e1m14,16,fp32_bits_x4,fp32_bits,none,shift_mask,4,0,0
e1m14,e1m14,16,fp32_bits_x8,fp32_bits,none,shift_mask,8,0,0
e1m14,e1m14,16,full_high_l2_x1,full_high_lut,global,shift_mask,1,4,0
e1m14,e1m14,16,full_high_l2_x4,full_high_lut,global,shift_mask,4,4,0
e1m14,e1m14,16,full_high_l2_x8,full_high_lut,global,shift_mask,8,4,0
e1m14,e1m14,16,generic_x1,generic,none,shift_mask,1,0,0
e1m14,e1m14,16,generic_x4,generic,none,shift_mask,4,0,0
e1m14,e1m14,16,generic_x8,generic,none,shift_mask,8,0,0
e1m14,e1m14,16,subnormal_global_x4,subnormal_high_lut,global,shift_mask,4,4,0
e1m14,e1m14,16,subnormal_global_x8,subnormal_high_lut,global,shift_mask,8,4,0
e1m14,e1m14,16,subnormal_shared_x4,subnormal_high_lut,shared,shift_mask,4,4,65536
e1m14,e1m14,16,subnormal_shared_x8,subnormal_high_lut,shared,shift_mask,8,4,65536
e1m14,e1m14,16,word_branchy_x1,direct_words_branchy,none,shift_mask,1,0,0
e1m14,e1m14,16,word_branchy_x4,direct_words_branchy,none,shift_mask,4,0,0
e1m14,e1m14,16,word_branchy_x8,direct_words_branchy,none,shift_mask,8,0,0
e1m14,e1m14,16,word_masked_x1,direct_words_masked,none,shift_mask,1,0,0
e1m14,e1m14,16,word_masked_x4,direct_words_masked,none,shift_mask,4,0,0
e1m14,e1m14,16,word_masked_x8,direct_words_masked,none,shift_mask,8,0,0
e1m14,fp64_e11m52,64,raw_pointer_x1,none,none,scalar,1,0,0
e1m30,e1m30,32,e1_integer_x1,e1_integer,none,shift_mask,1,0,0
e1m30,e1m30,32,e1_integer_x2,e1_integer,none,shift_mask,2,0,0
e1m30,e1m30,32,e1_integer_x4,e1_integer,none,shift_mask,4,0,0
e1m30,e1m30,32,e1_integer_x8,e1_integer,none,shift_mask,8,0,0
e1m30,e1m30,32,generic_x1,generic,none,shift_mask,1,0,0
e1m30,e1m30,32,generic_x2,generic,none,shift_mask,2,0,0
e1m30,e1m30,32,generic_x4,generic,none,shift_mask,4,0,0
e1m30,e1m30,32,generic_x8,generic,none,shift_mask,8,0,0
e1m30,e1m30,32,prefix_global_x4,prefix_high_lut,global,shift_mask,4,4,0
e1m30,e1m30,32,prefix_global_x8,prefix_high_lut,global,shift_mask,8,4,0
e1m30,e1m30,32,prefix_shared_x4,prefix_high_lut,shared,shift_mask,4,4,16
e1m30,e1m30,32,prefix_shared_x8,prefix_high_lut,shared,shift_mask,8,4,16
e1m30,e1m30,32,word_branchy_x1,direct_words_branchy,none,shift_mask,1,0,0
e1m30,e1m30,32,word_branchy_x2,direct_words_branchy,none,shift_mask,2,0,0
e1m30,e1m30,32,word_branchy_x4,direct_words_branchy,none,shift_mask,4,0,0
e1m30,e1m30,32,word_branchy_x8,direct_words_branchy,none,shift_mask,8,0,0
e1m30,e1m30,32,word_masked_x1,direct_words_masked,none,shift_mask,1,0,0
e1m30,e1m30,32,word_masked_x2,direct_words_masked,none,shift_mask,2,0,0
e1m30,e1m30,32,word_masked_x4,direct_words_masked,none,shift_mask,4,0,0
e1m30,e1m30,32,word_masked_x8,direct_words_masked,none,shift_mask,8,0,0
e1m30,fp64_e11m52,64,raw_pointer_x1,none,none,scalar,1,0,0
e1m6,e1m6,8,e1_integer_x1,e1_integer,none,shift_mask,1,0,0
e1m6,e1m6,8,e1_integer_x4,e1_integer,none,shift_mask,4,0,0
e1m6,e1m6,8,e1_integer_x8,e1_integer,none,shift_mask,8,0,0
e1m6,e1m6,8,fp32_bits_x1,fp32_bits,none,shift_mask,1,0,0
e1m6,e1m6,8,fp32_bits_x4,fp32_bits,none,shift_mask,4,0,0
e1m6,e1m6,8,fp32_bits_x8,fp32_bits,none,shift_mask,8,0,0
e1m6,e1m6,8,full_high_global_x1,full_high_lut,global,shift_mask,1,4,0
e1m6,e1m6,8,full_high_global_x4,full_high_lut,global,shift_mask,4,4,0
e1m6,e1m6,8,full_high_global_x8,full_high_lut,global,shift_mask,8,4,0
e1m6,e1m6,8,full_high_shared_x4,full_high_lut,shared,shift_mask,4,4,1024
e1m6,e1m6,8,full_high_shared_x8,full_high_lut,shared,shift_mask,8,4,1024
e1m6,e1m6,8,full_high_swizzled_x4,full_high_lut_swizzled,shared,shift_mask,4,4,4112
e1m6,e1m6,8,full_high_swizzled_x8,full_high_lut_swizzled,shared,shift_mask,8,4,4112
e1m6,e1m6,8,generic_x1,generic,none,shift_mask,1,0,0
e1m6,e1m6,8,generic_x4,generic,none,shift_mask,4,0,0
e1m6,e1m6,8,generic_x8,generic,none,shift_mask,8,0,0
e1m6,e1m6,8,pair_l2_x4,pair_high_lut,global,shift_mask,4,8,0
e1m6,e1m6,8,pair_l2_x8,pair_high_lut,global,shift_mask,8,8,0
e1m6,e1m6,8,subnormal_global_x4,subnormal_high_lut,global,shift_mask,4,4,0
e1m6,e1m6,8,subnormal_shared_x8,subnormal_high_lut,shared,shift_mask,8,4,256
e1m6,e1m6,8,word_branchy_prmt_x4,direct_words_branchy,none,byte_permute,4,0,0
e1m6,e1m6,8,word_branchy_prmt_x8,direct_words_branchy,none,byte_permute,8,0,0
e1m6,e1m6,8,word_branchy_x1,direct_words_branchy,none,shift_mask,1,0,0
e1m6,e1m6,8,word_branchy_x4,direct_words_branchy,none,shift_mask,4,0,0
e1m6,e1m6,8,word_branchy_x8,direct_words_branchy,none,shift_mask,8,0,0
e1m6,e1m6,8,word_masked_x1,direct_words_masked,none,shift_mask,1,0,0
e1m6,e1m6,8,word_masked_x4,direct_words_masked,none,shift_mask,4,0,0
e1m6,e1m6,8,word_masked_x8,direct_words_masked,none,shift_mask,8,0,0
e1m6,fp64_e11m52,64,raw_pointer_x1,none,none,scalar,1,0,0
e2m13,e2m13,16,fp32_bits_x1,fp32_bits,none,shift_mask,1,0,0
e2m13,e2m13,16,fp32_bits_x4,fp32_bits,none,shift_mask,4,0,0
e2m13,e2m13,16,fp32_bits_x8,fp32_bits,none,shift_mask,8,0,0
e2m13,e2m13,16,full_high_l2_x1,full_high_lut,global,shift_mask,1,4,0
e2m13,e2m13,16,full_high_l2_x4,full_high_lut,global,shift_mask,4,4,0
e2m13,e2m13,16,full_high_l2_x8,full_high_lut,global,shift_mask,8,4,0
e2m13,e2m13,16,generic_x1,generic,none,shift_mask,1,0,0
e2m13,e2m13,16,generic_x4,generic,none,shift_mask,4,0,0
e2m13,e2m13,16,generic_x8,generic,none,shift_mask,8,0,0
e2m13,e2m13,16,prefix_global_x4,prefix_high_lut,global,shift_mask,4,4,0
e2m13,e2m13,16,prefix_global_x8,prefix_high_lut,global,shift_mask,8,4,0
e2m13,e2m13,16,prefix_shared_x4,prefix_high_lut,shared,shift_mask,4,4,32
e2m13,e2m13,16,prefix_shared_x8,prefix_high_lut,shared,shift_mask,8,4,32
e2m13,e2m13,16,subnormal_global_x4,subnormal_high_lut,global,shift_mask,4,4,0
e2m13,e2m13,16,subnormal_global_x8,subnormal_high_lut,global,shift_mask,8,4,0
e2m13,e2m13,16,subnormal_shared_x4,subnormal_high_lut,shared,shift_mask,4,4,32768
e2m13,e2m13,16,subnormal_shared_x8,subnormal_high_lut,shared,shift_mask,8,4,32768
e2m13,e2m13,16,word_branchy_x1,direct_words_branchy,none,shift_mask,1,0,0
e2m13,e2m13,16,word_branchy_x4,direct_words_branchy,none,shift_mask,4,0,0
e2m13,e2m13,16,word_branchy_x8,direct_words_branchy,none,shift_mask,8,0,0
e2m13,e2m13,16,word_masked_x1,direct_words_masked,none,shift_mask,1,0,0
e2m13,e2m13,16,word_masked_x4,direct_words_masked,none,shift_mask,4,0,0
e2m13,e2m13,16,word_masked_x8,direct_words_masked,none,shift_mask,8,0,0
e2m13,fp64_e11m52,64,raw_pointer_x1,none,none,scalar,1,0,0
e2m29,e2m29,32,generic_x1,generic,none,shift_mask,1,0,0
e2m29,e2m29,32,generic_x2,generic,none,shift_mask,2,0,0
e2m29,e2m29,32,generic_x4,generic,none,shift_mask,4,0,0
e2m29,e2m29,32,generic_x8,generic,none,shift_mask,8,0,0
e2m29,e2m29,32,prefix_global_x4,prefix_high_lut,global,shift_mask,4,4,0
e2m29,e2m29,32,prefix_global_x8,prefix_high_lut,global,shift_mask,8,4,0
e2m29,e2m29,32,prefix_shared_x4,prefix_high_lut,shared,shift_mask,4,4,32
e2m29,e2m29,32,prefix_shared_x8,prefix_high_lut,shared,shift_mask,8,4,32
e2m29,e2m29,32,word_branchy_x1,direct_words_branchy,none,shift_mask,1,0,0
e2m29,e2m29,32,word_branchy_x2,direct_words_branchy,none,shift_mask,2,0,0
e2m29,e2m29,32,word_branchy_x4,direct_words_branchy,none,shift_mask,4,0,0
e2m29,e2m29,32,word_branchy_x8,direct_words_branchy,none,shift_mask,8,0,0
e2m29,e2m29,32,word_masked_x1,direct_words_masked,none,shift_mask,1,0,0
e2m29,e2m29,32,word_masked_x2,direct_words_masked,none,shift_mask,2,0,0
e2m29,e2m29,32,word_masked_x4,direct_words_masked,none,shift_mask,4,0,0
e2m29,e2m29,32,word_masked_x8,direct_words_masked,none,shift_mask,8,0,0
e2m29,fp64_e11m52,64,raw_pointer_x1,none,none,scalar,1,0,0
e3m12,e3m12,16,fp32_bits_x1,fp32_bits,none,shift_mask,1,0,0
e3m12,e3m12,16,fp32_bits_x4,fp32_bits,none,shift_mask,4,0,0
e3m12,e3m12,16,fp32_bits_x8,fp32_bits,none,shift_mask,8,0,0
e3m12,e3m12,16,full_high_l2_x1,full_high_lut,global,shift_mask,1,4,0
e3m12,e3m12,16,full_high_l2_x4,full_high_lut,global,shift_mask,4,4,0
e3m12,e3m12,16,full_high_l2_x8,full_high_lut,global,shift_mask,8,4,0
e3m12,e3m12,16,generic_x1,generic,none,shift_mask,1,0,0
e3m12,e3m12,16,generic_x4,generic,none,shift_mask,4,0,0
e3m12,e3m12,16,generic_x8,generic,none,shift_mask,8,0,0
e3m12,e3m12,16,prefix_global_x4,prefix_high_lut,global,shift_mask,4,4,0
e3m12,e3m12,16,prefix_global_x8,prefix_high_lut,global,shift_mask,8,4,0
e3m12,e3m12,16,prefix_shared_x4,prefix_high_lut,shared,shift_mask,4,4,64
e3m12,e3m12,16,prefix_shared_x8,prefix_high_lut,shared,shift_mask,8,4,64
e3m12,e3m12,16,subnormal_global_x4,subnormal_high_lut,global,shift_mask,4,4,0
e3m12,e3m12,16,subnormal_global_x8,subnormal_high_lut,global,shift_mask,8,4,0
e3m12,e3m12,16,subnormal_shared_x4,subnormal_high_lut,shared,shift_mask,4,4,16384
e3m12,e3m12,16,subnormal_shared_x8,subnormal_high_lut,shared,shift_mask,8,4,16384
e3m12,e3m12,16,word_branchy_x1,direct_words_branchy,none,shift_mask,1,0,0
e3m12,e3m12,16,word_branchy_x4,direct_words_branchy,none,shift_mask,4,0,0
e3m12,e3m12,16,word_branchy_x8,direct_words_branchy,none,shift_mask,8,0,0
e3m12,e3m12,16,word_masked_x1,direct_words_masked,none,shift_mask,1,0,0
e3m12,e3m12,16,word_masked_x4,direct_words_masked,none,shift_mask,4,0,0
e3m12,e3m12,16,word_masked_x8,direct_words_masked,none,shift_mask,8,0,0
e3m12,fp64_e11m52,64,raw_pointer_x1,none,none,scalar,1,0,0
e3m28,e3m28,32,generic_x1,generic,none,shift_mask,1,0,0
e3m28,e3m28,32,generic_x2,generic,none,shift_mask,2,0,0
e3m28,e3m28,32,generic_x4,generic,none,shift_mask,4,0,0
e3m28,e3m28,32,generic_x8,generic,none,shift_mask,8,0,0
e3m28,e3m28,32,prefix_global_x4,prefix_high_lut,global,shift_mask,4,4,0
e3m28,e3m28,32,prefix_global_x8,prefix_high_lut,global,shift_mask,8,4,0
e3m28,e3m28,32,prefix_shared_x4,prefix_high_lut,shared,shift_mask,4,4,64
e3m28,e3m28,32,prefix_shared_x8,prefix_high_lut,shared,shift_mask,8,4,64
e3m28,e3m28,32,word_branchy_x1,direct_words_branchy,none,shift_mask,1,0,0
e3m28,e3m28,32,word_branchy_x2,direct_words_branchy,none,shift_mask,2,0,0
e3m28,e3m28,32,word_branchy_x4,direct_words_branchy,none,shift_mask,4,0,0
e3m28,e3m28,32,word_branchy_x8,direct_words_branchy,none,shift_mask,8,0,0
e3m28,e3m28,32,word_masked_x1,direct_words_masked,none,shift_mask,1,0,0
e3m28,e3m28,32,word_masked_x2,direct_words_masked,none,shift_mask,2,0,0
e3m28,e3m28,32,word_masked_x4,direct_words_masked,none,shift_mask,4,0,0
e3m28,e3m28,32,word_masked_x8,direct_words_masked,none,shift_mask,8,0,0
e3m28,fp64_e11m52,64,raw_pointer_x1,none,none,scalar,1,0,0
fp16_e5m10,fp16_e5m10,16,fp32_bits_x1,fp32_bits,none,shift_mask,1,0,0
fp16_e5m10,fp16_e5m10,16,fp32_bits_x4,fp32_bits,none,shift_mask,4,0,0
fp16_e5m10,fp16_e5m10,16,fp32_bits_x8,fp32_bits,none,shift_mask,8,0,0
fp16_e5m10,fp16_e5m10,16,full_high_l2_x1,full_high_lut,global,shift_mask,1,4,0
fp16_e5m10,fp16_e5m10,16,full_high_l2_x4,full_high_lut,global,shift_mask,4,4,0
fp16_e5m10,fp16_e5m10,16,full_high_l2_x8,full_high_lut,global,shift_mask,8,4,0
fp16_e5m10,fp16_e5m10,16,generic_x1,generic,none,shift_mask,1,0,0
fp16_e5m10,fp16_e5m10,16,native_direct_x1,native_direct,none,shift_mask,1,0,0
fp16_e5m10,fp16_e5m10,16,native_fp32_x1,native_fp32,none,shift_mask,1,0,0
fp16_e5m10,fp16_e5m10,16,native_half2_x2,native_packed,none,shift_mask,2,0,0
fp16_e5m10,fp16_e5m10,16,native_half2_x4,native_packed,none,shift_mask,4,0,0
fp16_e5m10,fp16_e5m10,16,native_half2_x8,native_packed,none,shift_mask,8,0,0
fp16_e5m10,fp16_e5m10,16,subnormal_global_x8,subnormal_high_lut,global,shift_mask,8,4,0
fp16_e5m10,fp16_e5m10,16,subnormal_shared_x8,subnormal_high_lut,shared,shift_mask,8,4,4096
fp16_e5m10,fp16_e5m10,16,word_branchy_x1,direct_words_branchy,none,shift_mask,1,0,0
fp16_e5m10,fp16_e5m10,16,word_branchy_x4,direct_words_branchy,none,shift_mask,4,0,0
fp16_e5m10,fp16_e5m10,16,word_branchy_x8,direct_words_branchy,none,shift_mask,8,0,0
fp16_e5m10,fp16_e5m10,16,word_masked_x1,direct_words_masked,none,shift_mask,1,0,0
fp16_e5m10,fp16_e5m10,16,word_masked_x4,direct_words_masked,none,shift_mask,4,0,0
fp16_e5m10,fp16_e5m10,16,word_masked_x8,direct_words_masked,none,shift_mask,8,0,0
fp16_e5m10,fp64_e11m52,64,raw_pointer_x1,none,none,scalar,1,0,0
fp32_e8m23,fp32_e8m23,32,generic_x1,generic,none,shift_mask,1,0,0
fp32_e8m23,fp32_e8m23,32,native_f64_x1,native_direct,none,shift_mask,1,0,0
fp32_e8m23,fp32_e8m23,32,native_float2_x2,native_packed,none,shift_mask,2,0,0
fp32_e8m23,fp32_e8m23,32,native_float4_x4,native_packed,none,shift_mask,4,0,0
fp32_e8m23,fp32_e8m23,32,native_float4_x8,native_packed,none,shift_mask,8,0,0
fp32_e8m23,fp32_e8m23,32,prefix_global_x4,prefix_high_lut,global,shift_mask,4,4,0
fp32_e8m23,fp32_e8m23,32,prefix_global_x8,prefix_high_lut,global,shift_mask,8,4,0
fp32_e8m23,fp32_e8m23,32,prefix_shared_x4,prefix_high_lut,shared,shift_mask,4,4,2048
fp32_e8m23,fp32_e8m23,32,prefix_shared_x8,prefix_high_lut,shared,shift_mask,8,4,2048
fp32_e8m23,fp32_e8m23,32,word_branchy_x1,direct_words_branchy,none,shift_mask,1,0,0
fp32_e8m23,fp32_e8m23,32,word_branchy_x2,direct_words_branchy,none,shift_mask,2,0,0
fp32_e8m23,fp32_e8m23,32,word_branchy_x4,direct_words_branchy,none,shift_mask,4,0,0
fp32_e8m23,fp32_e8m23,32,word_branchy_x8,direct_words_branchy,none,shift_mask,8,0,0
fp32_e8m23,fp32_e8m23,32,word_masked_x1,direct_words_masked,none,shift_mask,1,0,0
fp32_e8m23,fp32_e8m23,32,word_masked_x2,direct_words_masked,none,shift_mask,2,0,0
fp32_e8m23,fp32_e8m23,32,word_masked_x4,direct_words_masked,none,shift_mask,4,0,0
fp32_e8m23,fp32_e8m23,32,word_masked_x8,direct_words_masked,none,shift_mask,8,0,0
fp32_e8m23,fp64_e11m52,64,raw_pointer_x1,none,none,scalar,1,0,0
fp8_e4m3,fp64_e11m52,64,raw_pointer_x1,none,none,scalar,1,0,0
fp8_e4m3,fp8_e4m3,8,fp32_bits_x1,fp32_bits,none,shift_mask,1,0,0
fp8_e4m3,fp8_e4m3,8,fp32_bits_x4,fp32_bits,none,shift_mask,4,0,0
fp8_e4m3,fp8_e4m3,8,fp32_bits_x8,fp32_bits,none,shift_mask,8,0,0
fp8_e4m3,fp8_e4m3,8,full_high_global_x1,full_high_lut,global,shift_mask,1,4,0
fp8_e4m3,fp8_e4m3,8,full_high_global_x4,full_high_lut,global,shift_mask,4,4,0
fp8_e4m3,fp8_e4m3,8,full_high_global_x8,full_high_lut,global,shift_mask,8,4,0
fp8_e4m3,fp8_e4m3,8,full_high_shared_x4,full_high_lut,shared,shift_mask,4,4,1024
fp8_e4m3,fp8_e4m3,8,full_high_shared_x8,full_high_lut,shared,shift_mask,8,4,1024
fp8_e4m3,fp8_e4m3,8,full_high_swizzled_x4,full_high_lut_swizzled,shared,shift_mask,4,4,4112
fp8_e4m3,fp8_e4m3,8,full_high_swizzled_x8,full_high_lut_swizzled,shared,shift_mask,8,4,4112
fp8_e4m3,fp8_e4m3,8,generic_x1,generic,none,shift_mask,1,0,0
fp8_e4m3,fp8_e4m3,8,native_direct_x1,native_direct,none,shift_mask,1,0,0
fp8_e4m3,fp8_e4m3,8,native_float2_x2,native_packed,none,shift_mask,2,0,0
fp8_e4m3,fp8_e4m3,8,native_float4_x4,native_packed,none,shift_mask,4,0,0
fp8_e4m3,fp8_e4m3,8,native_float4_x8,native_packed,none,shift_mask,8,0,0
fp8_e4m3,fp8_e4m3,8,native_fp32_x1,native_fp32,none,shift_mask,1,0,0
fp8_e4m3,fp8_e4m3,8,native_half2_x2,native_half2,none,shift_mask,2,0,0
fp8_e4m3,fp8_e4m3,8,native_half2_x4,native_half2,none,shift_mask,4,0,0
fp8_e4m3,fp8_e4m3,8,native_half2_x8,native_half2,none,shift_mask,8,0,0
fp8_e4m3,fp8_e4m3,8,pair_l2_x4,pair_high_lut,global,shift_mask,4,8,0
fp8_e4m3,fp8_e4m3,8,pair_l2_x8,pair_high_lut,global,shift_mask,8,8,0
fp8_e4m3,fp8_e4m3,8,subnormal_shared_x8,subnormal_high_lut,shared,shift_mask,8,4,32
fp8_e4m3,fp8_e4m3,8,word_branchy_prmt_x4,direct_words_branchy,none,byte_permute,4,0,0
fp8_e4m3,fp8_e4m3,8,word_branchy_prmt_x8,direct_words_branchy,none,byte_permute,8,0,0
fp8_e4m3,fp8_e4m3,8,word_branchy_x1,direct_words_branchy,none,shift_mask,1,0,0
fp8_e4m3,fp8_e4m3,8,word_branchy_x4,direct_words_branchy,none,shift_mask,4,0,0
fp8_e4m3,fp8_e4m3,8,word_branchy_x8,direct_words_branchy,none,shift_mask,8,0,0
fp8_e4m3,fp8_e4m3,8,word_masked_x1,direct_words_masked,none,shift_mask,1,0,0
fp8_e4m3,fp8_e4m3,8,word_masked_x4,direct_words_masked,none,shift_mask,4,0,0
fp8_e4m3,fp8_e4m3,8,word_masked_x8,direct_words_masked,none,shift_mask,8,0,0
fp8_e5m2,fp64_e11m52,64,raw_pointer_x1,none,none,scalar,1,0,0
fp8_e5m2,fp8_e5m2,8,fp32_bits_x1,fp32_bits,none,shift_mask,1,0,0
fp8_e5m2,fp8_e5m2,8,fp32_bits_x4,fp32_bits,none,shift_mask,4,0,0
fp8_e5m2,fp8_e5m2,8,fp32_bits_x8,fp32_bits,none,shift_mask,8,0,0
fp8_e5m2,fp8_e5m2,8,full_high_global_x1,full_high_lut,global,shift_mask,1,4,0
fp8_e5m2,fp8_e5m2,8,full_high_global_x4,full_high_lut,global,shift_mask,4,4,0
fp8_e5m2,fp8_e5m2,8,full_high_global_x8,full_high_lut,global,shift_mask,8,4,0
fp8_e5m2,fp8_e5m2,8,full_high_shared_x4,full_high_lut,shared,shift_mask,4,4,1024
fp8_e5m2,fp8_e5m2,8,full_high_shared_x8,full_high_lut,shared,shift_mask,8,4,1024
fp8_e5m2,fp8_e5m2,8,full_high_swizzled_x4,full_high_lut_swizzled,shared,shift_mask,4,4,4112
fp8_e5m2,fp8_e5m2,8,full_high_swizzled_x8,full_high_lut_swizzled,shared,shift_mask,8,4,4112
fp8_e5m2,fp8_e5m2,8,generic_x1,generic,none,shift_mask,1,0,0
fp8_e5m2,fp8_e5m2,8,native_direct_x1,native_direct,none,shift_mask,1,0,0
fp8_e5m2,fp8_e5m2,8,native_float2_x2,native_packed,none,shift_mask,2,0,0
fp8_e5m2,fp8_e5m2,8,native_float4_x4,native_packed,none,shift_mask,4,0,0
fp8_e5m2,fp8_e5m2,8,native_float4_x8,native_packed,none,shift_mask,8,0,0
fp8_e5m2,fp8_e5m2,8,native_fp32_x1,native_fp32,none,shift_mask,1,0,0
fp8_e5m2,fp8_e5m2,8,native_half2_x2,native_half2,none,shift_mask,2,0,0
fp8_e5m2,fp8_e5m2,8,native_half2_x4,native_half2,none,shift_mask,4,0,0
fp8_e5m2,fp8_e5m2,8,native_half2_x8,native_half2,none,shift_mask,8,0,0
fp8_e5m2,fp8_e5m2,8,pair_l2_x4,pair_high_lut,global,shift_mask,4,8,0
fp8_e5m2,fp8_e5m2,8,pair_l2_x8,pair_high_lut,global,shift_mask,8,8,0
fp8_e5m2,fp8_e5m2,8,subnormal_shared_x8,subnormal_high_lut,shared,shift_mask,8,4,16
fp8_e5m2,fp8_e5m2,8,word_branchy_prmt_x4,direct_words_branchy,none,byte_permute,4,0,0
fp8_e5m2,fp8_e5m2,8,word_branchy_prmt_x8,direct_words_branchy,none,byte_permute,8,0,0
fp8_e5m2,fp8_e5m2,8,word_branchy_x1,direct_words_branchy,none,shift_mask,1,0,0
fp8_e5m2,fp8_e5m2,8,word_branchy_x4,direct_words_branchy,none,shift_mask,4,0,0
fp8_e5m2,fp8_e5m2,8,word_branchy_x8,direct_words_branchy,none,shift_mask,8,0,0
fp8_e5m2,fp8_e5m2,8,word_masked_x1,direct_words_masked,none,shift_mask,1,0,0
fp8_e5m2,fp8_e5m2,8,word_masked_x4,direct_words_masked,none,shift_mask,4,0,0
fp8_e5m2,fp8_e5m2,8,word_masked_x8,direct_words_masked,none,shift_mask,8,0,0
