gpu,compute_capability,distribution,format,strategy,component,lanes,n,m,lookup_entry_bytes,shared_table_bytes,pipelined,sample,iterations,total_time_ms,time_ms
NVIDIA H200 NVL,sm_90,uniform_0_1,e2m5,generic_fp64_x1,dot,1,65536,1,0,0,0,0,129,0.6499519944190979,0.005038387553636418
NVIDIA H200 NVL,sm_90,uniform_0_1,e2m5,generic_fp64_x1,dot,1,65536,1,0,0,0,1,129,0.64953601360321045,0.0050351628961489182
NVIDIA H200 NVL,sm_90,uniform_0_1,e2m5,branchless_fp32_x1,dot,1,65536,1,0,0,0,0,151,0.71792000532150269,0.0047544371213344549
NVIDIA H200 NVL,sm_90,uniform_0_1,e2m5,branchless_fp32_x1,dot,1,65536,1,0,0,0,1,151,0.71558398008346558,0.0047389667555196397
NVIDIA H200 NVL,sm_90,uniform_0_1,e2m5,lut_fp32_global_x1,dot,1,65536,1,4,0,0,0,144,0.70870399475097656,0.0049215555191040039
NVIDIA H200 NVL,sm_90,uniform_0_1,e2m5,lut_fp32_global_x1,dot,1,65536,1,4,0,0,1,144,0.71001601219177246,0.0049306667513317531
NVIDIA H200 NVL,sm_90,uniform_0_1,e2m5,lut_fp64_global_x1,dot,1,65536,1,8,0,0,0,145,0.70419198274612427,0.0048564964327318912
NVIDIA H200 NVL,sm_90,uniform_0_1,e2m5,lut_fp64_global_x1,dot,1,65536,1,8,0,0,1,145,0.70687997341156006,0.0048750342993900695
NVIDIA H200 NVL,sm_90,uniform_0_1,e2m5,lut_prefix_global_x1,dot,1,65536,1,4,0,0,0,151,0.74368000030517578,0.0049250331146038131
NVIDIA H200 NVL,sm_90,uniform_0_1,e2m5,lut_prefix_global_x1,dot,1,65536,1,4,0,0,1,151,0.74342399835586548,0.0049233377374560631
NVIDIA H200 NVL,sm_90,uniform_0_1,e2m5,generic_fp64_x2,dot,2,65536,1,0,0,0,0,141,0.73228800296783447,0.0051935319359420881
NVIDIA H200 NVL,sm_90,uniform_0_1,e2m5,generic_fp64_x2,dot,2,65536,1,0,0,0,1,141,0.73254400491714478,0.005195347552603864
NVIDIA H200 NVL,sm_90,uniform_0_1,e2m5,branchless_fp32_x2,dot,2,65536,1,0,0,0,0,155,0.72300797700881958,0.0046645675936052879
NVIDIA H200 NVL,sm_90,uniform_0_1,e2m5,branchless_fp32_x2,dot,2,65536,1,0,0,0,1,155,0.72431999444961548,0.0046730322222555834
NVIDIA H200 NVL,sm_90,uniform_0_1,e2m5,lut_fp32_global_x2,dot,2,65536,1,4,0,0,0,143,0.70467197895050049,0.0049277760765769263
NVIDIA H200 NVL,sm_90,uniform_0_1,e2m5,lut_fp32_global_x2,dot,2,65536,1,4,0,0,1,143,0.70627200603485107,0.0049389650771667903
NVIDIA H200 NVL,sm_90,uniform_0_1,e2m5,lut_fp64_global_x2,dot,2,65536,1,8,0,0,0,151,0.74236798286437988,0.0049163442573799988
NVIDIA H200 NVL,sm_90,uniform_0_1,e2m5,lut_fp64_global_x2,dot,2,65536,1,8,0,0,1,151,0.74204802513122559,0.0049142253319948712
NVIDIA H200 NVL,sm_90,uniform_0_1,e2m5,lut_prefix_global_x2,dot,2,65536,1,4,0,0,0,145,0.72422397136688232,0.0049946480783922918
NVIDIA H200 NVL,sm_90,uniform_0_1,e2m5,lut_prefix_global_x2,dot,2,65536,1,4,0,0,1,145,0.72419202327728271,0.0049944277467398809
NVIDIA H200 NVL,sm_90,uniform_0_1,e2m5,generic_fp64_x4,dot,4,65536,1,0,0,0,0,135,0.74956798553466797,0.0055523554484049479
NVIDIA H200 NVL,sm_90,uniform_0_1,e2m5,generic_fp64_x4,dot,4,65536,1,0,0,0,1,135,0.75161600112915039,0.0055675259342900033
NVIDIA H200 NVL,sm_90,uniform_0_1,e2m5,branchless_fp32_x4,dot,4,65536,1,0,0,0,0,145,0.69843202829360962,0.0048167726089214458
NVIDIA H200 NVL,sm_90,uniform_0_1,e2m5,branchless_fp32_x4,dot,4,65536,1,0,0,0,1,145,0.69919997453689575,0.0048220687899096261
NVIDIA H200 NVL,sm_90,uniform_0_1,e2m5,lut_fp32_global_x4,dot,4,65536,1,4,0,0,0,151,0.72867202758789062,0.0048256425668072225
NVIDIA H200 NVL,sm_90,uniform_0_1,e2m5,lut_fp32_global_x4,dot,4,65536,1,4,0,0,1,151,0.72860801219940186,0.0048252186238370983
NVIDIA H200 NVL,sm_90,uniform_0_1,e2m5,lut_fp64_global_x4,dot,4,65536,1,8,0,0,0,145,0.70268797874450684,0.0048461239913414264
NVIDIA H200 NVL,sm_90,uniform_0_1,e2m5,lut_fp64_global_x4,dot,4,65536,1,8,0,0,1,145,0.7051200270652771,0.004862896738381221
NVIDIA H200 NVL,sm_90,uniform_0_1,e2m5,lut_prefix_global_x4,dot,4,65536,1,4,0,0,0,148,0.71446400880813599,0.0048274595189738917
NVIDIA H200 NVL,sm_90,uniform_0_1,e2m5,lut_prefix_global_x4,dot,4,65536,1,4,0,0,1,148,0.7146880030632019,0.0048289729936702832
NVIDIA H200 NVL,sm_90,uniform_0_1,e2m5,generic_fp64_x8,dot,8,65536,1,0,0,0,0,123,0.78476798534393311,0.0063802275231214078
NVIDIA H200 NVL,sm_90,uniform_0_1,e2m5,generic_fp64_x8,dot,8,65536,1,0,0,0,1,123,0.78278398513793945,0.0063640974401458494
NVIDIA H200 NVL,sm_90,uniform_0_1,e2m5,branchless_fp32_x8,dot,8,65536,1,0,0,0,0,145,0.74768000841140747,0.0051564138511131551
NVIDIA H200 NVL,sm_90,uniform_0_1,e2m5,branchless_fp32_x8,dot,8,65536,1,0,0,0,1,145,0.74950402975082397,0.0051689933086263721
NVIDIA H200 NVL,sm_90,uniform_0_1,e2m5,lut_fp32_global_x8,dot,8,65536,1,4,0,0,0,147,0.73491197824478149,0.0049994012125495341
NVIDIA H200 NVL,sm_90,uniform_0_1,e2m5,lut_fp32_global_x8,dot,8,65536,1,4,0,0,1,147,0.73555201292037964,0.0050037551899345554
NVIDIA H200 NVL,sm_90,uniform_0_1,e2m5,lut_fp64_global_x8,dot,8,65536,1,8,0,0,0,145,0.72560000419616699,0.0050041379599735656
NVIDIA H200 NVL,sm_90,uniform_0_1,e2m5,lut_fp64_global_x8,dot,8,65536,1,8,0,0,1,145,0.72556799650192261,0.0050039172172546388
NVIDIA H200 NVL,sm_90,uniform_0_1,e2m5,lut_prefix_global_x8,dot,8,65536,1,4,0,0,0,149,0.74553602933883667,0.0050035975123411854
NVIDIA H200 NVL,sm_90,uniform_0_1,e2m5,lut_prefix_global_x8,dot,8,65536,1,4,0,0,1,149,0.74211198091506958,0.0049806173215776479
NVIDIA H200 NVL,sm_90,uniform_0_1,e2m5,direct_fp64_bits_x4,dot,4,65536,1,0,0,0,0,145,0.72745597362518311,0.0050169377491391942
NVIDIA H200 NVL,sm_90,uniform_0_1,e2m5,direct_fp64_bits_x4,dot,4,65536,1,0,0,0,1,145,0.728767991065979,0.0050259861452826137
NVIDIA H200 NVL,sm_90,uniform_0_1,e2m5,decomposed_bits_x4,dot,4,65536,1,8,0,0,0,147,0.73702400922775269,0.005013768770256821
NVIDIA H200 NVL,sm_90,uniform_0_1,e2m5,decomposed_bits_x4,dot,4,65536,1,8,0,0,1,147,0.73715198040008545,0.0050146393224495605
NVIDIA H200 NVL,sm_90,uniform_0_1,e2m5,lut_fp32_shared_x4,dot,4,65536,1,4,1024,0,0,147,0.71811199188232422,0.0048851155910362189
NVIDIA H200 NVL,sm_90,uniform_0_1,e2m5,lut_fp32_shared_x4,dot,4,65536,1,4,1024,0,1,147,0.71747201681137085,0.0048807620191249719
NVIDIA H200 NVL,sm_90,uniform_0_1,e2m5,lut_fp64_shared_x4,dot,4,65536,1,8,2048,0,0,149,0.73705601692199707,0.0049466846773288395
NVIDIA H200 NVL,sm_90,uniform_0_1,e2m5,lut_fp64_shared_x4,dot,4,65536,1,8,2048,0,1,149,0.73824000358581543,0.0049546308965490969
NVIDIA H200 NVL,sm_90,uniform_0_1,e2m5,lut_prefix_shared_x4,dot,4,65536,1,4,1024,0,0,149,0.71974402666091919,0.0048304968232276459
NVIDIA H200 NVL,sm_90,uniform_0_1,e2m5,lut_prefix_shared_x4,dot,4,65536,1,4,1024,0,1,149,0.71983999013900757,0.0048311408734161582
NVIDIA H200 NVL,sm_90,uniform_0_1,e2m5,lut_prefix_shared_x8,dot,8,65536,1,4,1024,0,0,150,0.7224000096321106,0.0048160000642140707
NVIDIA H200 NVL,sm_90,uniform_0_1,e2m5,lut_prefix_shared_x8,dot,8,65536,1,4,1024,0,1,150,0.7215999960899353,0.004810666640599569
NVIDIA H200 NVL,sm_90,uniform_0_1,e2m5,lut_fp32_global_pipelined_x4,dot,4,65536,1,4,0,1,0,150,0.72351998090744019,0.0048234665393829344
NVIDIA H200 NVL,sm_90,uniform_0_1,e2m5,lut_fp32_global_pipelined_x4,dot,4,65536,1,4,0,1,1,150,0.72358399629592896,0.0048238933086395264
NVIDIA H200 NVL,sm_90,uniform_0_1,e2m5,lut_prefix_global_pipelined_x4,dot,4,65536,1,4,0,1,0,152,0.73388797044754028,0.0048282103318917123
NVIDIA H200 NVL,sm_90,uniform_0_1,e2m5,lut_prefix_global_pipelined_x4,dot,4,65536,1,4,0,1,1,152,0.73264002799987793,0.0048200001842097235
NVIDIA H200 NVL,sm_90,uniform_0_1,e2m5,direct_fp64_words_branchy_x4,dot,4,65536,1,0,0,0,0,141,0.75820797681808472,0.0053773615377169133
NVIDIA H200 NVL,sm_90,uniform_0_1,e2m5,direct_fp64_words_branchy_x4,dot,4,65536,1,0,0,0,1,141,0.759552001953125,0.0053868936308732272
NVIDIA H200 NVL,sm_90,uniform_0_1,e2m5,direct_fp64_words_masked_x4,dot,4,65536,1,0,0,0,0,145,0.72764801979064941,0.0050182622054527545
NVIDIA H200 NVL,sm_90,uniform_0_1,e2m5,direct_fp64_words_masked_x4,dot,4,65536,1,0,0,0,1,145,0.72732800245285034,0.0050160551893300024
NVIDIA H200 NVL,sm_90,uniform_0_1,e2m5,lut_subnormal_global_x4,dot,4,65536,1,4,0,0,0,140,0.75174397230148315,0.0053695998021534514
NVIDIA H200 NVL,sm_90,uniform_0_1,e2m5,lut_subnormal_global_x4,dot,4,65536,1,4,0,0,1,140,0.75126397609710693,0.0053661712578364782
NVIDIA H200 NVL,sm_90,uniform_0_1,e2m5,lut_subnormal_shared_x4,dot,4,65536,1,4,128,0,0,139,0.76102399826049805,0.0054749927932409934
NVIDIA H200 NVL,sm_90,uniform_0_1,e2m5,lut_subnormal_shared_x4,dot,4,65536,1,4,128,0,1,139,0.76019197702407837,0.0054690070289502039
NVIDIA H200 NVL,sm_90,uniform_0_1,e2m5,lut_high_word_global_x4,dot,4,65536,1,4,0,0,0,149,0.71439999341964722,0.0047946308283197802
NVIDIA H200 NVL,sm_90,uniform_0_1,e2m5,lut_high_word_global_x4,dot,4,65536,1,4,0,0,1,149,0.71491199731826782,0.0047980670960957568
NVIDIA H200 NVL,sm_90,uniform_0_1,e2m5,lut_high_word_shared_x4,dot,4,65536,1,4,1024,0,0,151,0.72585600614547729,0.0048069934181819689
NVIDIA H200 NVL,sm_90,uniform_0_1,e2m5,lut_high_word_shared_x4,dot,4,65536,1,4,1024,0,1,151,0.72688001394271851,0.0048137749267729698
NVIDIA H200 NVL,sm_90,uniform_0_1,e2m5,lut_high_word_swizzled_shared_x4,dot,4,65536,1,4,4112,0,0,148,0.71449601650238037,0.0048276757871782454
NVIDIA H200 NVL,sm_90,uniform_0_1,e2m5,lut_high_word_swizzled_shared_x4,dot,4,65536,1,4,4112,0,1,148,0.71446400880813599,0.0048274595189738917
NVIDIA H200 NVL,sm_90,uniform_0_1,e2m5,direct_fp64_words_branchy_x8,dot,8,65536,1,0,0,0,0,126,0.75545597076416016,0.0059956823076520649
NVIDIA H200 NVL,sm_90,uniform_0_1,e2m5,direct_fp64_words_branchy_x8,dot,8,65536,1,0,0,0,1,126,0.75503998994827271,0.005992380872605339
NVIDIA H200 NVL,sm_90,uniform_0_1,e2m5,direct_fp64_words_masked_x8,dot,8,65536,1,0,0,0,0,133,0.74252802133560181,0.0055829174536511416
NVIDIA H200 NVL,sm_90,uniform_0_1,e2m5,direct_fp64_words_masked_x8,dot,8,65536,1,0,0,0,1,133,0.7417600154876709,0.0055771429735915106
NVIDIA H200 NVL,sm_90,uniform_0_1,e2m5,lut_subnormal_global_x8,dot,8,65536,1,4,0,0,0,132,0.77292799949645996,0.0058555151477004547
NVIDIA H200 NVL,sm_90,uniform_0_1,e2m5,lut_subnormal_global_x8,dot,8,65536,1,4,0,0,1,132,0.77171200513839722,0.0058463030692302818
NVIDIA H200 NVL,sm_90,uniform_0_1,e2m5,lut_subnormal_shared_x8,dot,8,65536,1,4,128,0,0,127,0.76729601621627808,0.0060417009150888039
NVIDIA H200 NVL,sm_90,uniform_0_1,e2m5,lut_subnormal_shared_x8,dot,8,65536,1,4,128,0,1,127,0.76649600267410278,0.0060354015958590766
NVIDIA H200 NVL,sm_90,uniform_0_1,e2m5,lut_high_word_global_x8,dot,8,65536,1,4,0,0,0,147,0.72207999229431152,0.0049121087911177651
NVIDIA H200 NVL,sm_90,uniform_0_1,e2m5,lut_high_word_global_x8,dot,8,65536,1,4,0,0,1,147,0.72236800193786621,0.0049140680403936474
NVIDIA H200 NVL,sm_90,uniform_0_1,e2m5,lut_high_word_shared_x8,dot,8,65536,1,4,1024,0,0,156,0.75321602821350098,0.0048283078731634682
NVIDIA H200 NVL,sm_90,uniform_0_1,e2m5,lut_high_word_shared_x8,dot,8,65536,1,4,1024,0,1,156,0.75193601846694946,0.0048201026824804451
NVIDIA H200 NVL,sm_90,uniform_0_1,e2m5,lut_high_word_swizzled_shared_x8,dot,8,65536,1,4,4112,0,0,149,0.73071998357772827,0.0049041609636089143
NVIDIA H200 NVL,sm_90,uniform_0_1,e2m5,lut_high_word_swizzled_shared_x8,dot,8,65536,1,4,4112,0,1,149,0.73071998357772827,0.0049041609636089143
NVIDIA H200 NVL,sm_90,uniform_0_1,e2m5,generic_fp64_x1,gemv,1,1024,256,0,0,0,0,149,0.72182399034500122,0.0048444563110402765
NVIDIA H200 NVL,sm_90,uniform_0_1,e2m5,generic_fp64_x1,gemv,1,1024,256,0,0,0,1,149,0.72147202491760254,0.0048420941269637753
NVIDIA H200 NVL,sm_90,uniform_0_1,e2m5,branchless_fp32_x1,gemv,1,1024,256,0,0,0,0,176,0.65740799903869629,0.0037352727218107743
NVIDIA H200 NVL,sm_90,uniform_0_1,e2m5,branchless_fp32_x1,gemv,1,1024,256,0,0,0,1,176,0.65702402591705322,0.0037330910563468933
NVIDIA H200 NVL,sm_90,uniform_0_1,e2m5,lut_fp32_global_x1,gemv,1,1024,256,4,0,0,0,177,0.675711989402771,0.0038175818610326046
NVIDIA H200 NVL,sm_90,uniform_0_1,e2m5,lut_fp32_global_x1,gemv,1,1024,256,4,0,0,1,177,0.67532801628112793,0.0038154125213623047
NVIDIA H200 NVL,sm_90,uniform_0_1,e2m5,lut_fp64_global_x1,gemv,1,1024,256,8,0,0,0,178,0.66512000560760498,0.0037366292449865449
NVIDIA H200 NVL,sm_90,uniform_0_1,e2m5,lut_fp64_global_x1,gemv,1,1024,256,8,0,0,1,178,0.66563200950622559,0.0037395056713832898
NVIDIA H200 NVL,sm_90,uniform_0_1,e2m5,lut_prefix_global_x1,gemv,1,1024,256,4,0,0,0,191,0.69536000490188599,0.0036406282979156335
NVIDIA H200 NVL,sm_90,uniform_0_1,e2m5,lut_prefix_global_x1,gemv,1,1024,256,4,0,0,1,191,0.69488000869750977,0.0036381152287827735
NVIDIA H200 NVL,sm_90,uniform_0_1,e2m5,generic_fp64_x2,gemv,2,1024,256,0,0,0,0,169,0.67670398950576782,0.0040041656183773247
NVIDIA H200 NVL,sm_90,uniform_0_1,e2m5,generic_fp64_x2,gemv,2,1024,256,0,0,0,1,169,0.67663997411727905,0.0040037868290963259
NVIDIA H200 NVL,sm_90,uniform_0_1,e2m5,branchless_fp32_x2,gemv,2,1024,256,0,0,0,0,196,0.63782399892807007,0.0032542040761636228
NVIDIA H200 NVL,sm_90,uniform_0_1,e2m5,branchless_fp32_x2,gemv,2,1024,256,0,0,0,1,196,0.64163202047348022,0.0032736327575177563
NVIDIA H200 NVL,sm_90,uniform_0_1,e2m5,lut_fp32_global_x2,gemv,2,1024,256,4,0,0,0,197,0.62911999225616455,0.0031935024987622567
NVIDIA H200 NVL,sm_90,uniform_0_1,e2m5,lut_fp32_global_x2,gemv,2,1024,256,4,0,0,1,197,0.62809598445892334,0.0031883044896392049
NVIDIA H200 NVL,sm_90,uniform_0_1,e2m5,lut_fp64_global_x2,gemv,2,1024,256,8,0,0,0,196,0.64076799154281616,0.0032692244466470213
NVIDIA H200 NVL,sm_90,uniform_0_1,e2m5,lut_fp64_global_x2,gemv,2,1024,256,8,0,0,1,196,0.63929599523544312,0.0032617142614053221
NVIDIA H200 NVL,sm_90,uniform_0_1,e2m5,lut_prefix_global_x2,gemv,2,1024,256,4,0,0,0,202,0.63830399513244629,0.0031599207679824074
NVIDIA H200 NVL,sm_90,uniform_0_1,e2m5,lut_prefix_global_x2,gemv,2,1024,256,4,0,0,1,202,0.63871997594833374,0.0031619800789521473
NVIDIA H200 NVL,sm_90,uniform_0_1,e2m5,generic_fp64_x4,gemv,4,1024,256,0,0,0,0,174,0.66457599401473999,0.0038194022644525288
NVIDIA H200 NVL,sm_90,uniform_0_1,e2m5,generic_fp64_x4,gemv,4,1024,256,0,0,0,1,174,0.66412800550460815,0.0038168276178425758
NVIDIA H200 NVL,sm_90,uniform_0_1,e2m5,branchless_fp32_x4,gemv,4,1024,256,0,0,0,0,196,0.61731201410293579,0.0031495510923619172
NVIDIA H200 NVL,sm_90,uniform_0_1,e2m5,branchless_fp32_x4,gemv,4,1024,256,0,0,0,1,196,0.61980801820755005,0.0031622858071813776
NVIDIA H200 NVL,sm_90,uniform_0_1,e2m5,lut_fp32_global_x4,gemv,4,1024,256,4,0,0,0,213,0.62511998414993286,0.0029348356063377129
NVIDIA H200 NVL,sm_90,uniform_0_1,e2m5,lut_fp32_global_x4,gemv,4,1024,256,4,0,0,1,213,0.62454402446746826,0.0029321315702698042
NVIDIA H200 NVL,sm_90,uniform_0_1,e2m5,lut_fp64_global_x4,gemv,4,1024,256,8,0,0,0,198,0.6098560094833374,0.0030800808559764514
NVIDIA H200 NVL,sm_90,uniform_0_1,e2m5,lut_fp64_global_x4,gemv,4,1024,256,8,0,0,1,198,0.61110401153564453,0.0030863838966446694
NVIDIA H200 NVL,sm_90,uniform_0_1,e2m5,lut_prefix_global_x4,gemv,4,1024,256,4,0,0,0,205,0.59356802701950073,0.0028954537903390278
NVIDIA H200 NVL,sm_90,uniform_0_1,e2m5,lut_prefix_global_x4,gemv,4,1024,256,4,0,0,1,205,0.59318399429321289,0.002893580459966892
NVIDIA H200 NVL,sm_90,uniform_0_1,e2m5,generic_fp64_x8,gemv,8,1024,256,0,0,0,0,161,0.70415997505187988,0.0043736644413160239
NVIDIA H200 NVL,sm_90,uniform_0_1,e2m5,generic_fp64_x8,gemv,8,1024,256,0,0,0,1,161,0.70374399423599243,0.0043710807095403261
NVIDIA H200 NVL,sm_90,uniform_0_1,e2m5,branchless_fp32_x8,gemv,8,1024,256,0,0,0,0,209,0.66204798221588135,0.0031676936948128293
NVIDIA H200 NVL,sm_90,uniform_0_1,e2m5,branchless_fp32_x8,gemv,8,1024,256,0,0,0,1,209,0.66172802448272705,0.0031661627965680721
NVIDIA H200 NVL,sm_90,uniform_0_1,e2m5,lut_fp32_global_x8,gemv,8,1024,256,4,0,0,0,212,0.65964800119400024,0.0031115471754433973
NVIDIA H200 NVL,sm_90,uniform_0_1,e2m5,lut_fp32_global_x8,gemv,8,1024,256,4,0,0,1,212,0.660256028175354,0.003114415227242236
NVIDIA H200 NVL,sm_90,uniform_0_1,e2m5,lut_fp64_global_x8,gemv,8,1024,256,8,0,0,0,195,0.61852800846099854,0.0031719385049281978
NVIDIA H200 NVL,sm_90,uniform_0_1,e2m5,lut_fp64_global_x8,gemv,8,1024,256,8,0,0,1,195,0.61747199296951294,0.0031665230408692972
NVIDIA H200 NVL,sm_90,uniform_0_1,e2m5,lut_prefix_global_x8,gemv,8,1024,256,4,0,0,0,205,0.63251197338104248,0.0030854242603953292
NVIDIA H200 NVL,sm_90,uniform_0_1,e2m5,lut_prefix_global_x8,gemv,8,1024,256,4,0,0,1,205,0.63225597143173218,0.0030841754703986937
NVIDIA H200 NVL,sm_90,uniform_0_1,e2m5,direct_fp64_bits_x4,gemv,4,1024,256,0,0,0,0,184,0.66937601566314697,0.0036379131286040597
NVIDIA H200 NVL,sm_90,uniform_0_1,e2m5,direct_fp64_bits_x4,gemv,4,1024,256,0,0,0,1,184,0.66982400417327881,0.0036403478487678194
NVIDIA H200 NVL,sm_90,uniform_0_1,e2m5,decomposed_bits_x4,gemv,4,1024,256,8,0,0,0,191,0.66108798980712891,0.0034611936639116696
NVIDIA H200 NVL,sm_90,uniform_0_1,e2m5,decomposed_bits_x4,gemv,4,1024,256,8,0,0,1,191,0.66048002243041992,0.0034580105886409421
NVIDIA H200 NVL,sm_90,uniform_0_1,e2m5,lut_fp32_shared_x4,gemv,4,1024,256,4,1024,0,0,202,0.5987200140953064,0.0029639604658183486
NVIDIA H200 NVL,sm_90,uniform_0_1,e2m5,lut_fp32_shared_x4,gemv,4,1024,256,4,1024,0,1,202,0.59801602363586426,0.0029604753645339813
NVIDIA H200 NVL,sm_90,uniform_0_1,e2m5,lut_fp64_shared_x4,gemv,4,1024,256,8,2048,0,0,205,0.63174402713775635,0.0030816781811597868
NVIDIA H200 NVL,sm_90,uniform_0_1,e2m5,lut_fp64_shared_x4,gemv,4,1024,256,8,2048,0,1,205,0.63264000415802002,0.0030860488007708295
NVIDIA H200 NVL,sm_90,uniform_0_1,e2m5,lut_prefix_shared_x4,gemv,4,1024,256,4,1024,0,0,203,0.58847999572753906,0.0028989162351110297
NVIDIA H200 NVL,sm_90,uniform_0_1,e2m5,lut_prefix_shared_x4,gemv,4,1024,256,4,1024,0,1,203,0.58671998977661133,0.0028902462550571988
NVIDIA H200 NVL,sm_90,uniform_0_1,e2m5,lut_prefix_shared_x8,gemv,8,1024,256,4,1024,0,0,205,0.61417597532272339,0.0029959803674279189
NVIDIA H200 NVL,sm_90,uniform_0_1,e2m5,lut_prefix_shared_x8,gemv,8,1024,256,4,1024,0,1,205,0.61343997716903687,0.0029923901325318871
NVIDIA H200 NVL,sm_90,uniform_0_1,e2m5,lut_fp32_global_pipelined_x4,gemv,4,1024,256,4,0,1,0,213,0.63392001390457153,0.0029761503000214624
NVIDIA H200 NVL,sm_90,uniform_0_1,e2m5,lut_fp32_global_pipelined_x4,gemv,4,1024,256,4,0,1,1,213,0.63417601585388184,0.0029773521871074263
NVIDIA H200 NVL,sm_90,uniform_0_1,e2m5,lut_prefix_global_pipelined_x4,gemv,4,1024,256,4,0,1,0,209,0.6191679835319519,0.0029625262369949853
NVIDIA H200 NVL,sm_90,uniform_0_1,e2m5,lut_prefix_global_pipelined_x4,gemv,4,1024,256,4,0,1,1,209,0.61843198537826538,0.0029590047147285423
NVIDIA H200 NVL,sm_90,uniform_0_1,e2m5,direct_fp64_words_branchy_x4,gemv,4,1024,256,0,0,0,0,185,0.6432960033416748,0.0034772756937387827
NVIDIA H200 NVL,sm_90,uniform_0_1,e2m5,direct_fp64_words_branchy_x4,gemv,4,1024,256,0,0,0,1,185,0.64259201288223267,0.0034734703399039602
NVIDIA H200 NVL,sm_90,uniform_0_1,e2m5,direct_fp64_words_masked_x4,gemv,4,1024,256,0,0,0,0,182,0.66115200519561768,0.0036327033252506464
NVIDIA H200 NVL,sm_90,uniform_0_1,e2m5,direct_fp64_words_masked_x4,gemv,4,1024,256,0,0,0,1,182,0.6621440052986145,0.0036381538752671126
NVIDIA H200 NVL,sm_90,uniform_0_1,e2m5,lut_subnormal_global_x4,gemv,4,1024,256,4,0,0,0,191,0.62643200159072876,0.0032797486994278991
NVIDIA H200 NVL,sm_90,uniform_0_1,e2m5,lut_subnormal_global_x4,gemv,4,1024,256,4,0,0,1,191,0.62735998630523682,0.0032846072581426012
NVIDIA H200 NVL,sm_90,uniform_0_1,e2m5,lut_subnormal_shared_x4,gemv,4,1024,256,4,128,0,0,179,0.64636802673339844,0.0036109945627564159
NVIDIA H200 NVL,sm_90,uniform_0_1,e2m5,lut_subnormal_shared_x4,gemv,4,1024,256,4,128,0,1,179,0.64665597677230835,0.0036126032221916668
NVIDIA H200 NVL,sm_90,uniform_0_1,e2m5,lut_high_word_global_x4,gemv,4,1024,256,4,0,0,0,210,0.60406398773193359,0.0028764951796758742
NVIDIA H200 NVL,sm_90,uniform_0_1,e2m5,lut_high_word_global_x4,gemv,4,1024,256,4,0,0,1,210,0.60409599542617798,0.0028766475972675141
NVIDIA H200 NVL,sm_90,uniform_0_1,e2m5,lut_high_word_shared_x4,gemv,4,1024,256,4,1024,0,0,213,0.60633599758148193,0.0028466478759693989
NVIDIA H200 NVL,sm_90,uniform_0_1,e2m5,lut_high_word_shared_x4,gemv,4,1024,256,4,1024,0,1,213,0.60662400722503662,0.0028480000339203598
NVIDIA H200 NVL,sm_90,uniform_0_1,e2m5,lut_high_word_swizzled_shared_x4,gemv,4,1024,256,4,4112,0,0,202,0.60502398014068604,0.0029951682185182476
NVIDIA H200 NVL,sm_90,uniform_0_1,e2m5,lut_high_word_swizzled_shared_x4,gemv,4,1024,256,4,4112,0,1,202,0.60550397634506226,0.0029975444373517932
NVIDIA H200 NVL,sm_90,uniform_0_1,e2m5,direct_fp64_words_branchy_x8,gemv,8,1024,256,0,0,0,0,169,0.67843198776245117,0.0040143904601328472
NVIDIA H200 NVL,sm_90,uniform_0_1,e2m5,direct_fp64_words_branchy_x8,gemv,8,1024,256,0,0,0,1,169,0.67734402418136597,0.004007952805806899
NVIDIA H200 NVL,sm_90,uniform_0_1,e2m5,direct_fp64_words_masked_x8,gemv,8,1024,256,0,0,0,0,178,0.64809602499008179,0.0036409889044386619
NVIDIA H200 NVL,sm_90,uniform_0_1,e2m5,direct_fp64_words_masked_x8,gemv,8,1024,256,0,0,0,1,178,0.64758402109146118,0.0036381124780419166
NVIDIA H200 NVL,sm_90,uniform_0_1,e2m5,lut_subnormal_global_x8,gemv,8,1024,256,4,0,0,0,172,0.65855997800827026,0.0038288370814434317
NVIDIA H200 NVL,sm_90,uniform_0_1,e2m5,lut_subnormal_global_x8,gemv,8,1024,256,4,0,0,1,172,0.65929597616195679,0.003833116140476493
NVIDIA H200 NVL,sm_90,uniform_0_1,e2m5,lut_subnormal_shared_x8,gemv,8,1024,256,4,128,0,0,170,0.69020801782608032,0.0040600471636828258
NVIDIA H200 NVL,sm_90,uniform_0_1,e2m5,lut_subnormal_shared_x8,gemv,8,1024,256,4,128,0,1,170,0.69046401977539062,0.0040615530575022979
NVIDIA H200 NVL,sm_90,uniform_0_1,e2m5,lut_high_word_global_x8,gemv,8,1024,256,4,0,0,0,203,0.62070399522781372,0.0030576551489054863
NVIDIA H200 NVL,sm_90,uniform_0_1,e2m5,lut_high_word_global_x8,gemv,8,1024,256,4,0,0,1,203,0.62086397409439087,0.0030584432221398565
NVIDIA H200 NVL,sm_90,uniform_0_1,e2m5,lut_high_word_shared_x8,gemv,8,1024,256,4,1024,0,0,213,0.6202239990234375,0.0029118497606734155
NVIDIA H200 NVL,sm_90,uniform_0_1,e2m5,lut_high_word_shared_x8,gemv,8,1024,256,4,1024,0,1,213,0.61913597583770752,0.0029067416705995659
NVIDIA H200 NVL,sm_90,uniform_0_1,e2m5,lut_high_word_swizzled_shared_x8,gemv,8,1024,256,4,4112,0,0,203,0.61724799871444702,0.0030406305355391481
NVIDIA H200 NVL,sm_90,uniform_0_1,e2m5,lut_high_word_swizzled_shared_x8,gemv,8,1024,256,4,4112,0,1,203,0.61766397953033447,0.0030426797021198743
NVIDIA H200 NVL,sm_90,uniform_0_1,e3m4,generic_fp64_x1,dot,1,65536,1,0,0,0,0,139,0.70979201793670654,0.0051064173952281048
NVIDIA H200 NVL,sm_90,uniform_0_1,e3m4,generic_fp64_x1,dot,1,65536,1,0,0,0,1,139,0.70835202932357788,0.0050960577649178263
NVIDIA H200 NVL,sm_90,uniform_0_1,e3m4,branchless_fp32_x1,dot,1,65536,1,0,0,0,0,154,0.7279999852180481,0.0047272726312860263
NVIDIA H200 NVL,sm_90,uniform_0_1,e3m4,branchless_fp32_x1,dot,1,65536,1,0,0,0,1,154,0.72931200265884399,0.0047357922250574284
NVIDIA H200 NVL,sm_90,uniform_0_1,e3m4,lut_fp32_global_x1,dot,1,65536,1,4,0,0,0,151,0.73331201076507568,0.0048563709322190446
NVIDIA H200 NVL,sm_90,uniform_0_1,e3m4,lut_fp32_global_x1,dot,1,65536,1,4,0,0,1,151,0.73308801651000977,0.0048548875265563562
NVIDIA H200 NVL,sm_90,uniform_0_1,e3m4,lut_fp64_global_x1,dot,1,65536,1,8,0,0,0,146,0.72467201948165894,0.0049635069827510883
NVIDIA H200 NVL,sm_90,uniform_0_1,e3m4,lut_fp64_global_x1,dot,1,65536,1,8,0,0,1,146,0.72521597146987915,0.0049672326813005423
NVIDIA H200 NVL,sm_90,uniform_0_1,e3m4,lut_prefix_global_x1,dot,1,65536,1,2,0,0,0,147,0.71654397249221802,0.0048744487924640683
NVIDIA H200 NVL,sm_90,uniform_0_1,e3m4,lut_prefix_global_x1,dot,1,65536,1,2,0,0,1,147,0.7157440185546875,0.0048690069289434521
NVIDIA H200 NVL,sm_90,uniform_0_1,e3m4,generic_fp64_x2,dot,2,65536,1,0,0,0,0,143,0.75500798225402832,0.0052797760996785197
NVIDIA H200 NVL,sm_90,uniform_0_1,e3m4,generic_fp64_x2,dot,2,65536,1,0,0,0,1,143,0.75536000728607178,0.0052822378131893132
NVIDIA H200 NVL,sm_90,uniform_0_1,e3m4,branchless_fp32_x2,dot,2,65536,1,0,0,0,0,155,0.72329598665237427,0.0046664257203378988
NVIDIA H200 NVL,sm_90,uniform_0_1,e3m4,branchless_fp32_x2,dot,2,65536,1,0,0,0,1,155,0.72262400388717651,0.0046620903476592033
NVIDIA H200 NVL,sm_90,uniform_0_1,e3m4,lut_fp32_global_x2,dot,2,65536,1,4,0,0,0,150,0.73427200317382812,0.0048951466878255209
NVIDIA H200 NVL,sm_90,uniform_0_1,e3m4,lut_fp32_global_x2,dot,2,65536,1,4,0,0,1,150,0.73708802461624146,0.004913920164108276
NVIDIA H200 NVL,sm_90,uniform_0_1,e3m4,lut_fp64_global_x2,dot,2,65536,1,8,0,0,0,147,0.73305600881576538,0.0049867755701752748
NVIDIA H200 NVL,sm_90,uniform_0_1,e3m4,lut_fp64_global_x2,dot,2,65536,1,8,0,0,1,147,0.73334401845932007,0.004988734819451157
NVIDIA H200 NVL,sm_90,uniform_0_1,e3m4,lut_prefix_global_x2,dot,2,65536,1,2,0,0,0,152,0.74035197496414185,0.0048707366773956704
NVIDIA H200 NVL,sm_90,uniform_0_1,e3m4,lut_prefix_global_x2,dot,2,65536,1,2,0,0,1,152,0.73993599414825439,0.0048679999615016739
NVIDIA H200 NVL,sm_90,uniform_0_1,e3m4,generic_fp64_x4,dot,4,65536,1,0,0,0,0,133,0.75404798984527588,0.005669533758235157
NVIDIA H200 NVL,sm_90,uniform_0_1,e3m4,generic_fp64_x4,dot,4,65536,1,0,0,0,1,133,0.75488001108169556,0.0056757895570052298
NVIDIA H200 NVL,sm_90,uniform_0_1,e3m4,branchless_fp32_x4,dot,4,65536,1,0,0,0,0,155,0.74716800451278687,0.0048204387387921731
NVIDIA H200 NVL,sm_90,uniform_0_1,e3m4,branchless_fp32_x4,dot,4,65536,1,0,0,0,1,155,0.74649602174758911,0.0048161033661134785
NVIDIA H200 NVL,sm_90,uniform_0_1,e3m4,lut_fp32_global_x4,dot,4,65536,1,4,0,0,0,148,0.71372801065444946,0.0048224865584760102
NVIDIA H200 NVL,sm_90,uniform_0_1,e3m4,lut_fp32_global_x4,dot,4,65536,1,4,0,0,1,148,0.71564799547195435,0.0048354594288645561
NVIDIA H200 NVL,sm_90,uniform_0_1,e3m4,lut_fp64_global_x4,dot,4,65536,1,8,0,0,0,147,0.71667200326919556,0.0048753197501305821
NVIDIA H200 NVL,sm_90,uniform_0_1,e3m4,lut_fp64_global_x4,dot,4,65536,1,8,0,0,1,147,0.71875202655792236,0.0048894695684212402
NVIDIA H200 NVL,sm_90,uniform_0_1,e3m4,lut_prefix_global_x4,dot,4,65536,1,2,0,0,0,154,0.74352002143859863,0.0048280520872636271
NVIDIA H200 NVL,sm_90,uniform_0_1,e3m4,lut_prefix_global_x4,dot,4,65536,1,2,0,0,1,154,0.74387198686599731,0.0048303375770519302
NVIDIA H200 NVL,sm_90,uniform_0_1,e3m4,generic_fp64_x8,dot,8,65536,1,0,0,0,0,118,0.79119998216629028,0.0067050845946295783
NVIDIA H200 NVL,sm_90,uniform_0_1,e3m4,generic_fp64_x8,dot,8,65536,1,0,0,0,1,118,0.79065597057342529,0.0067004743268934347
NVIDIA H200 NVL,sm_90,uniform_0_1,e3m4,branchless_fp32_x8,dot,8,65536,1,0,0,0,0,148,0.76495999097824097,0.0051686485876908175
NVIDIA H200 NVL,sm_90,uniform_0_1,e3m4,branchless_fp32_x8,dot,8,65536,1,0,0,0,1,148,0.76553601026535034,0.0051725406099010158
NVIDIA H200 NVL,sm_90,uniform_0_1,e3m4,lut_fp32_global_x8,dot,8,65536,1,4,0,0,0,147,0.73398399353027344,0.004993088391362404
NVIDIA H200 NVL,sm_90,uniform_0_1,e3m4,lut_fp32_global_x8,dot,8,65536,1,4,0,0,1,147,0.73395198583602905,0.004992870651945776
NVIDIA H200 NVL,sm_90,uniform_0_1,e3m4,lut_fp64_global_x8,dot,8,65536,1,8,0,0,0,143,0.71734398603439331,0.0050163915107300228
NVIDIA H200 NVL,sm_90,uniform_0_1,e3m4,lut_fp64_global_x8,dot,8,65536,1,8,0,0,1,143,0.71699202060699463,0.0050139302140349276
NVIDIA H200 NVL,sm_90,uniform_0_1,e3m4,lut_prefix_global_x8,dot,8,65536,1,2,0,0,0,150,0.74457597732543945,0.0049638398488362628
NVIDIA H200 NVL,sm_90,uniform_0_1,e3m4,lut_prefix_global_x8,dot,8,65536,1,2,0,0,1,150,0.74444800615310669,0.0049629867076873783
NVIDIA H200 NVL,sm_90,uniform_0_1,e3m4,direct_fp64_bits_x4,dot,4,65536,1,0,0,0,0,148,0.74256002902984619,0.0050172974934449069
NVIDIA H200 NVL,sm_90,uniform_0_1,e3m4,direct_fp64_bits_x4,dot,4,65536,1,0,0,0,1,148,0.7420799732208252,0.0050140538731136839
NVIDIA H200 NVL,sm_90,uniform_0_1,e3m4,decomposed_bits_x4,dot,4,65536,1,8,0,0,0,147,0.73756802082061768,0.0050174695293919566
NVIDIA H200 NVL,sm_90,uniform_0_1,e3m4,decomposed_bits_x4,dot,4,65536,1,8,0,0,1,147,0.73689597845077515,0.0050128978125903072
NVIDIA H200 NVL,sm_90,uniform_0_1,e3m4,lut_fp32_shared_x4,dot,4,65536,1,4,1024,0,0,149,0.72099202871322632,0.0048388726759276933
NVIDIA H200 NVL,sm_90,uniform_0_1,e3m4,lut_fp32_shared_x4,dot,4,65536,1,4,1024,0,1,149,0.72051197290420532,0.0048356508248604381
NVIDIA H200 NVL,sm_90,uniform_0_1,e3m4,lut_fp64_shared_x4,dot,4,65536,1,8,2048,0,0,151,0.74428802728652954,0.0049290597833545006
NVIDIA H200 NVL,sm_90,uniform_0_1,e3m4,lut_fp64_shared_x4,dot,4,65536,1,8,2048,0,1,151,0.74684798717498779,0.0049460131600992567
NVIDIA H200 NVL,sm_90,uniform_0_1,e3m4,lut_prefix_shared_x4,dot,4,65536,1,2,512,0,0,150,0.72188800573348999,0.0048125867048899335
NVIDIA H200 NVL,sm_90,uniform_0_1,e3m4,lut_prefix_shared_x4,dot,4,65536,1,2,512,0,1,150,0.72272002696990967,0.0048181335131327312
NVIDIA H200 NVL,sm_90,uniform_0_1,e3m4,lut_prefix_shared_x8,dot,8,65536,1,2,512,0,0,147,0.7104640007019043,0.0048330884401490085
NVIDIA H200 NVL,sm_90,uniform_0_1,e3m4,lut_prefix_shared_x8,dot,8,65536,1,2,512,0,1,147,0.70854401588439941,0.0048200273189414923
NVIDIA H200 NVL,sm_90,uniform_0_1,e3m4,lut_fp32_global_pipelined_x4,dot,4,65536,1,4,0,1,0,151,0.72790402173995972,0.0048205564353639716
NVIDIA H200 NVL,sm_90,uniform_0_1,e3m4,lut_fp32_global_pipelined_x4,dot,4,65536,1,4,0,1,1,151,0.7308800220489502,0.0048402650466817894
NVIDIA H200 NVL,sm_90,uniform_0_1,e3m4,lut_prefix_global_pipelined_x4,dot,4,65536,1,2,0,1,0,151,0.7263680100440979,0.0048103841724774698
NVIDIA H200 NVL,sm_90,uniform_0_1,e3m4,lut_prefix_global_pipelined_x4,dot,4,65536,1,2,0,1,1,151,0.72598397731781006,0.0048078409093894707
NVIDIA H200 NVL,sm_90,uniform_0_1,e3m4,direct_fp64_words_branchy_x4,dot,4,65536,1,0,0,0,0,141,0.77568000555038452,0.0055012766351091097
NVIDIA H200 NVL,sm_90,uniform_0_1,e3m4,direct_fp64_words_branchy_x4,dot,4,65536,1,0,0,0,1,141,0.77455997467041016,0.0054933331536908521
NVIDIA H200 NVL,sm_90,uniform_0_1,e3m4,direct_fp64_words_masked_x4,dot,4,65536,1,0,0,0,0,142,0.71152001619338989,0.0050107043393900694
NVIDIA H200 NVL,sm_90,uniform_0_1,e3m4,direct_fp64_words_masked_x4,dot,4,65536,1,0,0,0,1,142,0.71161597967147827,0.0050113801385315371
NVIDIA H200 NVL,sm_90,uniform_0_1,e3m4,lut_subnormal_global_x4,dot,4,65536,1,4,0,0,0,139,0.7491840124130249,0.0053898130389426254
NVIDIA H200 NVL,sm_90,uniform_0_1,e3m4,lut_subnormal_global_x4,dot,4,65536,1,4,0,0,1,139,0.74793601036071777,0.0053808346069116383
NVIDIA H200 NVL,sm_90,uniform_0_1,e3m4,lut_subnormal_shared_x4,dot,4,65536,1,4,64,0,0,137,0.76304000616073608,0.0055696350814652268
NVIDIA H200 NVL,sm_90,uniform_0_1,e3m4,lut_subnormal_shared_x4,dot,4,65536,1,4,64,0,1,137,0.76252800226211548,0.00556589782673077
NVIDIA H200 NVL,sm_90,uniform_0_1,e3m4,lut_high_word_global_x4,dot,4,65536,1,4,0,0,0,151,0.72940802574157715,0.0048305167267654117
NVIDIA H200 NVL,sm_90,uniform_0_1,e3m4,lut_high_word_global_x4,dot,4,65536,1,4,0,0,1,151,0.72796797752380371,0.0048209799836013492
NVIDIA H200 NVL,sm_90,uniform_0_1,e3m4,lut_high_word_shared_x4,dot,4,65536,1,4,1024,0,0,149,0.71833598613739014,0.0048210468868281221
NVIDIA H200 NVL,sm_90,uniform_0_1,e3m4,lut_high_word_shared_x4,dot,4,65536,1,4,1024,0,1,149,0.71891200542449951,0.0048249127880838896
NVIDIA H200 NVL,sm_90,uniform_0_1,e3m4,lut_high_word_swizzled_shared_x4,dot,4,65536,1,4,4112,0,0,151,0.73094397783279419,0.004840688594919167
NVIDIA H200 NVL,sm_90,uniform_0_1,e3m4,lut_high_word_swizzled_shared_x4,dot,4,65536,1,4,4112,0,1,151,0.73232001066207886,0.0048498013951131054
NVIDIA H200 NVL,sm_90,uniform_0_1,e3m4,direct_fp64_words_branchy_x8,dot,8,65536,1,0,0,0,0,128,0.8083840012550354,0.0063155000098049641
NVIDIA H200 NVL,sm_90,uniform_0_1,e3m4,direct_fp64_words_branchy_x8,dot,8,65536,1,0,0,0,1,128,0.80896002054214478,0.0063200001604855061
NVIDIA H200 NVL,sm_90,uniform_0_1,e3m4,direct_fp64_words_masked_x8,dot,8,65536,1,0,0,0,0,134,0.74601602554321289,0.0055672837727105441
NVIDIA H200 NVL,sm_90,uniform_0_1,e3m4,direct_fp64_words_masked_x8,dot,8,65536,1,0,0,0,1,134,0.74703997373580933,0.0055749251771329052
NVIDIA H200 NVL,sm_90,uniform_0_1,e3m4,lut_subnormal_global_x8,dot,8,65536,1,4,0,0,0,131,0.78544002771377563,0.0059957254023952338
NVIDIA H200 NVL,sm_90,uniform_0_1,e3m4,lut_subnormal_global_x8,dot,8,65536,1,4,0,0,1,131,0.91743999719619751,0.0070033587572228819
NVIDIA H200 NVL,sm_90,uniform_0_1,e3m4,lut_subnormal_shared_x8,dot,8,65536,1,4,64,0,0,123,0.77081602811813354,0.0062667969765701917
NVIDIA H200 NVL,sm_90,uniform_0_1,e3m4,lut_subnormal_shared_x8,dot,8,65536,1,4,64,0,1,123,0.76934397220611572,0.0062548290423261443
NVIDIA H200 NVL,sm_90,uniform_0_1,e3m4,lut_high_word_global_x8,dot,8,65536,1,4,0,0,0,149,0.72966402769088745,0.0048970740113482378
NVIDIA H200 NVL,sm_90,uniform_0_1,e3m4,lut_high_word_global_x8,dot,8,65536,1,4,0,0,1,149,0.72963201999664307,0.0048968591946083424
NVIDIA H200 NVL,sm_90,uniform_0_1,e3m4,lut_high_word_shared_x8,dot,8,65536,1,4,1024,0,0,148,0.7160639762878418,0.0048382701100529854
NVIDIA H200 NVL,sm_90,uniform_0_1,e3m4,lut_high_word_shared_x8,dot,8,65536,1,4,1024,0,1,148,0.71679997444152832,0.0048432430705508669
NVIDIA H200 NVL,sm_90,uniform_0_1,e3m4,lut_high_word_swizzled_shared_x8,dot,8,65536,1,4,4112,0,0,149,0.73993599414825439,0.0049660133835453318
NVIDIA H200 NVL,sm_90,uniform_0_1,e3m4,lut_high_word_swizzled_shared_x8,dot,8,65536,1,4,4112,0,1,149,0.74361598491668701,0.0049907113081656849
NVIDIA H200 NVL,sm_90,uniform_0_1,e3m4,generic_fp64_x1,gemv,1,1024,256,0,0,0,0,143,0.73184001445770264,0.0051177623388650537
NVIDIA H200 NVL,sm_90,uniform_0_1,e3m4,generic_fp64_x1,gemv,1,1024,256,0,0,0,1,143,0.73366397619247437,0.005130517316031289
NVIDIA H200 NVL,sm_90,uniform_0_1,e3m4,branchless_fp32_x1,gemv,1,1024,256,0,0,0,0,177,0.66092801094055176,0.003734056558986168
NVIDIA H200 NVL,sm_90,uniform_0_1,e3m4,branchless_fp32_x1,gemv,1,1024,256,0,0,0,1,177,0.65977597236633301,0.0037275478664764577
NVIDIA H200 NVL,sm_90,uniform_0_1,e3m4,lut_fp32_global_x1,gemv,1,1024,256,4,0,0,0,181,0.65824002027511597,0.0036366851948901433
NVIDIA H200 NVL,sm_90,uniform_0_1,e3m4,lut_fp32_global_x1,gemv,1,1024,256,4,0,0,1,181,0.65804797410964966,0.0036356241663516556
NVIDIA H200 NVL,sm_90,uniform_0_1,e3m4,lut_fp64_global_x1,gemv,1,1024,256,8,0,0,0,170,0.64339202642440796,0.0037846589789671055
NVIDIA H200 NVL,sm_90,uniform_0_1,e3m4,lut_fp64_global_x1,gemv,1,1024,256,8,0,0,1,170,0.64412802457809448,0.0037889883798711442
NVIDIA H200 NVL,sm_90,uniform_0_1,e3m4,lut_prefix_global_x1,gemv,1,1024,256,2,0,0,0,170,0.64748799800872803,0.0038087529294631062
NVIDIA H200 NVL,sm_90,uniform_0_1,e3m4,lut_prefix_global_x1,gemv,1,1024,256,2,0,0,1,170,0.64739197492599487,0.0038081880877999697
NVIDIA H200 NVL,sm_90,uniform_0_1,e3m4,generic_fp64_x2,gemv,2,1024,256,0,0,0,0,161,0.67519998550415039,0.0041937887298394436
NVIDIA H200 NVL,sm_90,uniform_0_1,e3m4,generic_fp64_x2,gemv,2,1024,256,0,0,0,1,161,0.67475199699401855,0.0041910061925094317
NVIDIA H200 NVL,sm_90,uniform_0_1,e3m4,branchless_fp32_x2,gemv,2,1024,256,0,0,0,0,193,0.62803202867507935,0.0032540519620470431
NVIDIA H200 NVL,sm_90,uniform_0_1,e3m4,branchless_fp32_x2,gemv,2,1024,256,0,0,0,1,193,0.62905597686767578,0.0032593573930967657
NVIDIA H200 NVL,sm_90,uniform_0_1,e3m4,lut_fp32_global_x2,gemv,2,1024,256,4,0,0,0,197,0.61830401420593262,0.0031385990568829065
NVIDIA H200 NVL,sm_90,uniform_0_1,e3m4,lut_fp32_global_x2,gemv,2,1024,256,4,0,0,1,197,0.61820799112319946,0.0031381116300670023
NVIDIA H200 NVL,sm_90,uniform_0_1,e3m4,lut_fp64_global_x2,gemv,2,1024,256,8,0,0,0,191,0.63488000631332397,0.0033239790906456753
NVIDIA H200 NVL,sm_90,uniform_0_1,e3m4,lut_fp64_global_x2,gemv,2,1024,256,8,0,0,1,191,0.63481599092483521,0.0033236439315436398
NVIDIA H200 NVL,sm_90,uniform_0_1,e3m4,lut_prefix_global_x2,gemv,2,1024,256,2,0,0,0,197,0.61907202005386353,0.0031424975637251956
NVIDIA H200 NVL,sm_90,uniform_0_1,e3m4,lut_prefix_global_x2,gemv,2,1024,256,2,0,0,1,197,0.61881601810455322,0.0031411980614444324
NVIDIA H200 NVL,sm_90,uniform_0_1,e3m4,generic_fp64_x4,gemv,4,1024,256,0,0,0,0,172,0.68636798858642578,0.0039905115615489874
NVIDIA H200 NVL,sm_90,uniform_0_1,e3m4,generic_fp64_x4,gemv,4,1024,256,0,0,0,1,172,0.6849600076675415,0.0039823256259740782
NVIDIA H200 NVL,sm_90,uniform_0_1,e3m4,branchless_fp32_x4,gemv,4,1024,256,0,0,0,0,197,0.62019199132919312,0.0031481826971025031
NVIDIA H200 NVL,sm_90,uniform_0_1,e3m4,branchless_fp32_x4,gemv,4,1024,256,0,0,0,1,197,0.62060797214508057,0.0031502942748481248
NVIDIA H200 NVL,sm_90,uniform_0_1,e3m4,lut_fp32_global_x4,gemv,4,1024,256,4,0,0,0,213,0.61590397357940674,0.0028915679510770269
NVIDIA H200 NVL,sm_90,uniform_0_1,e3m4,lut_fp32_global_x4,gemv,4,1024,256,4,0,0,1,213,0.61628800630569458,0.0028933709216229795
NVIDIA H200 NVL,sm_90,uniform_0_1,e3m4,lut_fp64_global_x4,gemv,4,1024,256,8,0,0,0,197,0.62156802415847778,0.0031551676353222223
NVIDIA H200 NVL,sm_90,uniform_0_1,e3m4,lut_fp64_global_x4,gemv,4,1024,256,8,0,0,1,197,0.62246400117874146,0.0031597157420240685
NVIDIA H200 NVL,sm_90,uniform_0_1,e3m4,lut_prefix_global_x4,gemv,4,1024,256,2,0,0,0,205,0.59641599655151367,0.00290934632464153
NVIDIA H200 NVL,sm_90,uniform_0_1,e3m4,lut_prefix_global_x4,gemv,4,1024,256,2,0,0,1,205,0.59683197736740112,0.0029113754993531763
NVIDIA H200 NVL,sm_90,uniform_0_1,e3m4,generic_fp64_x8,gemv,8,1024,256,0,0,0,0,152,0.71785598993301392,0.0047227367758750916
NVIDIA H200 NVL,sm_90,uniform_0_1,e3m4,generic_fp64_x8,gemv,8,1024,256,0,0,0,1,152,0.71756798028945923,0.0047208419755885474
NVIDIA H200 NVL,sm_90,uniform_0_1,e3m4,branchless_fp32_x8,gemv,8,1024,256,0,0,0,0,197,0.62316799163818359,0.0031632892976557543
NVIDIA H200 NVL,sm_90,uniform_0_1,e3m4,branchless_fp32_x8,gemv,8,1024,256,0,0,0,1,197,0.62518399953842163,0.0031735228402965565
NVIDIA H200 NVL,sm_90,uniform_0_1,e3m4,lut_fp32_global_x8,gemv,8,1024,256,4,0,0,0,198,0.61059200763702393,0.0030837980183688078
NVIDIA H200 NVL,sm_90,uniform_0_1,e3m4,lut_fp32_global_x8,gemv,8,1024,256,4,0,0,1,198,0.61033600568771362,0.0030825050792308768
NVIDIA H200 NVL,sm_90,uniform_0_1,e3m4,lut_fp64_global_x8,gemv,8,1024,256,8,0,0,0,193,0.62544000148773193,0.0032406217693664867
NVIDIA H200 NVL,sm_90,uniform_0_1,e3m4,lut_fp64_global_x8,gemv,8,1024,256,8,0,0,1,193,0.62611198425292969,0.0032441035453519675
NVIDIA H200 NVL,sm_90,uniform_0_1,e3m4,lut_prefix_global_x8,gemv,8,1024,256,2,0,0,0,200,0.61420798301696777,0.0030710399150848389
NVIDIA H200 NVL,sm_90,uniform_0_1,e3m4,lut_prefix_global_x8,gemv,8,1024,256,2,0,0,1,200,0.61427199840545654,0.0030713599920272829
NVIDIA H200 NVL,sm_90,uniform_0_1,e3m4,direct_fp64_bits_x4,gemv,4,1024,256,0,0,0,0,183,0.66588801145553589,0.0036387323030357154
NVIDIA H200 NVL,sm_90,uniform_0_1,e3m4,direct_fp64_bits_x4,gemv,4,1024,256,0,0,0,1,183,0.66515201330184937,0.0036347104552013625
NVIDIA H200 NVL,sm_90,uniform_0_1,e3m4,decomposed_bits_x4,gemv,4,1024,256,8,0,0,0,188,0.64982402324676514,0.0034565107619508786
NVIDIA H200 NVL,sm_90,uniform_0_1,e3m4,decomposed_bits_x4,gemv,4,1024,256,8,0,0,1,188,0.65225601196289062,0.003469446872143035
NVIDIA H200 NVL,sm_90,uniform_0_1,e3m4,lut_fp32_shared_x4,gemv,4,1024,256,4,1024,0,0,202,0.59033602476119995,0.0029224555681247521
NVIDIA H200 NVL,sm_90,uniform_0_1,e3m4,lut_fp32_shared_x4,gemv,4,1024,256,4,1024,0,1,202,0.58934402465820312,0.0029175446765257579
NVIDIA H200 NVL,sm_90,uniform_0_1,e3m4,lut_fp64_shared_x4,gemv,4,1024,256,8,2048,0,0,197,0.61075198650360107,0.0031002638908812236
NVIDIA H200 NVL,sm_90,uniform_0_1,e3m4,lut_fp64_shared_x4,gemv,4,1024,256,8,2048,0,1,197,0.61136001348495483,0.0031033503222586542
NVIDIA H200 NVL,sm_90,uniform_0_1,e3m4,lut_prefix_shared_x4,gemv,4,1024,256,2,512,0,0,213,0.61459201574325562,0.0028854085246162236
NVIDIA H200 NVL,sm_90,uniform_0_1,e3m4,lut_prefix_shared_x4,gemv,4,1024,256,2,512,0,1,213,0.6148800253868103,0.0028867606825671846
NVIDIA H200 NVL,sm_90,uniform_0_1,e3m4,lut_prefix_shared_x8,gemv,8,1024,256,2,512,0,0,202,0.60124802589416504,0.0029764753757136882
NVIDIA H200 NVL,sm_90,uniform_0_1,e3m4,lut_prefix_shared_x8,gemv,8,1024,256,2,512,0,1,202,0.60291200876235962,0.0029847129146651466
NVIDIA H200 NVL,sm_90,uniform_0_1,e3m4,lut_fp32_global_pipelined_x4,gemv,4,1024,256,4,0,1,0,212,0.61427199840545654,0.0028975094264408327
NVIDIA H200 NVL,sm_90,uniform_0_1,e3m4,lut_fp32_global_pipelined_x4,gemv,4,1024,256,4,0,1,1,212,0.61395198106765747,0.0028959999106964976
NVIDIA H200 NVL,sm_90,uniform_0_1,e3m4,lut_prefix_global_pipelined_x4,gemv,4,1024,256,2,0,1,0,202,0.58905601501464844,0.0029161188862111311
NVIDIA H200 NVL,sm_90,uniform_0_1,e3m4,lut_prefix_global_pipelined_x4,gemv,4,1024,256,2,0,1,1,202,0.5886719822883606,0.0029142177341007951
NVIDIA H200 NVL,sm_90,uniform_0_1,e3m4,direct_fp64_words_branchy_x4,gemv,4,1024,256,0,0,0,0,183,0.66569602489471436,0.0036376831961459802
NVIDIA H200 NVL,sm_90,uniform_0_1,e3m4,direct_fp64_words_branchy_x4,gemv,4,1024,256,0,0,0,1,183,0.66582399606704712,0.0036383824921696565
NVIDIA H200 NVL,sm_90,uniform_0_1,e3m4,direct_fp64_words_masked_x4,gemv,4,1024,256,0,0,0,0,184,0.66784000396728516,0.0036295652389526367
NVIDIA H200 NVL,sm_90,uniform_0_1,e3m4,direct_fp64_words_masked_x4,gemv,4,1024,256,0,0,0,1,184,0.66844797134399414,0.003632869409478229
NVIDIA H200 NVL,sm_90,uniform_0_1,e3m4,lut_subnormal_global_x4,gemv,4,1024,256,4,0,0,0,190,0.65388798713684082,0.0034415157217728464
NVIDIA H200 NVL,sm_90,uniform_0_1,e3m4,lut_subnormal_global_x4,gemv,4,1024,256,4,0,0,1,190,0.65276801586151123,0.0034356211361132169
NVIDIA H200 NVL,sm_90,uniform_0_1,e3m4,lut_subnormal_shared_x4,gemv,4,1024,256,4,64,0,0,178,0.66422402858734131,0.0037315956662210188
NVIDIA H200 NVL,sm_90,uniform_0_1,e3m4,lut_subnormal_shared_x4,gemv,4,1024,256,4,64,0,1,178,0.6642879843711853,0.0037319549683774455
NVIDIA H200 NVL,sm_90,uniform_0_1,e3m4,lut_high_word_global_x4,gemv,4,1024,256,4,0,0,0,210,0.60623997449874878,0.0028868570214226133
NVIDIA H200 NVL,sm_90,uniform_0_1,e3m4,lut_high_word_global_x4,gemv,4,1024,256,4,0,0,1,210,0.60575997829437256,0.0028845713252112978
NVIDIA H200 NVL,sm_90,uniform_0_1,e3m4,lut_high_word_shared_x4,gemv,4,1024,256,4,1024,0,0,209,0.60207998752593994,0.0028807654905547366
NVIDIA H200 NVL,sm_90,uniform_0_1,e3m4,lut_high_word_shared_x4,gemv,4,1024,256,4,1024,0,1,209,0.60246402025222778,0.0028826029677140085
NVIDIA H200 NVL,sm_90,uniform_0_1,e3m4,lut_high_word_swizzled_shared_x4,gemv,4,1024,256,4,4112,0,0,203,0.6186559796333313,0.003047566402134637
NVIDIA H200 NVL,sm_90,uniform_0_1,e3m4,lut_high_word_swizzled_shared_x4,gemv,4,1024,256,4,4112,0,1,203,0.61875200271606445,0.0030480394222466229
NVIDIA H200 NVL,sm_90,uniform_0_1,e3m4,direct_fp64_words_branchy_x8,gemv,8,1024,256,0,0,0,0,155,0.67619198560714722,0.0043625289394009495
NVIDIA H200 NVL,sm_90,uniform_0_1,e3m4,direct_fp64_words_branchy_x8,gemv,8,1024,256,0,0,0,1,155,0.67532801628112793,0.0043569549437492121
NVIDIA H200 NVL,sm_90,uniform_0_1,e3m4,direct_fp64_words_masked_x8,gemv,8,1024,256,0,0,0,0,183,0.66492801904678345,0.003633486442878598
NVIDIA H200 NVL,sm_90,uniform_0_1,e3m4,direct_fp64_words_masked_x8,gemv,8,1024,256,0,0,0,1,183,0.66457599401473999,0.003631562808823716
NVIDIA H200 NVL,sm_90,uniform_0_1,e3m4,lut_subnormal_global_x8,gemv,8,1024,256,4,0,0,0,167,0.67353600263595581,0.0040331497163829692
NVIDIA H200 NVL,sm_90,uniform_0_1,e3m4,lut_subnormal_global_x8,gemv,8,1024,256,4,0,0,1,167,0.67388802766799927,0.0040352576507065828
NVIDIA H200 NVL,sm_90,uniform_0_1,e3m4,lut_subnormal_shared_x8,gemv,8,1024,256,4,64,0,0,162,0.71017599105834961,0.0043838024139404297
NVIDIA H200 NVL,sm_90,uniform_0_1,e3m4,lut_subnormal_shared_x8,gemv,8,1024,256,4,64,0,1,162,0.70995199680328369,0.0043824197333536029
NVIDIA H200 NVL,sm_90,uniform_0_1,e3m4,lut_high_word_global_x8,gemv,8,1024,256,4,0,0,0,205,0.62777602672576904,0.0030623220815891171
NVIDIA H200 NVL,sm_90,uniform_0_1,e3m4,lut_high_word_global_x8,gemv,8,1024,256,4,0,0,1,205,0.62790399789810181,0.0030629463312102528
NVIDIA H200 NVL,sm_90,uniform_0_1,e3m4,lut_high_word_shared_x8,gemv,8,1024,256,4,1024,0,0,202,0.59046399593353271,0.0029230890887798648
NVIDIA H200 NVL,sm_90,uniform_0_1,e3m4,lut_high_word_shared_x8,gemv,8,1024,256,4,1024,0,1,202,0.59094399213790894,0.0029254653076134104
NVIDIA H200 NVL,sm_90,uniform_0_1,e3m4,lut_high_word_swizzled_shared_x8,gemv,8,1024,256,4,4112,0,0,200,0.61440002918243408,0.0030720001459121704
NVIDIA H200 NVL,sm_90,uniform_0_1,e3m4,lut_high_word_swizzled_shared_x8,gemv,8,1024,256,4,4112,0,1,200,0.61315202713012695,0.0030657601356506347
NVIDIA H200 NVL,sm_90,normal_0_1,e2m5,generic_fp64_x1,dot,1,65536,1,0,0,0,0,134,0.68009597063064575,0.0050753430644078041
NVIDIA H200 NVL,sm_90,normal_0_1,e2m5,generic_fp64_x1,dot,1,65536,1,0,0,0,1,134,0.6788480281829834,0.0050660300610670403
NVIDIA H200 NVL,sm_90,normal_0_1,e2m5,branchless_fp32_x1,dot,1,65536,1,0,0,0,0,149,0.70671999454498291,0.0047430872117112943
NVIDIA H200 NVL,sm_90,normal_0_1,e2m5,branchless_fp32_x1,dot,1,65536,1,0,0,0,1,149,0.70729601383209229,0.0047469531129670627
NVIDIA H200 NVL,sm_90,normal_0_1,e2m5,lut_fp32_global_x1,dot,1,65536,1,4,0,0,0,151,0.7664639949798584,0.0050759204965553535
NVIDIA H200 NVL,sm_90,normal_0_1,e2m5,lut_fp32_global_x1,dot,1,65536,1,4,0,0,1,151,0.76639997959136963,0.0050754965535852294
NVIDIA H200 NVL,sm_90,normal_0_1,e2m5,lut_fp64_global_x1,dot,1,65536,1,8,0,0,0,138,0.71708798408508301,0.0051962897397469787
NVIDIA H200 NVL,sm_90,normal_0_1,e2m5,lut_fp64_global_x1,dot,1,65536,1,8,0,0,1,138,0.71817600727081299,0.0052041739657305288
NVIDIA H200 NVL,sm_90,normal_0_1,e2m5,lut_prefix_global_x1,dot,1,65536,1,4,0,0,0,141,0.7051200270652771,0.005000851255782107
NVIDIA H200 NVL,sm_90,normal_0_1,e2m5,lut_prefix_global_x1,dot,1,65536,1,4,0,0,1,141,0.70598399639129639,0.0050069786978106127
NVIDIA H200 NVL,sm_90,normal_0_1,e2m5,generic_fp64_x2,dot,2,65536,1,0,0,0,0,148,0.77129602432250977,0.0052114596238007418
NVIDIA H200 NVL,sm_90,normal_0_1,e2m5,generic_fp64_x2,dot,2,65536,1,0,0,0,1,148,0.76963198184967041,0.0052002160935788544
NVIDIA H200 NVL,sm_90,normal_0_1,e2m5,branchless_fp32_x2,dot,2,65536,1,0,0,0,0,152,0.70863997936248779,0.0046621051273847882
NVIDIA H200 NVL,sm_90,normal_0_1,e2m5,branchless_fp32_x2,dot,2,65536,1,0,0,0,1,152,0.70979201793670654,0.0046696843285309641
NVIDIA H200 NVL,sm_90,normal_0_1,e2m5,lut_fp32_global_x2,dot,2,65536,1,4,0,0,0,145,0.74934399127960205,0.0051678895950317385
NVIDIA H200 NVL,sm_90,normal_0_1,e2m5,lut_fp32_global_x2,dot,2,65536,1,4,0,0,1,145,0.74854397773742676,0.0051623722602581155
NVIDIA H200 NVL,sm_90,normal_0_1,e2m5,lut_fp64_global_x2,dot,2,65536,1,8,0,0,0,140,0.72649598121643066,0.0051892570086887902
NVIDIA H200 NVL,sm_90,normal_0_1,e2m5,lut_fp64_global_x2,dot,2,65536,1,8,0,0,1,140,0.72777599096298218,0.0051983999354498723
NVIDIA H200 NVL,sm_90,normal_0_1,e2m5,lut_prefix_global_x2,dot,2,65536,1,4,0,0,0,146,0.73136001825332642,0.0050093151935159345
NVIDIA H200 NVL,sm_90,normal_0_1,e2m5,lut_prefix_global_x2,dot,2,65536,1,4,0,0,1,146,0.73247998952865601,0.0050169862296483292
NVIDIA H200 NVL,sm_90,normal_0_1,e2m5,generic_fp64_x4,dot,4,65536,1,0,0,0,0,134,0.74905598163604736,0.0055899700122093087
NVIDIA H200 NVL,sm_90,normal_0_1,e2m5,generic_fp64_x4,dot,4,65536,1,0,0,0,1,134,0.75011199712753296,0.0055978507248323353
NVIDIA H200 NVL,sm_90,normal_0_1,e2m5,branchless_fp32_x4,dot,4,65536,1,0,0,0,0,151,0.72816002368927002,0.0048222518125117216
NVIDIA H200 NVL,sm_90,normal_0_1,e2m5,branchless_fp32_x4,dot,4,65536,1,0,0,0,1,151,0.72758400440216064,0.0048184371152460966
NVIDIA H200 NVL,sm_90,normal_0_1,e2m5,lut_fp32_global_x4,dot,4,65536,1,4,0,0,0,151,0.75561600923538208,0.0050040795313601458
NVIDIA H200 NVL,sm_90,normal_0_1,e2m5,lut_fp32_global_x4,dot,4,65536,1,4,0,0,1,151,0.75551998615264893,0.0050034436169049601
NVIDIA H200 NVL,sm_90,normal_0_1,e2m5,lut_fp64_global_x4,dot,4,65536,1,8,0,0,0,145,0.75084799528121948,0.0051782620364222032
NVIDIA H200 NVL,sm_90,normal_0_1,e2m5,lut_fp64_global_x4,dot,4,65536,1,8,0,0,1,145,0.75148797035217285,0.0051826756576011917
NVIDIA H200 NVL,sm_90,normal_0_1,e2m5,lut_prefix_global_x4,dot,4,65536,1,4,0,0,0,151,0.74320000410079956,0.0049218543317933747
NVIDIA H200 NVL,sm_90,normal_0_1,e2m5,lut_prefix_global_x4,dot,4,65536,1,4,0,0,1,151,0.74111998081207275,0.0049080793431263096
NVIDIA H200 NVL,sm_90,normal_0_1,e2m5,generic_fp64_x8,dot,8,65536,1,0,0,0,0,120,0.79158401489257812,0.0065965334574381506
NVIDIA H200 NVL,sm_90,normal_0_1,e2m5,generic_fp64_x8,dot,8,65536,1,0,0,0,1,120,0.79222398996353149,0.0066018665830294291
NVIDIA H200 NVL,sm_90,normal_0_1,e2m5,branchless_fp32_x8,dot,8,65536,1,0,0,0,0,145,0.75088000297546387,0.00517848277914113
NVIDIA H200 NVL,sm_90,normal_0_1,e2m5,branchless_fp32_x8,dot,8,65536,1,0,0,0,1,145,0.74931198358535767,0.0051676688523128117
NVIDIA H200 NVL,sm_90,normal_0_1,e2m5,lut_fp32_global_x8,dot,8,65536,1,4,0,0,0,145,0.75209599733352661,0.0051868689471277693
NVIDIA H200 NVL,sm_90,normal_0_1,e2m5,lut_fp32_global_x8,dot,8,65536,1,4,0,0,1,145,0.75209599733352661,0.0051868689471277693
NVIDIA H200 NVL,sm_90,normal_0_1,e2m5,lut_fp64_global_x8,dot,8,65536,1,8,0,0,0,137,0.73683202266693115,0.0053783359318754099
NVIDIA H200 NVL,sm_90,normal_0_1,e2m5,lut_fp64_global_x8,dot,8,65536,1,8,0,0,1,137,0.73743999004364014,0.0053827736499535775
NVIDIA H200 NVL,sm_90,normal_0_1,e2m5,lut_prefix_global_x8,dot,8,65536,1,4,0,0,0,141,0.73148798942565918,0.005187858081033044
NVIDIA H200 NVL,sm_90,normal_0_1,e2m5,lut_prefix_global_x8,dot,8,65536,1,4,0,0,1,141,0.73161602020263672,0.00518876610072792
NVIDIA H200 NVL,sm_90,normal_0_1,e2m5,direct_fp64_bits_x4,dot,4,65536,1,0,0,0,0,147,0.73747199773788452,0.0050168163111420716
NVIDIA H200 NVL,sm_90,normal_0_1,e2m5,direct_fp64_bits_x4,dot,4,65536,1,0,0,0,1,147,0.73791998624801636,0.0050198638520273222
NVIDIA H200 NVL,sm_90,normal_0_1,e2m5,decomposed_bits_x4,dot,4,65536,1,8,0,0,0,147,0.73756802082061768,0.0050174695293919566
NVIDIA H200 NVL,sm_90,normal_0_1,e2m5,decomposed_bits_x4,dot,4,65536,1,8,0,0,1,147,0.73801600933074951,0.0050205170702772072
NVIDIA H200 NVL,sm_90,normal_0_1,e2m5,lut_fp32_shared_x4,dot,4,65536,1,4,1024,0,0,147,0.72220802307128906,0.004912979748784279
NVIDIA H200 NVL,sm_90,normal_0_1,e2m5,lut_fp32_shared_x4,dot,4,65536,1,4,1024,0,1,147,0.72092801332473755,0.0049042721994880106
NVIDIA H200 NVL,sm_90,normal_0_1,e2m5,lut_fp64_shared_x4,dot,4,65536,1,8,2048,0,0,145,0.72703999280929565,0.0050140689159261769
NVIDIA H200 NVL,sm_90,normal_0_1,e2m5,lut_fp64_shared_x4,dot,4,65536,1,8,2048,0,1,145,0.72598397731781006,0.0050067860504676553
NVIDIA H200 NVL,sm_90,normal_0_1,e2m5,lut_prefix_shared_x4,dot,4,65536,1,4,1024,0,0,150,0.73107200860977173,0.0048738133907318118
NVIDIA H200 NVL,sm_90,normal_0_1,e2m5,lut_prefix_shared_x4,dot,4,65536,1,4,1024,0,1,150,0.73046398162841797,0.0048697598775227866
NVIDIA H200 NVL,sm_90,normal_0_1,e2m5,lut_prefix_shared_x8,dot,8,65536,1,4,1024,0,0,147,0.73177599906921387,0.0049780680208790055
NVIDIA H200 NVL,sm_90,normal_0_1,e2m5,lut_prefix_shared_x8,dot,8,65536,1,4,1024,0,1,147,0.7319679856300354,0.0049793740519050028
NVIDIA H200 NVL,sm_90,normal_0_1,e2m5,lut_fp32_global_pipelined_x4,dot,4,65536,1,4,0,1,0,146,0.73350399732589722,0.0050239999816842273
NVIDIA H200 NVL,sm_90,normal_0_1,e2m5,lut_fp32_global_pipelined_x4,dot,4,65536,1,4,0,1,1,146,0.73439997434616089,0.0050301368105901429
NVIDIA H200 NVL,sm_90,normal_0_1,e2m5,lut_prefix_global_pipelined_x4,dot,4,65536,1,4,0,1,0,150,0.74927997589111328,0.0049951998392740882
NVIDIA H200 NVL,sm_90,normal_0_1,e2m5,lut_prefix_global_pipelined_x4,dot,4,65536,1,4,0,1,1,150,0.74691200256347656,0.0049794133504231768
NVIDIA H200 NVL,sm_90,normal_0_1,e2m5,direct_fp64_words_branchy_x4,dot,4,65536,1,0,0,0,0,138,0.75551998615264893,0.0054747825083525286
NVIDIA H200 NVL,sm_90,normal_0_1,e2m5,direct_fp64_words_branchy_x4,dot,4,65536,1,0,0,0,1,138,0.75523197650909424,0.0054726954819499579
NVIDIA H200 NVL,sm_90,normal_0_1,e2m5,direct_fp64_words_masked_x4,dot,4,65536,1,0,0,0,0,149,0.74646401405334473,0.0050098255976734549
NVIDIA H200 NVL,sm_90,normal_0_1,e2m5,direct_fp64_words_masked_x4,dot,4,65536,1,0,0,0,1,149,0.74739199876785278,0.0050160536830057235
NVIDIA H200 NVL,sm_90,normal_0_1,e2m5,lut_subnormal_global_x4,dot,4,65536,1,4,0,0,0,138,0.74524801969528198,0.0054003479688063908
NVIDIA H200 NVL,sm_90,normal_0_1,e2m5,lut_subnormal_global_x4,dot,4,65536,1,4,0,0,1,138,0.74406397342681885,0.0053917679233827457
NVIDIA H200 NVL,sm_90,normal_0_1,e2m5,lut_subnormal_shared_x4,dot,4,65536,1,4,128,0,0,136,0.7555840015411377,0.0055557647172142476
NVIDIA H200 NVL,sm_90,normal_0_1,e2m5,lut_subnormal_shared_x4,dot,4,65536,1,4,128,0,1,136,0.75657600164413452,0.005563058835618636
NVIDIA H200 NVL,sm_90,normal_0_1,e2m5,lut_high_word_global_x4,dot,4,65536,1,4,0,0,0,147,0.71654397249221802,0.0048744487924640683
NVIDIA H200 NVL,sm_90,normal_0_1,e2m5,lut_high_word_global_x4,dot,4,65536,1,4,0,0,1,147,0.71596801280975342,0.0048705306993860773
NVIDIA H200 NVL,sm_90,normal_0_1,e2m5,lut_high_word_shared_x4,dot,4,65536,1,4,1024,0,0,151,0.72806400060653687,0.0048216158980565358
NVIDIA H200 NVL,sm_90,normal_0_1,e2m5,lut_high_word_shared_x4,dot,4,65536,1,4,1024,0,1,151,0.72889602184295654,0.0048271259724699108
NVIDIA H200 NVL,sm_90,normal_0_1,e2m5,lut_high_word_swizzled_shared_x4,dot,4,65536,1,4,4112,0,0,147,0.71104001998901367,0.004837006938700773
NVIDIA H200 NVL,sm_90,normal_0_1,e2m5,lut_high_word_swizzled_shared_x4,dot,4,65536,1,4,4112,0,1,147,0.70976001024246216,0.0048282993894045046
NVIDIA H200 NVL,sm_90,normal_0_1,e2m5,direct_fp64_words_branchy_x8,dot,8,65536,1,0,0,0,0,127,0.78636801242828369,0.0061918741136085332
NVIDIA H200 NVL,sm_90,normal_0_1,e2m5,direct_fp64_words_branchy_x8,dot,8,65536,1,0,0,0,1,127,0.78550398349761963,0.0061850707362017298
NVIDIA H200 NVL,sm_90,normal_0_1,e2m5,direct_fp64_words_masked_x8,dot,8,65536,1,0,0,0,0,135,0.75305598974227905,0.0055781925166094749
NVIDIA H200 NVL,sm_90,normal_0_1,e2m5,direct_fp64_words_masked_x8,dot,8,65536,1,0,0,0,1,135,0.75276798009872437,0.0055760591118424029
NVIDIA H200 NVL,sm_90,normal_0_1,e2m5,lut_subnormal_global_x8,dot,8,65536,1,4,0,0,0,128,0.77248001098632812,0.0060350000858306885
NVIDIA H200 NVL,sm_90,normal_0_1,e2m5,lut_subnormal_global_x8,dot,8,65536,1,4,0,0,1,128,0.77273601293563843,0.0060370001010596752
NVIDIA H200 NVL,sm_90,normal_0_1,e2m5,lut_subnormal_shared_x8,dot,8,65536,1,4,128,0,0,127,0.79663997888565063,0.0062727557392570918
NVIDIA H200 NVL,sm_90,normal_0_1,e2m5,lut_subnormal_shared_x8,dot,8,65536,1,4,128,0,1,127,0.7946239709854126,0.0062568816613024613
NVIDIA H200 NVL,sm_90,normal_0_1,e2m5,lut_high_word_global_x8,dot,8,65536,1,4,0,0,0,147,0.74697601795196533,0.0050814695098773148
NVIDIA H200 NVL,sm_90,normal_0_1,e2m5,lut_high_word_global_x8,dot,8,65536,1,4,0,0,1,147,0.74716800451278687,0.005082775540903312
NVIDIA H200 NVL,sm_90,normal_0_1,e2m5,lut_high_word_shared_x8,dot,8,65536,1,4,1024,0,0,151,0.75014400482177734,0.0049678410915349495
NVIDIA H200 NVL,sm_90,normal_0_1,e2m5,lut_high_word_shared_x8,dot,8,65536,1,4,1024,0,1,151,0.75065600872039795,0.0049712318458304504
NVIDIA H200 NVL,sm_90,normal_0_1,e2m5,lut_high_word_swizzled_shared_x8,dot,8,65536,1,4,4112,0,0,148,0.73865598440170288,0.0049909188135250195
NVIDIA H200 NVL,sm_90,normal_0_1,e2m5,lut_high_word_swizzled_shared_x8,dot,8,65536,1,4,4112,0,1,148,0.73667198419570923,0.0049775134067277654
NVIDIA H200 NVL,sm_90,normal_0_1,e2m5,generic_fp64_x1,gemv,1,1024,256,0,0,0,0,145,0.736735999584198,0.0050809379281668825
NVIDIA H200 NVL,sm_90,normal_0_1,e2m5,generic_fp64_x1,gemv,1,1024,256,0,0,0,1,145,0.7380480170249939,0.0050899863243103029
NVIDIA H200 NVL,sm_90,normal_0_1,e2m5,branchless_fp32_x1,gemv,1,1024,256,0,0,0,0,177,0.66028797626495361,0.0037304405438697945
NVIDIA H200 NVL,sm_90,normal_0_1,e2m5,branchless_fp32_x1,gemv,1,1024,256,0,0,0,1,177,0.6616320013999939,0.0037380339062146549
NVIDIA H200 NVL,sm_90,normal_0_1,e2m5,lut_fp32_global_x1,gemv,1,1024,256,4,0,0,0,169,0.68908798694610596,0.0040774437097402718
NVIDIA H200 NVL,sm_90,normal_0_1,e2m5,lut_fp32_global_x1,gemv,1,1024,256,4,0,0,1,169,0.68924802541732788,0.0040783906829427686
NVIDIA H200 NVL,sm_90,normal_0_1,e2m5,lut_fp64_global_x1,gemv,1,1024,256,8,0,0,0,177,0.70572799444198608,0.0039871638104067011
NVIDIA H200 NVL,sm_90,normal_0_1,e2m5,lut_fp64_global_x1,gemv,1,1024,256,8,0,0,1,177,0.70652800798416138,0.0039916836609274657
NVIDIA H200 NVL,sm_90,normal_0_1,e2m5,lut_prefix_global_x1,gemv,1,1024,256,4,0,0,0,177,0.67766398191452026,0.0038286100673136738
NVIDIA H200 NVL,sm_90,normal_0_1,e2m5,lut_prefix_global_x1,gemv,1,1024,256,4,0,0,1,177,0.67711997032165527,0.003825536555489578
NVIDIA H200 NVL,sm_90,normal_0_1,e2m5,generic_fp64_x2,gemv,2,1024,256,0,0,0,0,159,0.66441601514816284,0.0041787170764035399
NVIDIA H200 NVL,sm_90,normal_0_1,e2m5,generic_fp64_x2,gemv,2,1024,256,0,0,0,1,159,0.66489601135253906,0.0041817359204562206
NVIDIA H200 NVL,sm_90,normal_0_1,e2m5,branchless_fp32_x2,gemv,2,1024,256,0,0,0,0,189,0.61491197347640991,0.0032535025051661898
NVIDIA H200 NVL,sm_90,normal_0_1,e2m5,branchless_fp32_x2,gemv,2,1024,256,0,0,0,1,189,0.61510401964187622,0.0032545186224437897
NVIDIA H200 NVL,sm_90,normal_0_1,e2m5,lut_fp32_global_x2,gemv,2,1024,256,4,0,0,0,183,0.6395840048789978,0.0034949945621803157
NVIDIA H200 NVL,sm_90,normal_0_1,e2m5,lut_fp32_global_x2,gemv,2,1024,256,4,0,0,1,183,0.64019197225570679,0.0034983167882825508
NVIDIA H200 NVL,sm_90,normal_0_1,e2m5,lut_fp64_global_x2,gemv,2,1024,256,8,0,0,0,184,0.66739201545715332,0.0036271305187888766
NVIDIA H200 NVL,sm_90,normal_0_1,e2m5,lut_fp64_global_x2,gemv,2,1024,256,8,0,0,1,184,0.66700798273086548,0.0036250433844068775
NVIDIA H200 NVL,sm_90,normal_0_1,e2m5,lut_prefix_global_x2,gemv,2,1024,256,4,0,0,0,197,0.64854401350021362,0.0032921015913716426
NVIDIA H200 NVL,sm_90,normal_0_1,e2m5,lut_prefix_global_x2,gemv,2,1024,256,4,0,0,1,197,0.65087997913360596,0.0033039592849421623
NVIDIA H200 NVL,sm_90,normal_0_1,e2m5,generic_fp64_x4,gemv,4,1024,256,0,0,0,0,167,0.66531199216842651,0.003983904144721117
NVIDIA H200 NVL,sm_90,normal_0_1,e2m5,generic_fp64_x4,gemv,4,1024,256,0,0,0,1,167,0.66655999422073364,0.0039913772109025965
NVIDIA H200 NVL,sm_90,normal_0_1,e2m5,branchless_fp32_x4,gemv,4,1024,256,0,0,0,0,195,0.61564797163009644,0.0031571690852825458
NVIDIA H200 NVL,sm_90,normal_0_1,e2m5,branchless_fp32_x4,gemv,4,1024,256,0,0,0,1,195,0.61683201789855957,0.0031632411174285107
NVIDIA H200 NVL,sm_90,normal_0_1,e2m5,lut_fp32_global_x4,gemv,4,1024,256,4,0,0,0,203,0.65692800283432007,0.0032360985361296556
NVIDIA H200 NVL,sm_90,normal_0_1,e2m5,lut_fp32_global_x4,gemv,4,1024,256,4,0,0,1,203,0.65795201063156128,0.0032411429095150802
NVIDIA H200 NVL,sm_90,normal_0_1,e2m5,lut_fp64_global_x4,gemv,4,1024,256,8,0,0,0,182,0.63551998138427734,0.0034918680295839416
NVIDIA H200 NVL,sm_90,normal_0_1,e2m5,lut_fp64_global_x4,gemv,4,1024,256,8,0,0,1,182,0.63472002744674683,0.0034874726782788286
NVIDIA H200 NVL,sm_90,normal_0_1,e2m5,lut_prefix_global_x4,gemv,4,1024,256,4,0,0,0,202,0.62883198261260986,0.0031130296168941081
NVIDIA H200 NVL,sm_90,normal_0_1,e2m5,lut_prefix_global_x4,gemv,4,1024,256,4,0,0,1,202,0.62963199615478516,0.003116990079974184
NVIDIA H200 NVL,sm_90,normal_0_1,e2m5,generic_fp64_x8,gemv,8,1024,256,0,0,0,0,157,0.72198402881622314,0.004598624387364479
NVIDIA H200 NVL,sm_90,normal_0_1,e2m5,generic_fp64_x8,gemv,8,1024,256,0,0,0,1,157,0.72175997495651245,0.0045971972927166399
NVIDIA H200 NVL,sm_90,normal_0_1,e2m5,branchless_fp32_x8,gemv,8,1024,256,0,0,0,0,197,0.62387198209762573,0.0031668628532874402
NVIDIA H200 NVL,sm_90,normal_0_1,e2m5,branchless_fp32_x8,gemv,8,1024,256,0,0,0,1,197,0.62355202436447144,0.0031652387023577231
NVIDIA H200 NVL,sm_90,normal_0_1,e2m5,lut_fp32_global_x8,gemv,8,1024,256,4,0,0,0,179,0.62944000959396362,0.0035164246346031489
NVIDIA H200 NVL,sm_90,normal_0_1,e2m5,lut_fp32_global_x8,gemv,8,1024,256,4,0,0,1,179,0.62985599040985107,0.0035187485497757045
NVIDIA H200 NVL,sm_90,normal_0_1,e2m5,lut_fp64_global_x8,gemv,8,1024,256,8,0,0,0,183,0.66745597124099731,0.0036473003892950671
NVIDIA H200 NVL,sm_90,normal_0_1,e2m5,lut_fp64_global_x8,gemv,8,1024,256,8,0,0,1,183,0.66777598857879639,0.0036490491179169203
NVIDIA H200 NVL,sm_90,normal_0_1,e2m5,lut_prefix_global_x8,gemv,8,1024,256,4,0,0,0,195,0.65679997205734253,0.0033682049849094488
NVIDIA H200 NVL,sm_90,normal_0_1,e2m5,lut_prefix_global_x8,gemv,8,1024,256,4,0,0,1,195,0.65600001811981201,0.0033641026570246772
NVIDIA H200 NVL,sm_90,normal_0_1,e2m5,direct_fp64_bits_x4,gemv,4,1024,256,0,0,0,0,180,0.65481597185134888,0.0036378665102852715
NVIDIA H200 NVL,sm_90,normal_0_1,e2m5,direct_fp64_bits_x4,gemv,4,1024,256,0,0,0,1,180,0.65459197759628296,0.0036366220977571274
NVIDIA H200 NVL,sm_90,normal_0_1,e2m5,decomposed_bits_x4,gemv,4,1024,256,8,0,0,0,183,0.63407999277114868,0.0034649179932849656
NVIDIA H200 NVL,sm_90,normal_0_1,e2m5,decomposed_bits_x4,gemv,4,1024,256,8,0,0,1,183,0.63321602344512939,0.0034601968494269368
NVIDIA H200 NVL,sm_90,normal_0_1,e2m5,lut_fp32_shared_x4,gemv,4,1024,256,4,1024,0,0,205,0.62243199348449707,0.0030362536267536443
NVIDIA H200 NVL,sm_90,normal_0_1,e2m5,lut_fp32_shared_x4,gemv,4,1024,256,4,1024,0,1,205,0.6249920129776001,0.0030487415267200003
NVIDIA H200 NVL,sm_90,normal_0_1,e2m5,lut_fp64_shared_x4,gemv,4,1024,256,8,2048,0,0,192,0.622048020362854,0.0032398334393898645
NVIDIA H200 NVL,sm_90,normal_0_1,e2m5,lut_fp64_shared_x4,gemv,4,1024,256,8,2048,0,1,192,0.62233597040176392,0.0032413331791758537
NVIDIA H200 NVL,sm_90,normal_0_1,e2m5,lut_prefix_shared_x4,gemv,4,1024,256,4,1024,0,0,202,0.60665601491928101,0.0030032475986103021
NVIDIA H200 NVL,sm_90,normal_0_1,e2m5,lut_prefix_shared_x4,gemv,4,1024,256,4,1024,0,1,202,0.60710400342941284,0.0030054653635119446
NVIDIA H200 NVL,sm_90,normal_0_1,e2m5,lut_prefix_shared_x8,gemv,8,1024,256,4,1024,0,0,202,0.61788797378540039,0.0030588513553732695
NVIDIA H200 NVL,sm_90,normal_0_1,e2m5,lut_prefix_shared_x8,gemv,8,1024,256,4,1024,0,1,202,0.6185920238494873,0.0030623367517301353
NVIDIA H200 NVL,sm_90,normal_0_1,e2m5,lut_fp32_global_pipelined_x4,gemv,4,1024,256,4,0,1,0,190,0.61884802579879761,0.0032570948726252506
NVIDIA H200 NVL,sm_90,normal_0_1,e2m5,lut_fp32_global_pipelined_x4,gemv,4,1024,256,4,0,1,1,190,0.61913597583770752,0.0032586103991458291
NVIDIA H200 NVL,sm_90,normal_0_1,e2m5,lut_prefix_global_pipelined_x4,gemv,4,1024,256,4,0,1,0,205,0.637503981590271,0.0031097755199525415
NVIDIA H200 NVL,sm_90,normal_0_1,e2m5,lut_prefix_global_pipelined_x4,gemv,4,1024,256,4,0,1,1,205,0.63894397020339966,0.0031167998546507299
NVIDIA H200 NVL,sm_90,normal_0_1,e2m5,direct_fp64_words_branchy_x4,gemv,4,1024,256,0,0,0,0,182,0.66137599945068359,0.0036339340629158441
NVIDIA H200 NVL,sm_90,normal_0_1,e2m5,direct_fp64_words_branchy_x4,gemv,4,1024,256,0,0,0,1,182,0.66137599945068359,0.0036339340629158441
NVIDIA H200 NVL,sm_90,normal_0_1,e2m5,direct_fp64_words_masked_x4,gemv,4,1024,256,0,0,0,0,182,0.66121602058410645,0.003633055058154431
NVIDIA H200 NVL,sm_90,normal_0_1,e2m5,direct_fp64_words_masked_x4,gemv,4,1024,256,0,0,0,1,182,0.66003197431564331,0.0036265493094266117
NVIDIA H200 NVL,sm_90,normal_0_1,e2m5,lut_subnormal_global_x4,gemv,4,1024,256,4,0,0,0,188,0.64639997482299805,0.0034382977384202025
NVIDIA H200 NVL,sm_90,normal_0_1,e2m5,lut_subnormal_global_x4,gemv,4,1024,256,4,0,0,1,188,0.64671999216079712,0.0034399999583021122
NVIDIA H200 NVL,sm_90,normal_0_1,e2m5,lut_subnormal_shared_x4,gemv,4,1024,256,4,128,0,0,174,0.64652800559997559,0.0037156781931033081
NVIDIA H200 NVL,sm_90,normal_0_1,e2m5,lut_subnormal_shared_x4,gemv,4,1024,256,4,128,0,1,174,0.64678400754928589,0.0037171494686740569
NVIDIA H200 NVL,sm_90,normal_0_1,e2m5,lut_high_word_global_x4,gemv,4,1024,256,4,0,0,0,196,0.62339198589324951,0.003180571356598212
NVIDIA H200 NVL,sm_90,normal_0_1,e2m5,lut_high_word_global_x4,gemv,4,1024,256,4,0,0,1,196,0.62406402826309204,0.003184000144199449
NVIDIA H200 NVL,sm_90,normal_0_1,e2m5,lut_high_word_shared_x4,gemv,4,1024,256,4,1024,0,0,207,0.60156798362731934,0.0029061255247696586
NVIDIA H200 NVL,sm_90,normal_0_1,e2m5,lut_high_word_shared_x4,gemv,4,1024,256,4,1024,0,1,207,0.60153597593307495,0.0029059708982274151
NVIDIA H200 NVL,sm_90,normal_0_1,e2m5,lut_high_word_swizzled_shared_x4,gemv,4,1024,256,4,4112,0,0,206,0.63081598281860352,0.0030622135088281726
NVIDIA H200 NVL,sm_90,normal_0_1,e2m5,lut_high_word_swizzled_shared_x4,gemv,4,1024,256,4,4112,0,1,206,0.63004797697067261,0.0030584853251003526
NVIDIA H200 NVL,sm_90,normal_0_1,e2m5,direct_fp64_words_branchy_x8,gemv,8,1024,256,0,0,0,0,156,0.66342401504516602,0.0042527180451613208
NVIDIA H200 NVL,sm_90,normal_0_1,e2m5,direct_fp64_words_branchy_x8,gemv,8,1024,256,0,0,0,1,156,0.66390401124954224,0.0042557949439073223
NVIDIA H200 NVL,sm_90,normal_0_1,e2m5,direct_fp64_words_masked_x8,gemv,8,1024,256,0,0,0,0,189,0.68828797340393066,0.003641735309015506
NVIDIA H200 NVL,sm_90,normal_0_1,e2m5,direct_fp64_words_masked_x8,gemv,8,1024,256,0,0,0,1,189,0.68851202726364136,0.0036429207791727055
NVIDIA H200 NVL,sm_90,normal_0_1,e2m5,lut_subnormal_global_x8,gemv,8,1024,256,4,0,0,0,165,0.67699199914932251,0.004102981813026197
NVIDIA H200 NVL,sm_90,normal_0_1,e2m5,lut_subnormal_global_x8,gemv,8,1024,256,4,0,0,1,165,0.67820799350738525,0.004110351475802335
NVIDIA H200 NVL,sm_90,normal_0_1,e2m5,lut_subnormal_shared_x8,gemv,8,1024,256,4,128,0,0,162,0.709663987159729,0.0043806418960477102
NVIDIA H200 NVL,sm_90,normal_0_1,e2m5,lut_subnormal_shared_x8,gemv,8,1024,256,4,128,0,1,162,0.709663987159729,0.0043806418960477102
NVIDIA H200 NVL,sm_90,normal_0_1,e2m5,lut_high_word_global_x8,gemv,8,1024,256,4,0,0,0,191,0.63808000087738037,0.0033407329888868083
NVIDIA H200 NVL,sm_90,normal_0_1,e2m5,lut_high_word_global_x8,gemv,8,1024,256,4,0,0,1,191,0.63724797964096069,0.0033363768567589566
NVIDIA H200 NVL,sm_90,normal_0_1,e2m5,lut_high_word_shared_x8,gemv,8,1024,256,4,1024,0,0,202,0.60575997829437256,0.0029988117737345175
NVIDIA H200 NVL,sm_90,normal_0_1,e2m5,lut_high_word_shared_x8,gemv,8,1024,256,4,1024,0,1,202,0.60499197244644165,0.0029950097645863446
NVIDIA H200 NVL,sm_90,normal_0_1,e2m5,lut_high_word_swizzled_shared_x8,gemv,8,1024,256,4,4112,0,0,202,0.62083202600479126,0.003073425871310848
NVIDIA H200 NVL,sm_90,normal_0_1,e2m5,lut_high_word_swizzled_shared_x8,gemv,8,1024,256,4,4112,0,1,202,0.61897599697113037,0.0030642376087679723
NVIDIA H200 NVL,sm_90,normal_0_1,e3m4,generic_fp64_x1,dot,1,65536,1,0,0,0,0,147,0.7497599720954895,0.0051004079734387042
NVIDIA H200 NVL,sm_90,normal_0_1,e3m4,generic_fp64_x1,dot,1,65536,1,0,0,0,1,147,0.74687999486923218,0.0050808162916274298
NVIDIA H200 NVL,sm_90,normal_0_1,e3m4,branchless_fp32_x1,dot,1,65536,1,0,0,0,0,147,0.6955839991569519,0.0047318639398432104
NVIDIA H200 NVL,sm_90,normal_0_1,e3m4,branchless_fp32_x1,dot,1,65536,1,0,0,0,1,147,0.69500797986984253,0.004727945441291446
NVIDIA H200 NVL,sm_90,normal_0_1,e3m4,lut_fp32_global_x1,dot,1,65536,1,4,0,0,0,150,0.74492800235748291,0.0049661866823832194
NVIDIA H200 NVL,sm_90,normal_0_1,e3m4,lut_fp32_global_x1,dot,1,65536,1,4,0,0,1,150,0.74412798881530762,0.0049608532587687177
NVIDIA H200 NVL,sm_90,normal_0_1,e3m4,lut_fp64_global_x1,dot,1,65536,1,8,0,0,0,147,0.75120002031326294,0.0051102042198181152
NVIDIA H200 NVL,sm_90,normal_0_1,e3m4,lut_fp64_global_x1,dot,1,65536,1,8,0,0,1,147,0.75155198574066162,0.00511259854245348
NVIDIA H200 NVL,sm_90,normal_0_1,e3m4,lut_prefix_global_x1,dot,1,65536,1,2,0,0,0,147,0.71801602840423584,0.0048844627782601074
NVIDIA H200 NVL,sm_90,normal_0_1,e3m4,lut_prefix_global_x1,dot,1,65536,1,2,0,0,1,147,0.71884799003601074,0.0048901223811973517
NVIDIA H200 NVL,sm_90,normal_0_1,e3m4,generic_fp64_x2,dot,2,65536,1,0,0,0,0,141,0.73769599199295044,0.0052318864680351096
NVIDIA H200 NVL,sm_90,normal_0_1,e3m4,generic_fp64_x2,dot,2,65536,1,0,0,0,1,141,0.73769599199295044,0.0052318864680351096
NVIDIA H200 NVL,sm_90,normal_0_1,e3m4,branchless_fp32_x2,dot,2,65536,1,0,0,0,0,151,0.70160001516342163,0.0046463577163140509
NVIDIA H200 NVL,sm_90,normal_0_1,e3m4,branchless_fp32_x2,dot,2,65536,1,0,0,0,1,151,0.70281600952148438,0.0046544106590826776
NVIDIA H200 NVL,sm_90,normal_0_1,e3m4,lut_fp32_global_x2,dot,2,65536,1,4,0,0,0,147,0.73571199178695679,0.0050048434815439238
NVIDIA H200 NVL,sm_90,normal_0_1,e3m4,lut_fp32_global_x2,dot,2,65536,1,4,0,0,1,147,0.73523199558258057,0.0050015782012420443
NVIDIA H200 NVL,sm_90,normal_0_1,e3m4,lut_fp64_global_x2,dot,2,65536,1,8,0,0,0,144,0.73740798234939575,0.0051208887663152479
NVIDIA H200 NVL,sm_90,normal_0_1,e3m4,lut_fp64_global_x2,dot,2,65536,1,8,0,0,1,144,0.73766398429870605,0.0051226665576299029
NVIDIA H200 NVL,sm_90,normal_0_1,e3m4,lut_prefix_global_x2,dot,2,65536,1,2,0,0,0,151,0.74156802892684937,0.0049110465491844328
NVIDIA H200 NVL,sm_90,normal_0_1,e3m4,lut_prefix_global_x2,dot,2,65536,1,2,0,0,1,151,0.7420160174369812,0.0049140133605098096
NVIDIA H200 NVL,sm_90,normal_0_1,e3m4,generic_fp64_x4,dot,4,65536,1,0,0,0,0,135,0.76726400852203369,0.0056834371001632123
NVIDIA H200 NVL,sm_90,normal_0_1,e3m4,generic_fp64_x4,dot,4,65536,1,0,0,0,1,135,0.76678401231765747,0.005679881572723389
NVIDIA H200 NVL,sm_90,normal_0_1,e3m4,branchless_fp32_x4,dot,4,65536,1,0,0,0,0,151,0.72617602348327637,0.0048091127382998431
NVIDIA H200 NVL,sm_90,normal_0_1,e3m4,branchless_fp32_x4,dot,4,65536,1,0,0,0,1,151,0.72659200429916382,0.0048118675781401573
NVIDIA H200 NVL,sm_90,normal_0_1,e3m4,lut_fp32_global_x4,dot,4,65536,1,4,0,0,0,152,0.74627202749252319,0.0049096843913981787
NVIDIA H200 NVL,sm_90,normal_0_1,e3m4,lut_fp32_global_x4,dot,4,65536,1,4,0,0,1,152,0.74684798717498779,0.0049134735998354459
NVIDIA H200 NVL,sm_90,normal_0_1,e3m4,lut_fp64_global_x4,dot,4,65536,1,8,0,0,0,145,0.7356799840927124,0.0050736550627083618
NVIDIA H200 NVL,sm_90,normal_0_1,e3m4,lut_fp64_global_x4,dot,4,65536,1,8,0,0,1,145,0.73683202266693115,0.0050816001563236627
NVIDIA H200 NVL,sm_90,normal_0_1,e3m4,lut_prefix_global_x4,dot,4,65536,1,2,0,0,0,150,0.72403198480606079,0.0048268798987070724
NVIDIA H200 NVL,sm_90,normal_0_1,e3m4,lut_prefix_global_x4,dot,4,65536,1,2,0,0,1,150,0.72489601373672485,0.0048326400915781661
NVIDIA H200 NVL,sm_90,normal_0_1,e3m4,generic_fp64_x8,dot,8,65536,1,0,0,0,0,116,0.78086400032043457,0.006731586209658919
NVIDIA H200 NVL,sm_90,normal_0_1,e3m4,generic_fp64_x8,dot,8,65536,1,0,0,0,1,116,0.77654397487640381,0.006694344611003481
NVIDIA H200 NVL,sm_90,normal_0_1,e3m4,branchless_fp32_x8,dot,8,65536,1,0,0,0,0,145,0.74771201610565186,0.0051566345938320818
NVIDIA H200 NVL,sm_90,normal_0_1,e3m4,branchless_fp32_x8,dot,8,65536,1,0,0,0,1,145,0.7489280104637146,0.0051650207618187212
NVIDIA H200 NVL,sm_90,normal_0_1,e3m4,lut_fp32_global_x8,dot,8,65536,1,4,0,0,0,151,0.76848000288009644,0.0050892715422522945
NVIDIA H200 NVL,sm_90,normal_0_1,e3m4,lut_fp32_global_x8,dot,8,65536,1,4,0,0,1,151,0.76940798759460449,0.0050954171363881088
NVIDIA H200 NVL,sm_90,normal_0_1,e3m4,lut_fp64_global_x8,dot,8,65536,1,8,0,0,0,139,0.74777597188949585,0.0053796832510035674
NVIDIA H200 NVL,sm_90,normal_0_1,e3m4,lut_fp64_global_x8,dot,8,65536,1,8,0,0,1,139,0.74873602390289307,0.0053865901000208138
NVIDIA H200 NVL,sm_90,normal_0_1,e3m4,lut_prefix_global_x8,dot,8,65536,1,2,0,0,0,145,0.73513597249984741,0.0050699032586196376
NVIDIA H200 NVL,sm_90,normal_0_1,e3m4,lut_prefix_global_x8,dot,8,65536,1,2,0,0,1,145,0.73766398429870605,0.0050873378227496973
NVIDIA H200 NVL,sm_90,normal_0_1,e3m4,direct_fp64_bits_x4,dot,4,65536,1,0,0,0,0,147,0.73763197660446167,0.00501790460275144
NVIDIA H200 NVL,sm_90,normal_0_1,e3m4,direct_fp64_bits_x4,dot,4,65536,1,0,0,0,1,147,0.73750400543212891,0.0050170340505586997
NVIDIA H200 NVL,sm_90,normal_0_1,e3m4,decomposed_bits_x4,dot,4,65536,1,8,0,0,0,147,0.73756802082061768,0.0050174695293919566
NVIDIA H200 NVL,sm_90,normal_0_1,e3m4,decomposed_bits_x4,dot,4,65536,1,8,0,0,1,147,0.73817598819732666,0.0050216053618865756
NVIDIA H200 NVL,sm_90,normal_0_1,e3m4,lut_fp32_shared_x4,dot,4,65536,1,4,1024,0,0,148,0.71609598398208618,0.004838486378257339
NVIDIA H200 NVL,sm_90,normal_0_1,e3m4,lut_fp32_shared_x4,dot,4,65536,1,4,1024,0,1,148,0.71603202819824219,0.0048380542445827174
NVIDIA H200 NVL,sm_90,normal_0_1,e3m4,lut_fp64_shared_x4,dot,4,65536,1,8,2048,0,0,146,0.72950398921966553,0.00499660266588812
NVIDIA H200 NVL,sm_90,normal_0_1,e3m4,lut_fp64_shared_x4,dot,4,65536,1,8,2048,0,1,146,0.73001599311828613,0.0050001095419060695
NVIDIA H200 NVL,sm_90,normal_0_1,e3m4,lut_prefix_shared_x4,dot,4,65536,1,2,512,0,0,149,0.71840000152587891,0.0048214765203079121
NVIDIA H200 NVL,sm_90,normal_0_1,e3m4,lut_prefix_shared_x4,dot,4,65536,1,2,512,0,1,149,0.71827197074890137,0.0048206172533483312
NVIDIA H200 NVL,sm_90,normal_0_1,e3m4,lut_prefix_shared_x8,dot,8,65536,1,2,512,0,0,149,0.73167997598648071,0.0049106038656810784
NVIDIA H200 NVL,sm_90,normal_0_1,e3m4,lut_prefix_shared_x8,dot,8,65536,1,2,512,0,1,149,0.72953599691390991,0.0048962147443886569
NVIDIA H200 NVL,sm_90,normal_0_1,e3m4,lut_fp32_global_pipelined_x4,dot,4,65536,1,4,0,1,0,147,0.73478400707244873,0.0049985306603567937
NVIDIA H200 NVL,sm_90,normal_0_1,e3m4,lut_fp32_global_pipelined_x4,dot,4,65536,1,4,0,1,1,147,0.73526400327682495,0.0050017959406586732
NVIDIA H200 NVL,sm_90,normal_0_1,e3m4,lut_prefix_global_pipelined_x4,dot,4,65536,1,2,0,1,0,149,0.73251199722290039,0.0049161879008248347
NVIDIA H200 NVL,sm_90,normal_0_1,e3m4,lut_prefix_global_pipelined_x4,dot,4,65536,1,2,0,1,1,149,0.73276799917221069,0.0049179060347128234
NVIDIA H200 NVL,sm_90,normal_0_1,e3m4,direct_fp64_words_branchy_x4,dot,4,65536,1,0,0,0,0,136,0.74822402000427246,0.0055016472059137679
NVIDIA H200 NVL,sm_90,normal_0_1,e3m4,direct_fp64_words_branchy_x4,dot,4,65536,1,0,0,0,1,136,0.74982398748397827,0.0055134116726763107
NVIDIA H200 NVL,sm_90,normal_0_1,e3m4,direct_fp64_words_masked_x4,dot,4,65536,1,0,0,0,0,147,0.73523199558258057,0.0050015782012420443
NVIDIA H200 NVL,sm_90,normal_0_1,e3m4,direct_fp64_words_masked_x4,dot,4,65536,1,0,0,0,1,147,0.73596799373626709,0.0050065849914031771
NVIDIA H200 NVL,sm_90,normal_0_1,e3m4,lut_subnormal_global_x4,dot,4,65536,1,4,0,0,0,142,0.76447999477386475,0.0053836619350272168
NVIDIA H200 NVL,sm_90,normal_0_1,e3m4,lut_subnormal_global_x4,dot,4,65536,1,4,0,0,1,142,0.76393598318099976,0.0053798308674718291
NVIDIA H200 NVL,sm_90,normal_0_1,e3m4,lut_subnormal_shared_x4,dot,4,65536,1,4,64,0,0,138,0.76832002401351929,0.0055675364058950672
NVIDIA H200 NVL,sm_90,normal_0_1,e3m4,lut_subnormal_shared_x4,dot,4,65536,1,4,64,0,1,138,0.76745599508285522,0.0055612753266873569
NVIDIA H200 NVL,sm_90,normal_0_1,e3m4,lut_high_word_global_x4,dot,4,65536,1,4,0,0,0,151,0.73299199342727661,0.0048542516121011696
NVIDIA H200 NVL,sm_90,normal_0_1,e3m4,lut_high_word_global_x4,dot,4,65536,1,4,0,0,1,151,0.7364799976348877,0.0048773509777144883
NVIDIA H200 NVL,sm_90,normal_0_1,e3m4,lut_high_word_shared_x4,dot,4,65536,1,4,1024,0,0,149,0.72115200757980347,0.0048399463595959966
NVIDIA H200 NVL,sm_90,normal_0_1,e3m4,lut_high_word_shared_x4,dot,4,65536,1,4,1024,0,1,149,0.72105598449707031,0.0048393019093763111
NVIDIA H200 NVL,sm_90,normal_0_1,e3m4,lut_high_word_swizzled_shared_x4,dot,4,65536,1,4,4112,0,0,148,0.71507197618484497,0.0048315674066543579
NVIDIA H200 NVL,sm_90,normal_0_1,e3m4,lut_high_word_swizzled_shared_x4,dot,4,65536,1,4,4112,0,1,148,0.71660798788070679,0.00484194586405883
NVIDIA H200 NVL,sm_90,normal_0_1,e3m4,direct_fp64_words_branchy_x8,dot,8,65536,1,0,0,0,0,125,0.78912001848220825,0.0063129601478576656
NVIDIA H200 NVL,sm_90,normal_0_1,e3m4,direct_fp64_words_branchy_x8,dot,8,65536,1,0,0,0,1,125,0.78956800699234009,0.006316544055938721
NVIDIA H200 NVL,sm_90,normal_0_1,e3m4,direct_fp64_words_masked_x8,dot,8,65536,1,0,0,0,0,133,0.74163198471069336,0.005576180336170627
NVIDIA H200 NVL,sm_90,normal_0_1,e3m4,direct_fp64_words_masked_x8,dot,8,65536,1,0,0,0,1,133,0.74140799045562744,0.0055744961688393045
NVIDIA H200 NVL,sm_90,normal_0_1,e3m4,lut_subnormal_global_x8,dot,8,65536,1,4,0,0,0,130,0.77977597713470459,0.005998276747190035
NVIDIA H200 NVL,sm_90,normal_0_1,e3m4,lut_subnormal_global_x8,dot,8,65536,1,4,0,0,1,130,0.78108799457550049,0.0060083691890423117
NVIDIA H200 NVL,sm_90,normal_0_1,e3m4,lut_subnormal_shared_x8,dot,8,65536,1,4,64,0,0,125,0.78108799457550049,0.0062487039566040039
NVIDIA H200 NVL,sm_90,normal_0_1,e3m4,lut_subnormal_shared_x8,dot,8,65536,1,4,64,0,1,125,0.78313601016998291,0.0062650880813598635
NVIDIA H200 NVL,sm_90,normal_0_1,e3m4,lut_high_word_global_x8,dot,8,65536,1,4,0,0,0,147,0.73747199773788452,0.0050168163111420716
NVIDIA H200 NVL,sm_90,normal_0_1,e3m4,lut_high_word_global_x8,dot,8,65536,1,4,0,0,1,147,0.73711997270584106,0.0050144215830329325
NVIDIA H200 NVL,sm_90,normal_0_1,e3m4,lut_high_word_shared_x8,dot,8,65536,1,4,1024,0,0,151,0.7457280158996582,0.0049385961317858157
NVIDIA H200 NVL,sm_90,normal_0_1,e3m4,lut_high_word_shared_x8,dot,8,65536,1,4,1024,0,1,151,0.7444159984588623,0.0049299072745620023
NVIDIA H200 NVL,sm_90,normal_0_1,e3m4,lut_high_word_swizzled_shared_x8,dot,8,65536,1,4,4112,0,0,149,0.73964798450469971,0.0049640804329174476
NVIDIA H200 NVL,sm_90,normal_0_1,e3m4,lut_high_word_swizzled_shared_x8,dot,8,65536,1,4,4112,0,1,149,0.74195200204849243,0.0049795436379093455
NVIDIA H200 NVL,sm_90,normal_0_1,e3m4,generic_fp64_x1,gemv,1,1024,256,0,0,0,0,141,0.7197120189666748,0.005104340560047339
NVIDIA H200 NVL,sm_90,normal_0_1,e3m4,generic_fp64_x1,gemv,1,1024,256,0,0,0,1,141,0.7197759747505188,0.0051047941471667998
NVIDIA H200 NVL,sm_90,normal_0_1,e3m4,branchless_fp32_x1,gemv,1,1024,256,0,0,0,0,184,0.68713599443435669,0.0037344347523606343
NVIDIA H200 NVL,sm_90,normal_0_1,e3m4,branchless_fp32_x1,gemv,1,1024,256,0,0,0,1,184,0.68723201751708984,0.0037349566169407058
NVIDIA H200 NVL,sm_90,normal_0_1,e3m4,lut_fp32_global_x1,gemv,1,1024,256,4,0,0,0,174,0.66048002243041992,0.0037958621978759766
NVIDIA H200 NVL,sm_90,normal_0_1,e3m4,lut_fp32_global_x1,gemv,1,1024,256,4,0,0,1,174,0.66144001483917236,0.0038013793956274272
NVIDIA H200 NVL,sm_90,normal_0_1,e3m4,lut_fp64_global_x1,gemv,1,1024,256,8,0,0,0,169,0.67552000284194946,0.0039971597801298784
NVIDIA H200 NVL,sm_90,normal_0_1,e3m4,lut_fp64_global_x1,gemv,1,1024,256,8,0,0,1,169,0.67673599720001221,0.004004355013017824
NVIDIA H200 NVL,sm_90,normal_0_1,e3m4,lut_prefix_global_x1,gemv,1,1024,256,2,0,0,0,169,0.65568000078201294,0.0038797633182367629
NVIDIA H200 NVL,sm_90,normal_0_1,e3m4,lut_prefix_global_x1,gemv,1,1024,256,2,0,0,1,169,0.65600001811981201,0.0038816569119515506
NVIDIA H200 NVL,sm_90,normal_0_1,e3m4,generic_fp64_x2,gemv,2,1024,256,0,0,0,0,165,0.69155198335647583,0.0041912241415543987
NVIDIA H200 NVL,sm_90,normal_0_1,e3m4,generic_fp64_x2,gemv,2,1024,256,0,0,0,1,165,0.69103997945785522,0.0041881210876233647
NVIDIA H200 NVL,sm_90,normal_0_1,e3m4,branchless_fp32_x2,gemv,2,1024,256,0,0,0,0,195,0.63516801595687866,0.0032572718767019419
NVIDIA H200 NVL,sm_90,normal_0_1,e3m4,branchless_fp32_x2,gemv,2,1024,256,0,0,0,1,195,0.63520002365112305,0.0032574360187237078
NVIDIA H200 NVL,sm_90,normal_0_1,e3m4,lut_fp32_global_x2,gemv,2,1024,256,4,0,0,0,196,0.63948798179626465,0.0032626937846748196
NVIDIA H200 NVL,sm_90,normal_0_1,e3m4,lut_fp32_global_x2,gemv,2,1024,256,4,0,0,1,196,0.63900798559188843,0.0032602448244484104
NVIDIA H200 NVL,sm_90,normal_0_1,e3m4,lut_fp64_global_x2,gemv,2,1024,256,8,0,0,0,188,0.66803199052810669,0.0035533616517452482
NVIDIA H200 NVL,sm_90,normal_0_1,e3m4,lut_fp64_global_x2,gemv,2,1024,256,8,0,0,1,188,0.66662400960922241,0.003545872391538417
NVIDIA H200 NVL,sm_90,normal_0_1,e3m4,lut_prefix_global_x2,gemv,2,1024,256,2,0,0,0,198,0.63987201452255249,0.0032316768410229923
NVIDIA H200 NVL,sm_90,normal_0_1,e3m4,lut_prefix_global_x2,gemv,2,1024,256,2,0,0,1,198,0.63980799913406372,0.0032313535309801199
NVIDIA H200 NVL,sm_90,normal_0_1,e3m4,generic_fp64_x4,gemv,4,1024,256,0,0,0,0,172,0.68460798263549805,0.0039802789688110352
NVIDIA H200 NVL,sm_90,normal_0_1,e3m4,generic_fp64_x4,gemv,4,1024,256,0,0,0,1,172,0.68448001146316528,0.0039795349503672396
NVIDIA H200 NVL,sm_90,normal_0_1,e3m4,branchless_fp32_x4,gemv,4,1024,256,0,0,0,0,192,0.60662400722503662,0.0031595000376303992
NVIDIA H200 NVL,sm_90,normal_0_1,e3m4,branchless_fp32_x4,gemv,4,1024,256,0,0,0,1,192,0.60678398609161377,0.0031603332608938217
NVIDIA H200 NVL,sm_90,normal_0_1,e3m4,lut_fp32_global_x4,gemv,4,1024,256,4,0,0,0,202,0.6226239800453186,0.0030822969309174187
NVIDIA H200 NVL,sm_90,normal_0_1,e3m4,lut_fp32_global_x4,gemv,4,1024,256,4,0,0,1,202,0.62108802795410156,0.0030746932076935723
NVIDIA H200 NVL,sm_90,normal_0_1,e3m4,lut_fp64_global_x4,gemv,4,1024,256,8,0,0,0,184,0.63568001985549927,0.0034547827166059742
NVIDIA H200 NVL,sm_90,normal_0_1,e3m4,lut_fp64_global_x4,gemv,4,1024,256,8,0,0,1,184,0.63625597953796387,0.0034579129322715426
NVIDIA H200 NVL,sm_90,normal_0_1,e3m4,lut_prefix_global_x4,gemv,4,1024,256,2,0,0,0,210,0.6180800199508667,0.0029432381902422225
NVIDIA H200 NVL,sm_90,normal_0_1,e3m4,lut_prefix_global_x4,gemv,4,1024,256,2,0,0,1,210,0.61766397953033447,0.002941257045382545
NVIDIA H200 NVL,sm_90,normal_0_1,e3m4,generic_fp64_x8,gemv,8,1024,256,0,0,0,0,156,0.72819197177886963,0.0046678972549927542
NVIDIA H200 NVL,sm_90,normal_0_1,e3m4,generic_fp64_x8,gemv,8,1024,256,0,0,0,1,156,0.728767991065979,0.0046715896863203784
NVIDIA H200 NVL,sm_90,normal_0_1,e3m4,branchless_fp32_x8,gemv,8,1024,256,0,0,0,0,197,0.62508797645568848,0.0031730354134806523
NVIDIA H200 NVL,sm_90,normal_0_1,e3m4,branchless_fp32_x8,gemv,8,1024,256,0,0,0,1,197,0.62624001502990723,0.0031788833250249097
NVIDIA H200 NVL,sm_90,normal_0_1,e3m4,lut_fp32_global_x8,gemv,8,1024,256,4,0,0,0,195,0.65619200468063354,0.0033650872034904286
NVIDIA H200 NVL,sm_90,normal_0_1,e3m4,lut_fp32_global_x8,gemv,8,1024,256,4,0,0,1,195,0.65555202960968018,0.0033618052800496417
NVIDIA H200 NVL,sm_90,normal_0_1,e3m4,lut_fp64_global_x8,gemv,8,1024,256,8,0,0,0,182,0.65971201658248901,0.0036247912999037859
NVIDIA H200 NVL,sm_90,normal_0_1,e3m4,lut_fp64_global_x8,gemv,8,1024,256,8,0,0,1,182,0.66224002838134766,0.0036386814746227894
NVIDIA H200 NVL,sm_90,normal_0_1,e3m4,lut_prefix_global_x8,gemv,8,1024,256,2,0,0,0,195,0.61913597583770752,0.003175056286347218
NVIDIA H200 NVL,sm_90,normal_0_1,e3m4,lut_prefix_global_x8,gemv,8,1024,256,2,0,0,1,195,0.61878401041030884,0.0031732513354374814
NVIDIA H200 NVL,sm_90,normal_0_1,e3m4,direct_fp64_bits_x4,gemv,4,1024,256,0,0,0,0,184,0.67004799842834473,0.0036415652088496995
NVIDIA H200 NVL,sm_90,normal_0_1,e3m4,direct_fp64_bits_x4,gemv,4,1024,256,0,0,0,1,184,0.66927999258041382,0.0036373912640239882
NVIDIA H200 NVL,sm_90,normal_0_1,e3m4,decomposed_bits_x4,gemv,4,1024,256,8,0,0,0,191,0.66207998991012573,0.0034663873817284072
NVIDIA H200 NVL,sm_90,normal_0_1,e3m4,decomposed_bits_x4,gemv,4,1024,256,8,0,0,1,191,0.66067200899124146,0.0034590157538808455
NVIDIA H200 NVL,sm_90,normal_0_1,e3m4,lut_fp32_shared_x4,gemv,4,1024,256,4,1024,0,0,200,0.59868800640106201,0.0029934400320053099
NVIDIA H200 NVL,sm_90,normal_0_1,e3m4,lut_fp32_shared_x4,gemv,4,1024,256,4,1024,0,1,200,0.59945601224899292,0.0029972800612449646
NVIDIA H200 NVL,sm_90,normal_0_1,e3m4,lut_fp64_shared_x4,gemv,4,1024,256,8,2048,0,0,197,0.63852798938751221,0.0032412588293782344
NVIDIA H200 NVL,sm_90,normal_0_1,e3m4,lut_fp64_shared_x4,gemv,4,1024,256,8,2048,0,1,197,0.63715201616287231,0.0032342741937201641
NVIDIA H200 NVL,sm_90,normal_0_1,e3m4,lut_prefix_shared_x4,gemv,4,1024,256,2,512,0,0,213,0.62697601318359375,0.0029435493576694541
NVIDIA H200 NVL,sm_90,normal_0_1,e3m4,lut_prefix_shared_x4,gemv,4,1024,256,2,512,0,1,213,0.62726402282714844,0.0029449015156204151
NVIDIA H200 NVL,sm_90,normal_0_1,e3m4,lut_prefix_shared_x8,gemv,8,1024,256,2,512,0,0,201,0.60566401481628418,0.0030132538050561403
NVIDIA H200 NVL,sm_90,normal_0_1,e3m4,lut_prefix_shared_x8,gemv,8,1024,256,2,512,0,1,201,0.60771197080612183,0.0030234426408264768
NVIDIA H200 NVL,sm_90,normal_0_1,e3m4,lut_fp32_global_pipelined_x4,gemv,4,1024,256,4,0,1,0,216,0.66544002294540405,0.0030807408469694631
NVIDIA H200 NVL,sm_90,normal_0_1,e3m4,lut_fp32_global_pipelined_x4,gemv,4,1024,256,4,0,1,1,216,0.66390401124954224,0.0030736296817108436
NVIDIA H200 NVL,sm_90,normal_0_1,e3m4,lut_prefix_global_pipelined_x4,gemv,4,1024,256,2,0,1,0,206,0.60812801122665405,0.0029520777244012334
NVIDIA H200 NVL,sm_90,normal_0_1,e3m4,lut_prefix_global_pipelined_x4,gemv,4,1024,256,2,0,1,1,206,0.60659199953079224,0.0029446213569455934
NVIDIA H200 NVL,sm_90,normal_0_1,e3m4,direct_fp64_words_branchy_x4,gemv,4,1024,256,0,0,0,0,183,0.66649597883224487,0.0036420545291379501
NVIDIA H200 NVL,sm_90,normal_0_1,e3m4,direct_fp64_words_branchy_x4,gemv,4,1024,256,0,0,0,1,183,0.66540801525115967,0.0036361093729571567
NVIDIA H200 NVL,sm_90,normal_0_1,e3m4,direct_fp64_words_masked_x4,gemv,4,1024,256,0,0,0,0,184,0.66847997903823853,0.003633043364338253
NVIDIA H200 NVL,sm_90,normal_0_1,e3m4,direct_fp64_words_masked_x4,gemv,4,1024,256,0,0,0,1,184,0.66809600591659546,0.0036309565538945403
NVIDIA H200 NVL,sm_90,normal_0_1,e3m4,lut_subnormal_global_x4,gemv,4,1024,256,4,0,0,0,190,0.65363198518753052,0.0034401683430922659
NVIDIA H200 NVL,sm_90,normal_0_1,e3m4,lut_subnormal_global_x4,gemv,4,1024,256,4,0,0,1,190,0.65407997369766235,0.0034425261773561176
NVIDIA H200 NVL,sm_90,normal_0_1,e3m4,lut_subnormal_shared_x4,gemv,4,1024,256,4,64,0,0,175,0.65238398313522339,0.0037279084750584195
NVIDIA H200 NVL,sm_90,normal_0_1,e3m4,lut_subnormal_shared_x4,gemv,4,1024,256,4,64,0,1,175,0.65353602170944214,0.0037344915526253838
NVIDIA H200 NVL,sm_90,normal_0_1,e3m4,lut_high_word_global_x4,gemv,4,1024,256,4,0,0,0,203,0.62537598609924316,0.0030806698822622818
NVIDIA H200 NVL,sm_90,normal_0_1,e3m4,lut_high_word_global_x4,gemv,4,1024,256,4,0,0,1,203,0.6252480149269104,0.0030800394823985735
NVIDIA H200 NVL,sm_90,normal_0_1,e3m4,lut_high_word_shared_x4,gemv,4,1024,256,4,1024,0,0,210,0.61222398281097412,0.0029153522990998768
NVIDIA H200 NVL,sm_90,normal_0_1,e3m4,lut_high_word_shared_x4,gemv,4,1024,256,4,1024,0,1,210,0.61136001348495483,0.0029112381594521659
NVIDIA H200 NVL,sm_90,normal_0_1,e3m4,lut_high_word_swizzled_shared_x4,gemv,4,1024,256,4,4112,0,0,203,0.62089598178863525,0.0030586008955105185
NVIDIA H200 NVL,sm_90,normal_0_1,e3m4,lut_high_word_swizzled_shared_x4,gemv,4,1024,256,4,4112,0,1,203,0.62191998958587646,0.0030636452688959431
NVIDIA H200 NVL,sm_90,normal_0_1,e3m4,direct_fp64_words_branchy_x8,gemv,8,1024,256,0,0,0,0,160,0.69049602746963501,0.0043156001716852192
NVIDIA H200 NVL,sm_90,normal_0_1,e3m4,direct_fp64_words_branchy_x8,gemv,8,1024,256,0,0,0,1,160,0.68969601392745972,0.0043106000870466229
NVIDIA H200 NVL,sm_90,normal_0_1,e3m4,direct_fp64_words_masked_x8,gemv,8,1024,256,0,0,0,0,183,0.66467201709747314,0.0036320875251228042
NVIDIA H200 NVL,sm_90,normal_0_1,e3m4,direct_fp64_words_masked_x8,gemv,8,1024,256,0,0,0,1,183,0.66476798057556152,0.0036326119157134508
NVIDIA H200 NVL,sm_90,normal_0_1,e3m4,lut_subnormal_global_x8,gemv,8,1024,256,4,0,0,0,168,0.67900800704956055,0.0040417143276759559
NVIDIA H200 NVL,sm_90,normal_0_1,e3m4,lut_subnormal_global_x8,gemv,8,1024,256,4,0,0,1,168,0.67952001094818115,0.0040447619699296496
NVIDIA H200 NVL,sm_90,normal_0_1,e3m4,lut_subnormal_shared_x8,gemv,8,1024,256,4,64,0,0,162,0.7104640007019043,0.0043855802512463224
NVIDIA H200 NVL,sm_90,normal_0_1,e3m4,lut_subnormal_shared_x8,gemv,8,1024,256,4,64,0,1,162,0.70972800254821777,0.0043810370527667761
NVIDIA H200 NVL,sm_90,normal_0_1,e3m4,lut_high_word_global_x8,gemv,8,1024,256,4,0,0,0,191,0.62246400117874146,0.0032589738281609501
NVIDIA H200 NVL,sm_90,normal_0_1,e3m4,lut_high_word_global_x8,gemv,8,1024,256,4,0,0,1,191,0.62291198968887329,0.0032613193177427921
NVIDIA H200 NVL,sm_90,normal_0_1,e3m4,lut_high_word_shared_x8,gemv,8,1024,256,4,1024,0,0,206,0.61737602949142456,0.0029969710169486627
NVIDIA H200 NVL,sm_90,normal_0_1,e3m4,lut_high_word_shared_x8,gemv,8,1024,256,4,1024,0,1,206,0.61622399091720581,0.0029913785966854652
NVIDIA H200 NVL,sm_90,normal_0_1,e3m4,lut_high_word_swizzled_shared_x8,gemv,8,1024,256,4,4112,0,0,202,0.62121599912643433,0.0030753267283486849
NVIDIA H200 NVL,sm_90,normal_0_1,e3m4,lut_high_word_swizzled_shared_x8,gemv,8,1024,256,4,4112,0,1,202,0.61955201625823975,0.0030670891893972265
