kernel,distribution,format,storage_bits,n,m,operand,source_values,decoded_zeros,decoded_infinities,decoded_nans,saturated_values
dot,uniform_0_1,e1m6,8,1024,1,left,8388608,131646,0,0,0
dot,uniform_0_1,e1m6,8,1024,1,right,8388608,131333,0,0,0
dot,uniform_0_1,e1m6,8,16384,1,left,134217728,2097346,0,0,0
dot,uniform_0_1,e1m6,8,16384,1,right,134217728,2096374,0,0,0
dot,uniform_0_1,e1m6,8,262144,1,left,2147483648,33554438,0,0,0
dot,uniform_0_1,e1m6,8,262144,1,right,2147483648,33560518,0,0,0
dot,uniform_0_1,e1m6,8,4194304,1,left,34359738368,536866399,0,0,0
dot,uniform_0_1,e1m6,8,4194304,1,right,34359738368,536874377,0,0,0
dot,normal_0_1,e1m6,8,1024,1,left,8388608,104790,0,0,518
dot,normal_0_1,e1m6,8,1024,1,right,8388608,104309,0,0,566
dot,normal_0_1,e1m6,8,16384,1,left,134217728,1673201,0,0,9053
dot,normal_0_1,e1m6,8,16384,1,right,134217728,1675055,0,0,9106
dot,normal_0_1,e1m6,8,262144,1,left,2147483648,26771218,0,0,145057
dot,normal_0_1,e1m6,8,262144,1,right,2147483648,26768489,0,0,145248
dot,normal_0_1,e1m6,8,4194304,1,left,34359738368,428358487,0,0,2324193
dot,normal_0_1,e1m6,8,4194304,1,right,34359738368,428329280,0,0,2326776
dot,uniform_0_1,e2m5,8,1024,1,left,8388608,131646,0,0,0
dot,uniform_0_1,e2m5,8,1024,1,right,8388608,131333,0,0,0
dot,uniform_0_1,e2m5,8,16384,1,left,134217728,2097346,0,0,0
dot,uniform_0_1,e2m5,8,16384,1,right,134217728,2096374,0,0,0
dot,uniform_0_1,e2m5,8,262144,1,left,2147483648,33554438,0,0,0
dot,uniform_0_1,e2m5,8,262144,1,right,2147483648,33560518,0,0,0
dot,uniform_0_1,e2m5,8,4194304,1,left,34359738368,536866399,0,0,0
dot,uniform_0_1,e2m5,8,4194304,1,right,34359738368,536874377,0,0,0
dot,normal_0_1,e2m5,8,1024,1,left,8388608,104790,565,0,0
dot,normal_0_1,e2m5,8,1024,1,right,8388608,104309,597,0,0
dot,normal_0_1,e2m5,8,16384,1,left,134217728,1673201,9643,0,0
dot,normal_0_1,e2m5,8,16384,1,right,134217728,1675055,9666,0,0
dot,normal_0_1,e2m5,8,262144,1,left,2147483648,26771218,154832,0,0
dot,normal_0_1,e2m5,8,262144,1,right,2147483648,26768489,155036,0,0
dot,normal_0_1,e2m5,8,4194304,1,left,34359738368,428358487,2480906,0,0
dot,normal_0_1,e2m5,8,4194304,1,right,34359738368,428329280,2483892,0,0
dot,uniform_0_1,e3m4,8,1024,1,left,8388608,65938,0,0,0
dot,uniform_0_1,e3m4,8,1024,1,right,8388608,65523,0,0,0
dot,uniform_0_1,e3m4,8,16384,1,left,134217728,1048870,0,0,0
dot,uniform_0_1,e3m4,8,16384,1,right,134217728,1048459,0,0,0
dot,uniform_0_1,e3m4,8,262144,1,left,2147483648,16776445,0,0,0
dot,uniform_0_1,e3m4,8,262144,1,right,2147483648,16777230,0,0,0
dot,uniform_0_1,e3m4,8,4194304,1,left,34359738368,268430771,0,0,0
dot,uniform_0_1,e3m4,8,4194304,1,right,34359738368,268445945,0,0,0
dot,normal_0_1,e3m4,8,1024,1,left,8388608,52456,0,0,0
dot,normal_0_1,e3m4,8,1024,1,right,8388608,51888,0,0,0
dot,normal_0_1,e3m4,8,16384,1,left,134217728,836945,0,0,0
dot,normal_0_1,e3m4,8,16384,1,right,134217728,836998,0,0,0
dot,normal_0_1,e3m4,8,262144,1,left,2147483648,13382970,0,0,0
dot,normal_0_1,e3m4,8,262144,1,right,2147483648,13384436,0,0,0
dot,normal_0_1,e3m4,8,4194304,1,left,34359738368,214185262,0,0,0
dot,normal_0_1,e3m4,8,4194304,1,right,34359738368,214162275,0,0,0
dot,uniform_0_1,fp8_e4m3,8,1024,1,left,8388608,8362,0,0,0
dot,uniform_0_1,fp8_e4m3,8,1024,1,right,8388608,8188,0,0,0
dot,uniform_0_1,fp8_e4m3,8,16384,1,left,134217728,130544,0,0,0
dot,uniform_0_1,fp8_e4m3,8,16384,1,right,134217728,131506,0,0,0
dot,uniform_0_1,fp8_e4m3,8,262144,1,left,2147483648,2099218,0,0,0
dot,uniform_0_1,fp8_e4m3,8,262144,1,right,2147483648,2098384,0,0,0
dot,uniform_0_1,fp8_e4m3,8,4194304,1,left,34359738368,33549529,0,0,0
dot,uniform_0_1,fp8_e4m3,8,4194304,1,right,34359738368,33552362,0,0,0
dot,normal_0_1,fp8_e4m3,8,1024,1,left,8388608,6694,0,0,0
dot,normal_0_1,fp8_e4m3,8,1024,1,right,8388608,6522,0,0,0
dot,normal_0_1,fp8_e4m3,8,16384,1,left,134217728,104286,0,0,0
dot,normal_0_1,fp8_e4m3,8,16384,1,right,134217728,105174,0,0,0
dot,normal_0_1,fp8_e4m3,8,262144,1,left,2147483648,1671624,0,0,0
dot,normal_0_1,fp8_e4m3,8,262144,1,right,2147483648,1671736,0,0,0
dot,normal_0_1,fp8_e4m3,8,4194304,1,left,34359738368,26774696,0,0,0
dot,normal_0_1,fp8_e4m3,8,4194304,1,right,34359738368,26768161,0,0,0
dot,uniform_0_1,fp8_e5m2,8,1024,1,left,8388608,68,0,0,0
dot,uniform_0_1,fp8_e5m2,8,1024,1,right,8388608,59,0,0,0
dot,uniform_0_1,fp8_e5m2,8,16384,1,left,134217728,982,0,0,0
dot,uniform_0_1,fp8_e5m2,8,16384,1,right,134217728,1015,0,0,0
dot,uniform_0_1,fp8_e5m2,8,262144,1,left,2147483648,16409,0,0,0
dot,uniform_0_1,fp8_e5m2,8,262144,1,right,2147483648,16453,0,0,0
dot,uniform_0_1,fp8_e5m2,8,4194304,1,left,34359738368,261528,0,0,0
dot,uniform_0_1,fp8_e5m2,8,4194304,1,right,34359738368,262042,0,0,0
dot,normal_0_1,fp8_e5m2,8,1024,1,left,8388608,56,0,0,0
dot,normal_0_1,fp8_e5m2,8,1024,1,right,8388608,58,0,0,0
dot,normal_0_1,fp8_e5m2,8,16384,1,left,134217728,786,0,0,0
dot,normal_0_1,fp8_e5m2,8,16384,1,right,134217728,784,0,0,0
dot,normal_0_1,fp8_e5m2,8,262144,1,left,2147483648,12867,0,0,0
dot,normal_0_1,fp8_e5m2,8,262144,1,right,2147483648,12898,0,0,0
dot,normal_0_1,fp8_e5m2,8,4194304,1,left,34359738368,209480,0,0,0
dot,normal_0_1,fp8_e5m2,8,4194304,1,right,34359738368,208950,0,0,0
dot,uniform_0_1,e1m14,16,1024,1,left,8388608,533,0,0,0
dot,uniform_0_1,e1m14,16,1024,1,right,8388608,504,0,0,0
dot,uniform_0_1,e1m14,16,16384,1,left,134217728,8073,0,0,0
dot,uniform_0_1,e1m14,16,16384,1,right,134217728,8357,0,0,0
dot,uniform_0_1,e1m14,16,262144,1,left,2147483648,131390,0,0,0
dot,uniform_0_1,e1m14,16,262144,1,right,2147483648,130958,0,0,0
dot,uniform_0_1,e1m14,16,4194304,1,left,34359738368,2098649,0,0,0
dot,uniform_0_1,e1m14,16,4194304,1,right,34359738368,2095602,0,0,0
dot,normal_0_1,e1m14,16,1024,1,left,8388608,430,0,0,481
dot,normal_0_1,e1m14,16,1024,1,right,8388608,424,0,0,533
dot,normal_0_1,e1m14,16,16384,1,left,134217728,6429,0,0,8477
dot,normal_0_1,e1m14,16,16384,1,right,134217728,6695,0,0,8553
dot,normal_0_1,e1m14,16,262144,1,left,2147483648,104824,0,0,135798
dot,normal_0_1,e1m14,16,262144,1,right,2147483648,104719,0,0,135894
dot,normal_0_1,e1m14,16,4194304,1,left,34359738368,1672883,0,0,2176279
dot,normal_0_1,e1m14,16,4194304,1,right,34359738368,1673418,0,0,2179493
dot,uniform_0_1,e2m13,16,1024,1,left,8388608,533,0,0,0
dot,uniform_0_1,e2m13,16,1024,1,right,8388608,504,0,0,0
dot,uniform_0_1,e2m13,16,16384,1,left,134217728,8073,0,0,0
dot,uniform_0_1,e2m13,16,16384,1,right,134217728,8357,0,0,0
dot,uniform_0_1,e2m13,16,262144,1,left,2147483648,131390,0,0,0
dot,uniform_0_1,e2m13,16,262144,1,right,2147483648,130958,0,0,0
dot,uniform_0_1,e2m13,16,4194304,1,left,34359738368,2098649,0,0,0
dot,uniform_0_1,e2m13,16,4194304,1,right,34359738368,2095602,0,0,0
dot,normal_0_1,e2m13,16,1024,1,left,8388608,430,481,0,0
dot,normal_0_1,e2m13,16,1024,1,right,8388608,424,534,0,0
dot,normal_0_1,e2m13,16,16384,1,left,134217728,6429,8481,0,0
dot,normal_0_1,e2m13,16,16384,1,right,134217728,6695,8557,0,0
dot,normal_0_1,e2m13,16,262144,1,left,2147483648,104824,135825,0,0
dot,normal_0_1,e2m13,16,262144,1,right,2147483648,104719,135925,0,0
dot,normal_0_1,e2m13,16,4194304,1,left,34359738368,1672883,2176864,0,0
dot,normal_0_1,e2m13,16,4194304,1,right,34359738368,1673418,2180049,0,0
dot,uniform_0_1,e3m12,16,1024,1,left,8388608,277,0,0,0
dot,uniform_0_1,e3m12,16,1024,1,right,8388608,228,0,0,0
dot,uniform_0_1,e3m12,16,16384,1,left,134217728,3994,0,0,0
dot,uniform_0_1,e3m12,16,16384,1,right,134217728,4152,0,0,0
dot,uniform_0_1,e3m12,16,262144,1,left,2147483648,65685,0,0,0
dot,uniform_0_1,e3m12,16,262144,1,right,2147483648,65752,0,0,0
dot,uniform_0_1,e3m12,16,4194304,1,left,34359738368,1048510,0,0,0
dot,uniform_0_1,e3m12,16,4194304,1,right,34359738368,1048189,0,0,0
dot,normal_0_1,e3m12,16,1024,1,left,8388608,206,0,0,0
dot,normal_0_1,e3m12,16,1024,1,right,8388608,219,0,0,0
dot,normal_0_1,e3m12,16,16384,1,left,134217728,3224,0,0,0
dot,normal_0_1,e3m12,16,16384,1,right,134217728,3234,0,0,0
dot,normal_0_1,e3m12,16,262144,1,left,2147483648,52179,0,0,0
dot,normal_0_1,e3m12,16,262144,1,right,2147483648,51970,0,0,0
dot,normal_0_1,e3m12,16,4194304,1,left,34359738368,836739,0,0,0
dot,normal_0_1,e3m12,16,4194304,1,right,34359738368,836065,0,0,0
dot,uniform_0_1,fp16_e5m10,16,1024,1,left,8388608,0,0,0,0
dot,uniform_0_1,fp16_e5m10,16,1024,1,right,8388608,0,0,0,0
dot,uniform_0_1,fp16_e5m10,16,16384,1,left,134217728,4,0,0,0
dot,uniform_0_1,fp16_e5m10,16,16384,1,right,134217728,3,0,0,0
dot,uniform_0_1,fp16_e5m10,16,262144,1,left,2147483648,66,0,0,0
dot,uniform_0_1,fp16_e5m10,16,262144,1,right,2147483648,66,0,0,0
dot,uniform_0_1,fp16_e5m10,16,4194304,1,left,34359738368,1048,0,0,0
dot,uniform_0_1,fp16_e5m10,16,4194304,1,right,34359738368,1015,0,0,0
dot,normal_0_1,fp16_e5m10,16,1024,1,left,8388608,0,0,0,0
dot,normal_0_1,fp16_e5m10,16,1024,1,right,8388608,1,0,0,0
dot,normal_0_1,fp16_e5m10,16,16384,1,left,134217728,5,0,0,0
dot,normal_0_1,fp16_e5m10,16,16384,1,right,134217728,1,0,0,0
dot,normal_0_1,fp16_e5m10,16,262144,1,left,2147483648,55,0,0,0
dot,normal_0_1,fp16_e5m10,16,262144,1,right,2147483648,47,0,0,0
dot,normal_0_1,fp16_e5m10,16,4194304,1,left,34359738368,844,0,0,0
dot,normal_0_1,fp16_e5m10,16,4194304,1,right,34359738368,771,0,0,0
dot,uniform_0_1,bf16_e8m7,16,1024,1,left,8388608,0,0,0,0
dot,uniform_0_1,bf16_e8m7,16,1024,1,right,8388608,0,0,0,0
dot,uniform_0_1,bf16_e8m7,16,16384,1,left,134217728,0,0,0,0
dot,uniform_0_1,bf16_e8m7,16,16384,1,right,134217728,0,0,0,0
dot,uniform_0_1,bf16_e8m7,16,262144,1,left,2147483648,0,0,0,0
dot,uniform_0_1,bf16_e8m7,16,262144,1,right,2147483648,0,0,0,0
dot,uniform_0_1,bf16_e8m7,16,4194304,1,left,34359738368,0,0,0,0
dot,uniform_0_1,bf16_e8m7,16,4194304,1,right,34359738368,0,0,0,0
dot,normal_0_1,bf16_e8m7,16,1024,1,left,8388608,0,0,0,0
dot,normal_0_1,bf16_e8m7,16,1024,1,right,8388608,0,0,0,0
dot,normal_0_1,bf16_e8m7,16,16384,1,left,134217728,0,0,0,0
dot,normal_0_1,bf16_e8m7,16,16384,1,right,134217728,0,0,0,0
dot,normal_0_1,bf16_e8m7,16,262144,1,left,2147483648,0,0,0,0
dot,normal_0_1,bf16_e8m7,16,262144,1,right,2147483648,0,0,0,0
dot,normal_0_1,bf16_e8m7,16,4194304,1,left,34359738368,0,0,0,0
dot,normal_0_1,bf16_e8m7,16,4194304,1,right,34359738368,0,0,0,0
dot,uniform_0_1,e11m4,16,1024,1,left,8388608,0,0,0,0
dot,uniform_0_1,e11m4,16,1024,1,right,8388608,0,0,0,0
dot,uniform_0_1,e11m4,16,16384,1,left,134217728,0,0,0,0
dot,uniform_0_1,e11m4,16,16384,1,right,134217728,0,0,0,0
dot,uniform_0_1,e11m4,16,262144,1,left,2147483648,0,0,0,0
dot,uniform_0_1,e11m4,16,262144,1,right,2147483648,0,0,0,0
dot,uniform_0_1,e11m4,16,4194304,1,left,34359738368,0,0,0,0
dot,uniform_0_1,e11m4,16,4194304,1,right,34359738368,0,0,0,0
dot,normal_0_1,e11m4,16,1024,1,left,8388608,0,0,0,0
dot,normal_0_1,e11m4,16,1024,1,right,8388608,0,0,0,0
dot,normal_0_1,e11m4,16,16384,1,left,134217728,0,0,0,0
dot,normal_0_1,e11m4,16,16384,1,right,134217728,0,0,0,0
dot,normal_0_1,e11m4,16,262144,1,left,2147483648,0,0,0,0
dot,normal_0_1,e11m4,16,262144,1,right,2147483648,0,0,0,0
dot,normal_0_1,e11m4,16,4194304,1,left,34359738368,0,0,0,0
dot,normal_0_1,e11m4,16,4194304,1,right,34359738368,0,0,0,0
dot,uniform_0_1,e1m30,32,1024,1,left,8388608,0,0,0,0
dot,uniform_0_1,e1m30,32,1024,1,right,8388608,0,0,0,0
dot,uniform_0_1,e1m30,32,16384,1,left,134217728,0,0,0,0
dot,uniform_0_1,e1m30,32,16384,1,right,134217728,0,0,0,0
dot,uniform_0_1,e1m30,32,262144,1,left,2147483648,2,0,0,0
dot,uniform_0_1,e1m30,32,262144,1,right,2147483648,3,0,0,0
dot,uniform_0_1,e1m30,32,4194304,1,left,34359738368,35,0,0,0
dot,uniform_0_1,e1m30,32,4194304,1,right,34359738368,39,0,0,0
dot,normal_0_1,e1m30,32,1024,1,left,8388608,0,0,0,481
dot,normal_0_1,e1m30,32,1024,1,right,8388608,0,0,0,533
dot,normal_0_1,e1m30,32,16384,1,left,134217728,0,0,0,8475
dot,normal_0_1,e1m30,32,16384,1,right,134217728,0,0,0,8547
dot,normal_0_1,e1m30,32,262144,1,left,2147483648,0,0,0,135767
dot,normal_0_1,e1m30,32,262144,1,right,2147483648,4,0,0,135861
dot,normal_0_1,e1m30,32,4194304,1,left,34359738368,24,0,0,2175680
dot,normal_0_1,e1m30,32,4194304,1,right,34359738368,23,0,0,2178889
dot,uniform_0_1,e2m29,32,1024,1,left,8388608,0,0,0,0
dot,uniform_0_1,e2m29,32,1024,1,right,8388608,0,0,0,0
dot,uniform_0_1,e2m29,32,16384,1,left,134217728,0,0,0,0
dot,uniform_0_1,e2m29,32,16384,1,right,134217728,0,0,0,0
dot,uniform_0_1,e2m29,32,262144,1,left,2147483648,2,0,0,0
dot,uniform_0_1,e2m29,32,262144,1,right,2147483648,3,0,0,0
dot,uniform_0_1,e2m29,32,4194304,1,left,34359738368,35,0,0,0
dot,uniform_0_1,e2m29,32,4194304,1,right,34359738368,39,0,0,0
dot,normal_0_1,e2m29,32,1024,1,left,8388608,0,481,0,0
dot,normal_0_1,e2m29,32,1024,1,right,8388608,0,533,0,0
dot,normal_0_1,e2m29,32,16384,1,left,134217728,0,8475,0,0
dot,normal_0_1,e2m29,32,16384,1,right,134217728,0,8547,0,0
dot,normal_0_1,e2m29,32,262144,1,left,2147483648,0,135767,0,0
dot,normal_0_1,e2m29,32,262144,1,right,2147483648,4,135861,0,0
dot,normal_0_1,e2m29,32,4194304,1,left,34359738368,24,2175680,0,0
dot,normal_0_1,e2m29,32,4194304,1,right,34359738368,23,2178889,0,0
dot,uniform_0_1,e3m28,32,1024,1,left,8388608,0,0,0,0
dot,uniform_0_1,e3m28,32,1024,1,right,8388608,0,0,0,0
dot,uniform_0_1,e3m28,32,16384,1,left,134217728,0,0,0,0
dot,uniform_0_1,e3m28,32,16384,1,right,134217728,0,0,0,0
dot,uniform_0_1,e3m28,32,262144,1,left,2147483648,1,0,0,0
dot,uniform_0_1,e3m28,32,262144,1,right,2147483648,0,0,0,0
dot,uniform_0_1,e3m28,32,4194304,1,left,34359738368,19,0,0,0
dot,uniform_0_1,e3m28,32,4194304,1,right,34359738368,17,0,0,0
dot,normal_0_1,e3m28,32,1024,1,left,8388608,0,0,0,0
dot,normal_0_1,e3m28,32,1024,1,right,8388608,0,0,0,0
dot,normal_0_1,e3m28,32,16384,1,left,134217728,0,0,0,0
dot,normal_0_1,e3m28,32,16384,1,right,134217728,0,0,0,0
dot,normal_0_1,e3m28,32,262144,1,left,2147483648,0,0,0,0
dot,normal_0_1,e3m28,32,262144,1,right,2147483648,2,0,0,0
dot,normal_0_1,e3m28,32,4194304,1,left,34359738368,13,0,0,0
dot,normal_0_1,e3m28,32,4194304,1,right,34359738368,16,0,0,0
dot,uniform_0_1,fp32_e8m23,32,1024,1,left,8388608,0,0,0,0
dot,uniform_0_1,fp32_e8m23,32,1024,1,right,8388608,0,0,0,0
dot,uniform_0_1,fp32_e8m23,32,16384,1,left,134217728,0,0,0,0
dot,uniform_0_1,fp32_e8m23,32,16384,1,right,134217728,0,0,0,0
dot,uniform_0_1,fp32_e8m23,32,262144,1,left,2147483648,0,0,0,0
dot,uniform_0_1,fp32_e8m23,32,262144,1,right,2147483648,0,0,0,0
dot,uniform_0_1,fp32_e8m23,32,4194304,1,left,34359738368,0,0,0,0
dot,uniform_0_1,fp32_e8m23,32,4194304,1,right,34359738368,0,0,0,0
dot,normal_0_1,fp32_e8m23,32,1024,1,left,8388608,0,0,0,0
dot,normal_0_1,fp32_e8m23,32,1024,1,right,8388608,0,0,0,0
dot,normal_0_1,fp32_e8m23,32,16384,1,left,134217728,0,0,0,0
dot,normal_0_1,fp32_e8m23,32,16384,1,right,134217728,0,0,0,0
dot,normal_0_1,fp32_e8m23,32,262144,1,left,2147483648,0,0,0,0
dot,normal_0_1,fp32_e8m23,32,262144,1,right,2147483648,0,0,0,0
dot,normal_0_1,fp32_e8m23,32,4194304,1,left,34359738368,0,0,0,0
dot,normal_0_1,fp32_e8m23,32,4194304,1,right,34359738368,0,0,0,0
dot,uniform_0_1,e11m20,32,1024,1,left,8388608,0,0,0,0
dot,uniform_0_1,e11m20,32,1024,1,right,8388608,0,0,0,0
dot,uniform_0_1,e11m20,32,16384,1,left,134217728,0,0,0,0
dot,uniform_0_1,e11m20,32,16384,1,right,134217728,0,0,0,0
dot,uniform_0_1,e11m20,32,262144,1,left,2147483648,0,0,0,0
dot,uniform_0_1,e11m20,32,262144,1,right,2147483648,0,0,0,0
dot,uniform_0_1,e11m20,32,4194304,1,left,34359738368,0,0,0,0
dot,uniform_0_1,e11m20,32,4194304,1,right,34359738368,0,0,0,0
dot,normal_0_1,e11m20,32,1024,1,left,8388608,0,0,0,0
dot,normal_0_1,e11m20,32,1024,1,right,8388608,0,0,0,0
dot,normal_0_1,e11m20,32,16384,1,left,134217728,0,0,0,0
dot,normal_0_1,e11m20,32,16384,1,right,134217728,0,0,0,0
dot,normal_0_1,e11m20,32,262144,1,left,2147483648,0,0,0,0
dot,normal_0_1,e11m20,32,262144,1,right,2147483648,0,0,0,0
dot,normal_0_1,e11m20,32,4194304,1,left,34359738368,0,0,0,0
dot,normal_0_1,e11m20,32,4194304,1,right,34359738368,0,0,0,0
dot,uniform_0_1,fp64_e11m52,64,1024,1,left,8388608,0,0,0,0
dot,uniform_0_1,fp64_e11m52,64,1024,1,right,8388608,0,0,0,0
dot,uniform_0_1,fp64_e11m52,64,16384,1,left,134217728,0,0,0,0
dot,uniform_0_1,fp64_e11m52,64,16384,1,right,134217728,0,0,0,0
dot,uniform_0_1,fp64_e11m52,64,262144,1,left,2147483648,0,0,0,0
dot,uniform_0_1,fp64_e11m52,64,262144,1,right,2147483648,0,0,0,0
dot,uniform_0_1,fp64_e11m52,64,4194304,1,left,34359738368,0,0,0,0
dot,uniform_0_1,fp64_e11m52,64,4194304,1,right,34359738368,0,0,0,0
dot,normal_0_1,fp64_e11m52,64,1024,1,left,8388608,0,0,0,0
dot,normal_0_1,fp64_e11m52,64,1024,1,right,8388608,0,0,0,0
dot,normal_0_1,fp64_e11m52,64,16384,1,left,134217728,0,0,0,0
dot,normal_0_1,fp64_e11m52,64,16384,1,right,134217728,0,0,0,0
dot,normal_0_1,fp64_e11m52,64,262144,1,left,2147483648,0,0,0,0
dot,normal_0_1,fp64_e11m52,64,262144,1,right,2147483648,0,0,0,0
dot,normal_0_1,fp64_e11m52,64,4194304,1,left,34359738368,0,0,0,0
dot,normal_0_1,fp64_e11m52,64,4194304,1,right,34359738368,0,0,0,0
gemv,uniform_0_1,e1m6,8,256,1024,matrix,4194304,65427,0,0,0
gemv,uniform_0_1,e1m6,8,256,1024,vector,4096,75,0,0,0
gemv,uniform_0_1,e1m6,8,1024,1024,matrix,16777216,261693,0,0,0
gemv,uniform_0_1,e1m6,8,1024,1024,vector,16384,262,0,0,0
gemv,uniform_0_1,e1m6,8,4096,1024,matrix,67108864,1049105,0,0,0
gemv,uniform_0_1,e1m6,8,4096,1024,vector,65536,988,0,0,0
gemv,uniform_0_1,e1m6,8,16384,1024,matrix,268435456,4198039,0,0,0
gemv,uniform_0_1,e1m6,8,16384,1024,vector,262144,4146,0,0,0
gemv,uniform_0_1,e1m6,8,65536,1024,matrix,1073741824,16775017,0,0,0
gemv,uniform_0_1,e1m6,8,65536,1024,vector,1048576,16252,0,0,0
gemv,normal_0_1,e1m6,8,256,1024,matrix,4194304,51945,0,0,290
gemv,normal_0_1,e1m6,8,256,1024,vector,4096,51,0,0,0
gemv,normal_0_1,e1m6,8,1024,1024,matrix,16777216,208399,0,0,1165
gemv,normal_0_1,e1m6,8,1024,1024,vector,16384,205,0,0,1
gemv,normal_0_1,e1m6,8,4096,1024,matrix,67108864,835380,0,0,4481
gemv,normal_0_1,e1m6,8,4096,1024,vector,65536,817,0,0,8
gemv,normal_0_1,e1m6,8,16384,1024,matrix,268435456,3344987,0,0,18108
gemv,normal_0_1,e1m6,8,16384,1024,vector,262144,3218,0,0,13
gemv,normal_0_1,e1m6,8,65536,1024,matrix,1073741824,13384228,0,0,72732
gemv,normal_0_1,e1m6,8,65536,1024,vector,1048576,13233,0,0,68
gemv,uniform_0_1,e2m5,8,256,1024,matrix,4194304,65427,0,0,0
gemv,uniform_0_1,e2m5,8,256,1024,vector,4096,75,0,0,0
gemv,uniform_0_1,e2m5,8,1024,1024,matrix,16777216,261693,0,0,0
gemv,uniform_0_1,e2m5,8,1024,1024,vector,16384,262,0,0,0
gemv,uniform_0_1,e2m5,8,4096,1024,matrix,67108864,1049105,0,0,0
gemv,uniform_0_1,e2m5,8,4096,1024,vector,65536,988,0,0,0
gemv,uniform_0_1,e2m5,8,16384,1024,matrix,268435456,4198039,0,0,0
gemv,uniform_0_1,e2m5,8,16384,1024,vector,262144,4146,0,0,0
gemv,uniform_0_1,e2m5,8,65536,1024,matrix,1073741824,16775017,0,0,0
gemv,uniform_0_1,e2m5,8,65536,1024,vector,1048576,16252,0,0,0
gemv,normal_0_1,e2m5,8,256,1024,matrix,4194304,51945,304,0,0
gemv,normal_0_1,e2m5,8,256,1024,vector,4096,51,0,0,0
gemv,normal_0_1,e2m5,8,1024,1024,matrix,16777216,208399,1239,0,0
gemv,normal_0_1,e2m5,8,1024,1024,vector,16384,205,1,0,0
gemv,normal_0_1,e2m5,8,4096,1024,matrix,67108864,835380,4779,0,0
gemv,normal_0_1,e2m5,8,4096,1024,vector,65536,817,9,0,0
gemv,normal_0_1,e2m5,8,16384,1024,matrix,268435456,3344987,19370,0,0
gemv,normal_0_1,e2m5,8,16384,1024,vector,262144,3218,16,0,0
gemv,normal_0_1,e2m5,8,65536,1024,matrix,1073741824,13384228,77566,0,0
gemv,normal_0_1,e2m5,8,65536,1024,vector,1048576,13233,72,0,0
gemv,uniform_0_1,e3m4,8,256,1024,matrix,4194304,32631,0,0,0
gemv,uniform_0_1,e3m4,8,256,1024,vector,4096,35,0,0,0
gemv,uniform_0_1,e3m4,8,1024,1024,matrix,16777216,130928,0,0,0
gemv,uniform_0_1,e3m4,8,1024,1024,vector,16384,131,0,0,0
gemv,uniform_0_1,e3m4,8,4096,1024,matrix,67108864,524741,0,0,0
gemv,uniform_0_1,e3m4,8,4096,1024,vector,65536,478,0,0,0
gemv,uniform_0_1,e3m4,8,16384,1024,matrix,268435456,2099594,0,0,0
gemv,uniform_0_1,e3m4,8,16384,1024,vector,262144,2035,0,0,0
gemv,uniform_0_1,e3m4,8,65536,1024,matrix,1073741824,8387277,0,0,0
gemv,uniform_0_1,e3m4,8,65536,1024,vector,1048576,8094,0,0,0
gemv,normal_0_1,e3m4,8,256,1024,matrix,4194304,26062,0,0,0
gemv,normal_0_1,e3m4,8,256,1024,vector,4096,30,0,0,0
gemv,normal_0_1,e3m4,8,1024,1024,matrix,16777216,104440,0,0,0
gemv,normal_0_1,e3m4,8,1024,1024,vector,16384,100,0,0,0
gemv,normal_0_1,e3m4,8,4096,1024,matrix,67108864,418029,0,0,0
gemv,normal_0_1,e3m4,8,4096,1024,vector,65536,412,0,0,0
gemv,normal_0_1,e3m4,8,16384,1024,matrix,268435456,1671746,0,0,0
gemv,normal_0_1,e3m4,8,16384,1024,vector,262144,1604,0,0,0
gemv,normal_0_1,e3m4,8,65536,1024,matrix,1073741824,6695024,0,0,0
gemv,normal_0_1,e3m4,8,65536,1024,vector,1048576,6582,0,0,0
gemv,uniform_0_1,fp8_e4m3,8,256,1024,matrix,4194304,4142,0,0,0
gemv,uniform_0_1,fp8_e4m3,8,256,1024,vector,4096,6,0,0,0
gemv,uniform_0_1,fp8_e4m3,8,1024,1024,matrix,16777216,16328,0,0,0
gemv,uniform_0_1,fp8_e4m3,8,1024,1024,vector,16384,12,0,0,0
gemv,uniform_0_1,fp8_e4m3,8,4096,1024,matrix,67108864,65661,0,0,0
gemv,uniform_0_1,fp8_e4m3,8,4096,1024,vector,65536,69,0,0,0
gemv,uniform_0_1,fp8_e4m3,8,16384,1024,matrix,268435456,262466,0,0,0
gemv,uniform_0_1,fp8_e4m3,8,16384,1024,vector,262144,263,0,0,0
gemv,uniform_0_1,fp8_e4m3,8,65536,1024,matrix,1073741824,1048126,0,0,0
gemv,uniform_0_1,fp8_e4m3,8,65536,1024,vector,1048576,951,0,0,0
gemv,normal_0_1,fp8_e4m3,8,256,1024,matrix,4194304,3269,0,0,0
gemv,normal_0_1,fp8_e4m3,8,256,1024,vector,4096,3,0,0,0
gemv,normal_0_1,fp8_e4m3,8,1024,1024,matrix,16777216,13106,0,0,0
gemv,normal_0_1,fp8_e4m3,8,1024,1024,vector,16384,14,0,0,0
gemv,normal_0_1,fp8_e4m3,8,4096,1024,matrix,67108864,52236,0,0,0
gemv,normal_0_1,fp8_e4m3,8,4096,1024,vector,65536,50,0,0,0
gemv,normal_0_1,fp8_e4m3,8,16384,1024,matrix,268435456,208777,0,0,0
gemv,normal_0_1,fp8_e4m3,8,16384,1024,vector,262144,203,0,0,0
gemv,normal_0_1,fp8_e4m3,8,65536,1024,matrix,1073741824,836725,0,0,0
gemv,normal_0_1,fp8_e4m3,8,65536,1024,vector,1048576,816,0,0,0
gemv,uniform_0_1,fp8_e5m2,8,256,1024,matrix,4194304,37,0,0,0
gemv,uniform_0_1,fp8_e5m2,8,256,1024,vector,4096,0,0,0,0
gemv,uniform_0_1,fp8_e5m2,8,1024,1024,matrix,16777216,142,0,0,0
gemv,uniform_0_1,fp8_e5m2,8,1024,1024,vector,16384,0,0,0,0
gemv,uniform_0_1,fp8_e5m2,8,4096,1024,matrix,67108864,512,0,0,0
gemv,uniform_0_1,fp8_e5m2,8,4096,1024,vector,65536,1,0,0,0
gemv,uniform_0_1,fp8_e5m2,8,16384,1024,matrix,268435456,1997,0,0,0
gemv,uniform_0_1,fp8_e5m2,8,16384,1024,vector,262144,0,0,0,0
gemv,uniform_0_1,fp8_e5m2,8,65536,1024,matrix,1073741824,8036,0,0,0
gemv,uniform_0_1,fp8_e5m2,8,65536,1024,vector,1048576,6,0,0,0
gemv,normal_0_1,fp8_e5m2,8,256,1024,matrix,4194304,15,0,0,0
gemv,normal_0_1,fp8_e5m2,8,256,1024,vector,4096,0,0,0,0
gemv,normal_0_1,fp8_e5m2,8,1024,1024,matrix,16777216,108,0,0,0
gemv,normal_0_1,fp8_e5m2,8,1024,1024,vector,16384,0,0,0,0
gemv,normal_0_1,fp8_e5m2,8,4096,1024,matrix,67108864,395,0,0,0
gemv,normal_0_1,fp8_e5m2,8,4096,1024,vector,65536,0,0,0,0
gemv,normal_0_1,fp8_e5m2,8,16384,1024,matrix,268435456,1570,0,0,0
gemv,normal_0_1,fp8_e5m2,8,16384,1024,vector,262144,2,0,0,0
gemv,normal_0_1,fp8_e5m2,8,65536,1024,matrix,1073741824,6545,0,0,0
gemv,normal_0_1,fp8_e5m2,8,65536,1024,vector,1048576,3,0,0,0
gemv,uniform_0_1,e1m14,16,256,1024,matrix,4194304,290,0,0,0
gemv,uniform_0_1,e1m14,16,256,1024,vector,4096,1,0,0,0
gemv,uniform_0_1,e1m14,16,1024,1024,matrix,16777216,970,0,0,0
gemv,uniform_0_1,e1m14,16,1024,1024,vector,16384,0,0,0,0
gemv,uniform_0_1,e1m14,16,4096,1024,matrix,67108864,4218,0,0,0
gemv,uniform_0_1,e1m14,16,4096,1024,vector,65536,3,0,0,0
gemv,uniform_0_1,e1m14,16,16384,1024,matrix,268435456,16430,0,0,0
gemv,uniform_0_1,e1m14,16,16384,1024,vector,262144,13,0,0,0
gemv,uniform_0_1,e1m14,16,65536,1024,matrix,1073741824,65823,0,0,0
gemv,uniform_0_1,e1m14,16,65536,1024,vector,1048576,47,0,0,0
gemv,normal_0_1,e1m14,16,256,1024,matrix,4194304,198,0,0,269
gemv,normal_0_1,e1m14,16,256,1024,vector,4096,0,0,0,0
gemv,normal_0_1,e1m14,16,1024,1024,matrix,16777216,812,0,0,1091
gemv,normal_0_1,e1m14,16,1024,1024,vector,16384,1,0,0,1
gemv,normal_0_1,e1m14,16,4096,1024,matrix,67108864,3318,0,0,4188
gemv,normal_0_1,e1m14,16,4096,1024,vector,65536,2,0,0,6
gemv,normal_0_1,e1m14,16,16384,1024,matrix,268435456,13098,0,0,16982
gemv,normal_0_1,e1m14,16,16384,1024,vector,262144,18,0,0,11
gemv,normal_0_1,e1m14,16,65536,1024,matrix,1073741824,52683,0,0,68058
gemv,normal_0_1,e1m14,16,65536,1024,vector,1048576,49,0,0,65
gemv,uniform_0_1,e2m13,16,256,1024,matrix,4194304,290,0,0,0
gemv,uniform_0_1,e2m13,16,256,1024,vector,4096,1,0,0,0
gemv,uniform_0_1,e2m13,16,1024,1024,matrix,16777216,970,0,0,0
gemv,uniform_0_1,e2m13,16,1024,1024,vector,16384,0,0,0,0
gemv,uniform_0_1,e2m13,16,4096,1024,matrix,67108864,4218,0,0,0
gemv,uniform_0_1,e2m13,16,4096,1024,vector,65536,3,0,0,0
gemv,uniform_0_1,e2m13,16,16384,1024,matrix,268435456,16430,0,0,0
gemv,uniform_0_1,e2m13,16,16384,1024,vector,262144,13,0,0,0
gemv,uniform_0_1,e2m13,16,65536,1024,matrix,1073741824,65823,0,0,0
gemv,uniform_0_1,e2m13,16,65536,1024,vector,1048576,47,0,0,0
gemv,normal_0_1,e2m13,16,256,1024,matrix,4194304,198,269,0,0
gemv,normal_0_1,e2m13,16,256,1024,vector,4096,0,0,0,0
gemv,normal_0_1,e2m13,16,1024,1024,matrix,16777216,812,1091,0,0
gemv,normal_0_1,e2m13,16,1024,1024,vector,16384,1,1,0,0
gemv,normal_0_1,e2m13,16,4096,1024,matrix,67108864,3318,4189,0,0
gemv,normal_0_1,e2m13,16,4096,1024,vector,65536,2,6,0,0
gemv,normal_0_1,e2m13,16,16384,1024,matrix,268435456,13098,16988,0,0
gemv,normal_0_1,e2m13,16,16384,1024,vector,262144,18,11,0,0
gemv,normal_0_1,e2m13,16,65536,1024,matrix,1073741824,52683,68078,0,0
gemv,normal_0_1,e2m13,16,65536,1024,vector,1048576,49,65,0,0
gemv,uniform_0_1,e3m12,16,256,1024,matrix,4194304,129,0,0,0
gemv,uniform_0_1,e3m12,16,256,1024,vector,4096,0,0,0,0
gemv,uniform_0_1,e3m12,16,1024,1024,matrix,16777216,504,0,0,0
gemv,uniform_0_1,e3m12,16,1024,1024,vector,16384,0,0,0,0
gemv,uniform_0_1,e3m12,16,4096,1024,matrix,67108864,2132,0,0,0
gemv,uniform_0_1,e3m12,16,4096,1024,vector,65536,2,0,0,0
gemv,uniform_0_1,e3m12,16,16384,1024,matrix,268435456,8196,0,0,0
gemv,uniform_0_1,e3m12,16,16384,1024,vector,262144,4,0,0,0
gemv,uniform_0_1,e3m12,16,65536,1024,matrix,1073741824,32823,0,0,0
gemv,uniform_0_1,e3m12,16,65536,1024,vector,1048576,25,0,0,0
gemv,normal_0_1,e3m12,16,256,1024,matrix,4194304,90,0,0,0
gemv,normal_0_1,e3m12,16,256,1024,vector,4096,0,0,0,0
gemv,normal_0_1,e3m12,16,1024,1024,matrix,16777216,422,0,0,0
gemv,normal_0_1,e3m12,16,1024,1024,vector,16384,1,0,0,0
gemv,normal_0_1,e3m12,16,4096,1024,matrix,67108864,1610,0,0,0
gemv,normal_0_1,e3m12,16,4096,1024,vector,65536,1,0,0,0
gemv,normal_0_1,e3m12,16,16384,1024,matrix,268435456,6459,0,0,0
gemv,normal_0_1,e3m12,16,16384,1024,vector,262144,11,0,0,0
gemv,normal_0_1,e3m12,16,65536,1024,matrix,1073741824,26387,0,0,0
gemv,normal_0_1,e3m12,16,65536,1024,vector,1048576,21,0,0,0
gemv,uniform_0_1,fp16_e5m10,16,256,1024,matrix,4194304,0,0,0,0
gemv,uniform_0_1,fp16_e5m10,16,256,1024,vector,4096,0,0,0,0
gemv,uniform_0_1,fp16_e5m10,16,1024,1024,matrix,16777216,0,0,0,0
gemv,uniform_0_1,fp16_e5m10,16,1024,1024,vector,16384,0,0,0,0
gemv,uniform_0_1,fp16_e5m10,16,4096,1024,matrix,67108864,1,0,0,0
gemv,uniform_0_1,fp16_e5m10,16,4096,1024,vector,65536,0,0,0,0
gemv,uniform_0_1,fp16_e5m10,16,16384,1024,matrix,268435456,4,0,0,0
gemv,uniform_0_1,fp16_e5m10,16,16384,1024,vector,262144,0,0,0,0
gemv,uniform_0_1,fp16_e5m10,16,65536,1024,matrix,1073741824,32,0,0,0
gemv,uniform_0_1,fp16_e5m10,16,65536,1024,vector,1048576,0,0,0,0
gemv,normal_0_1,fp16_e5m10,16,256,1024,matrix,4194304,0,0,0,0
gemv,normal_0_1,fp16_e5m10,16,256,1024,vector,4096,0,0,0,0
gemv,normal_0_1,fp16_e5m10,16,1024,1024,matrix,16777216,3,0,0,0
gemv,normal_0_1,fp16_e5m10,16,1024,1024,vector,16384,0,0,0,0
gemv,normal_0_1,fp16_e5m10,16,4096,1024,matrix,67108864,2,0,0,0
gemv,normal_0_1,fp16_e5m10,16,4096,1024,vector,65536,0,0,0,0
gemv,normal_0_1,fp16_e5m10,16,16384,1024,matrix,268435456,4,0,0,0
gemv,normal_0_1,fp16_e5m10,16,16384,1024,vector,262144,0,0,0,0
gemv,normal_0_1,fp16_e5m10,16,65536,1024,matrix,1073741824,24,0,0,0
gemv,normal_0_1,fp16_e5m10,16,65536,1024,vector,1048576,0,0,0,0
gemv,uniform_0_1,bf16_e8m7,16,256,1024,matrix,4194304,0,0,0,0
gemv,uniform_0_1,bf16_e8m7,16,256,1024,vector,4096,0,0,0,0
gemv,uniform_0_1,bf16_e8m7,16,1024,1024,matrix,16777216,0,0,0,0
gemv,uniform_0_1,bf16_e8m7,16,1024,1024,vector,16384,0,0,0,0
gemv,uniform_0_1,bf16_e8m7,16,4096,1024,matrix,67108864,0,0,0,0
gemv,uniform_0_1,bf16_e8m7,16,4096,1024,vector,65536,0,0,0,0
gemv,uniform_0_1,bf16_e8m7,16,16384,1024,matrix,268435456,0,0,0,0
gemv,uniform_0_1,bf16_e8m7,16,16384,1024,vector,262144,0,0,0,0
gemv,uniform_0_1,bf16_e8m7,16,65536,1024,matrix,1073741824,0,0,0,0
gemv,uniform_0_1,bf16_e8m7,16,65536,1024,vector,1048576,0,0,0,0
gemv,normal_0_1,bf16_e8m7,16,256,1024,matrix,4194304,0,0,0,0
gemv,normal_0_1,bf16_e8m7,16,256,1024,vector,4096,0,0,0,0
gemv,normal_0_1,bf16_e8m7,16,1024,1024,matrix,16777216,0,0,0,0
gemv,normal_0_1,bf16_e8m7,16,1024,1024,vector,16384,0,0,0,0
gemv,normal_0_1,bf16_e8m7,16,4096,1024,matrix,67108864,0,0,0,0
gemv,normal_0_1,bf16_e8m7,16,4096,1024,vector,65536,0,0,0,0
gemv,normal_0_1,bf16_e8m7,16,16384,1024,matrix,268435456,0,0,0,0
gemv,normal_0_1,bf16_e8m7,16,16384,1024,vector,262144,0,0,0,0
gemv,normal_0_1,bf16_e8m7,16,65536,1024,matrix,1073741824,0,0,0,0
gemv,normal_0_1,bf16_e8m7,16,65536,1024,vector,1048576,0,0,0,0
gemv,uniform_0_1,e11m4,16,256,1024,matrix,4194304,0,0,0,0
gemv,uniform_0_1,e11m4,16,256,1024,vector,4096,0,0,0,0
gemv,uniform_0_1,e11m4,16,1024,1024,matrix,16777216,0,0,0,0
gemv,uniform_0_1,e11m4,16,1024,1024,vector,16384,0,0,0,0
gemv,uniform_0_1,e11m4,16,4096,1024,matrix,67108864,0,0,0,0
gemv,uniform_0_1,e11m4,16,4096,1024,vector,65536,0,0,0,0
gemv,uniform_0_1,e11m4,16,16384,1024,matrix,268435456,0,0,0,0
gemv,uniform_0_1,e11m4,16,16384,1024,vector,262144,0,0,0,0
gemv,uniform_0_1,e11m4,16,65536,1024,matrix,1073741824,0,0,0,0
gemv,uniform_0_1,e11m4,16,65536,1024,vector,1048576,0,0,0,0
gemv,normal_0_1,e11m4,16,256,1024,matrix,4194304,0,0,0,0
gemv,normal_0_1,e11m4,16,256,1024,vector,4096,0,0,0,0
gemv,normal_0_1,e11m4,16,1024,1024,matrix,16777216,0,0,0,0
gemv,normal_0_1,e11m4,16,1024,1024,vector,16384,0,0,0,0
gemv,normal_0_1,e11m4,16,4096,1024,matrix,67108864,0,0,0,0
gemv,normal_0_1,e11m4,16,4096,1024,vector,65536,0,0,0,0
gemv,normal_0_1,e11m4,16,16384,1024,matrix,268435456,0,0,0,0
gemv,normal_0_1,e11m4,16,16384,1024,vector,262144,0,0,0,0
gemv,normal_0_1,e11m4,16,65536,1024,matrix,1073741824,0,0,0,0
gemv,normal_0_1,e11m4,16,65536,1024,vector,1048576,0,0,0,0
gemv,uniform_0_1,e1m30,32,256,1024,matrix,4194304,0,0,0,0
gemv,uniform_0_1,e1m30,32,256,1024,vector,4096,0,0,0,0
gemv,uniform_0_1,e1m30,32,1024,1024,matrix,16777216,0,0,0,0
gemv,uniform_0_1,e1m30,32,1024,1024,vector,16384,0,0,0,0
gemv,uniform_0_1,e1m30,32,4096,1024,matrix,67108864,0,0,0,0
gemv,uniform_0_1,e1m30,32,4096,1024,vector,65536,0,0,0,0
gemv,uniform_0_1,e1m30,32,16384,1024,matrix,268435456,0,0,0,0
gemv,uniform_0_1,e1m30,32,16384,1024,vector,262144,0,0,0,0
gemv,uniform_0_1,e1m30,32,65536,1024,matrix,1073741824,0,0,0,0
gemv,uniform_0_1,e1m30,32,65536,1024,vector,1048576,0,0,0,0
gemv,normal_0_1,e1m30,32,256,1024,matrix,4194304,0,0,0,269
gemv,normal_0_1,e1m30,32,256,1024,vector,4096,0,0,0,0
gemv,normal_0_1,e1m30,32,1024,1024,matrix,16777216,0,0,0,1091
gemv,normal_0_1,e1m30,32,1024,1024,vector,16384,0,0,0,1
gemv,normal_0_1,e1m30,32,4096,1024,matrix,67108864,0,0,0,4186
gemv,normal_0_1,e1m30,32,4096,1024,vector,65536,0,0,0,6
gemv,normal_0_1,e1m30,32,16384,1024,matrix,268435456,1,0,0,16978
gemv,normal_0_1,e1m30,32,16384,1024,vector,262144,0,0,0,11
gemv,normal_0_1,e1m30,32,65536,1024,matrix,1073741824,2,0,0,68040
gemv,normal_0_1,e1m30,32,65536,1024,vector,1048576,0,0,0,65
gemv,uniform_0_1,e2m29,32,256,1024,matrix,4194304,0,0,0,0
gemv,uniform_0_1,e2m29,32,256,1024,vector,4096,0,0,0,0
gemv,uniform_0_1,e2m29,32,1024,1024,matrix,16777216,0,0,0,0
gemv,uniform_0_1,e2m29,32,1024,1024,vector,16384,0,0,0,0
gemv,uniform_0_1,e2m29,32,4096,1024,matrix,67108864,0,0,0,0
gemv,uniform_0_1,e2m29,32,4096,1024,vector,65536,0,0,0,0
gemv,uniform_0_1,e2m29,32,16384,1024,matrix,268435456,0,0,0,0
gemv,uniform_0_1,e2m29,32,16384,1024,vector,262144,0,0,0,0
gemv,uniform_0_1,e2m29,32,65536,1024,matrix,1073741824,0,0,0,0
gemv,uniform_0_1,e2m29,32,65536,1024,vector,1048576,0,0,0,0
gemv,normal_0_1,e2m29,32,256,1024,matrix,4194304,0,269,0,0
gemv,normal_0_1,e2m29,32,256,1024,vector,4096,0,0,0,0
gemv,normal_0_1,e2m29,32,1024,1024,matrix,16777216,0,1091,0,0
gemv,normal_0_1,e2m29,32,1024,1024,vector,16384,0,1,0,0
gemv,normal_0_1,e2m29,32,4096,1024,matrix,67108864,0,4186,0,0
gemv,normal_0_1,e2m29,32,4096,1024,vector,65536,0,6,0,0
gemv,normal_0_1,e2m29,32,16384,1024,matrix,268435456,1,16978,0,0
gemv,normal_0_1,e2m29,32,16384,1024,vector,262144,0,11,0,0
gemv,normal_0_1,e2m29,32,65536,1024,matrix,1073741824,2,68040,0,0
gemv,normal_0_1,e2m29,32,65536,1024,vector,1048576,0,65,0,0
gemv,uniform_0_1,e3m28,32,256,1024,matrix,4194304,0,0,0,0
gemv,uniform_0_1,e3m28,32,256,1024,vector,4096,0,0,0,0
gemv,uniform_0_1,e3m28,32,1024,1024,matrix,16777216,0,0,0,0
gemv,uniform_0_1,e3m28,32,1024,1024,vector,16384,0,0,0,0
gemv,uniform_0_1,e3m28,32,4096,1024,matrix,67108864,0,0,0,0
gemv,uniform_0_1,e3m28,32,4096,1024,vector,65536,0,0,0,0
gemv,uniform_0_1,e3m28,32,16384,1024,matrix,268435456,0,0,0,0
gemv,uniform_0_1,e3m28,32,16384,1024,vector,262144,0,0,0,0
gemv,uniform_0_1,e3m28,32,65536,1024,matrix,1073741824,0,0,0,0
gemv,uniform_0_1,e3m28,32,65536,1024,vector,1048576,0,0,0,0
gemv,normal_0_1,e3m28,32,256,1024,matrix,4194304,0,0,0,0
gemv,normal_0_1,e3m28,32,256,1024,vector,4096,0,0,0,0
gemv,normal_0_1,e3m28,32,1024,1024,matrix,16777216,0,0,0,0
gemv,normal_0_1,e3m28,32,1024,1024,vector,16384,0,0,0,0
gemv,normal_0_1,e3m28,32,4096,1024,matrix,67108864,0,0,0,0
gemv,normal_0_1,e3m28,32,4096,1024,vector,65536,0,0,0,0
gemv,normal_0_1,e3m28,32,16384,1024,matrix,268435456,0,0,0,0
gemv,normal_0_1,e3m28,32,16384,1024,vector,262144,0,0,0,0
gemv,normal_0_1,e3m28,32,65536,1024,matrix,1073741824,1,0,0,0
gemv,normal_0_1,e3m28,32,65536,1024,vector,1048576,0,0,0,0
gemv,uniform_0_1,fp32_e8m23,32,256,1024,matrix,4194304,0,0,0,0
gemv,uniform_0_1,fp32_e8m23,32,256,1024,vector,4096,0,0,0,0
gemv,uniform_0_1,fp32_e8m23,32,1024,1024,matrix,16777216,0,0,0,0
gemv,uniform_0_1,fp32_e8m23,32,1024,1024,vector,16384,0,0,0,0
gemv,uniform_0_1,fp32_e8m23,32,4096,1024,matrix,67108864,0,0,0,0
gemv,uniform_0_1,fp32_e8m23,32,4096,1024,vector,65536,0,0,0,0
gemv,uniform_0_1,fp32_e8m23,32,16384,1024,matrix,268435456,0,0,0,0
gemv,uniform_0_1,fp32_e8m23,32,16384,1024,vector,262144,0,0,0,0
gemv,uniform_0_1,fp32_e8m23,32,65536,1024,matrix,1073741824,0,0,0,0
gemv,uniform_0_1,fp32_e8m23,32,65536,1024,vector,1048576,0,0,0,0
gemv,normal_0_1,fp32_e8m23,32,256,1024,matrix,4194304,0,0,0,0
gemv,normal_0_1,fp32_e8m23,32,256,1024,vector,4096,0,0,0,0
gemv,normal_0_1,fp32_e8m23,32,1024,1024,matrix,16777216,0,0,0,0
gemv,normal_0_1,fp32_e8m23,32,1024,1024,vector,16384,0,0,0,0
gemv,normal_0_1,fp32_e8m23,32,4096,1024,matrix,67108864,0,0,0,0
gemv,normal_0_1,fp32_e8m23,32,4096,1024,vector,65536,0,0,0,0
gemv,normal_0_1,fp32_e8m23,32,16384,1024,matrix,268435456,0,0,0,0
gemv,normal_0_1,fp32_e8m23,32,16384,1024,vector,262144,0,0,0,0
gemv,normal_0_1,fp32_e8m23,32,65536,1024,matrix,1073741824,0,0,0,0
gemv,normal_0_1,fp32_e8m23,32,65536,1024,vector,1048576,0,0,0,0
gemv,uniform_0_1,e11m20,32,256,1024,matrix,4194304,0,0,0,0
gemv,uniform_0_1,e11m20,32,256,1024,vector,4096,0,0,0,0
gemv,uniform_0_1,e11m20,32,1024,1024,matrix,16777216,0,0,0,0
gemv,uniform_0_1,e11m20,32,1024,1024,vector,16384,0,0,0,0
gemv,uniform_0_1,e11m20,32,4096,1024,matrix,67108864,0,0,0,0
gemv,uniform_0_1,e11m20,32,4096,1024,vector,65536,0,0,0,0
gemv,uniform_0_1,e11m20,32,16384,1024,matrix,268435456,0,0,0,0
gemv,uniform_0_1,e11m20,32,16384,1024,vector,262144,0,0,0,0
gemv,uniform_0_1,e11m20,32,65536,1024,matrix,1073741824,0,0,0,0
gemv,uniform_0_1,e11m20,32,65536,1024,vector,1048576,0,0,0,0
gemv,normal_0_1,e11m20,32,256,1024,matrix,4194304,0,0,0,0
gemv,normal_0_1,e11m20,32,256,1024,vector,4096,0,0,0,0
gemv,normal_0_1,e11m20,32,1024,1024,matrix,16777216,0,0,0,0
gemv,normal_0_1,e11m20,32,1024,1024,vector,16384,0,0,0,0
gemv,normal_0_1,e11m20,32,4096,1024,matrix,67108864,0,0,0,0
gemv,normal_0_1,e11m20,32,4096,1024,vector,65536,0,0,0,0
gemv,normal_0_1,e11m20,32,16384,1024,matrix,268435456,0,0,0,0
gemv,normal_0_1,e11m20,32,16384,1024,vector,262144,0,0,0,0
gemv,normal_0_1,e11m20,32,65536,1024,matrix,1073741824,0,0,0,0
gemv,normal_0_1,e11m20,32,65536,1024,vector,1048576,0,0,0,0
gemv,uniform_0_1,fp64_e11m52,64,256,1024,matrix,4194304,0,0,0,0
gemv,uniform_0_1,fp64_e11m52,64,256,1024,vector,4096,0,0,0,0
gemv,uniform_0_1,fp64_e11m52,64,1024,1024,matrix,16777216,0,0,0,0
gemv,uniform_0_1,fp64_e11m52,64,1024,1024,vector,16384,0,0,0,0
gemv,uniform_0_1,fp64_e11m52,64,4096,1024,matrix,67108864,0,0,0,0
gemv,uniform_0_1,fp64_e11m52,64,4096,1024,vector,65536,0,0,0,0
gemv,uniform_0_1,fp64_e11m52,64,16384,1024,matrix,268435456,0,0,0,0
gemv,uniform_0_1,fp64_e11m52,64,16384,1024,vector,262144,0,0,0,0
gemv,uniform_0_1,fp64_e11m52,64,65536,1024,matrix,1073741824,0,0,0,0
gemv,uniform_0_1,fp64_e11m52,64,65536,1024,vector,1048576,0,0,0,0
gemv,normal_0_1,fp64_e11m52,64,256,1024,matrix,4194304,0,0,0,0
gemv,normal_0_1,fp64_e11m52,64,256,1024,vector,4096,0,0,0,0
gemv,normal_0_1,fp64_e11m52,64,1024,1024,matrix,16777216,0,0,0,0
gemv,normal_0_1,fp64_e11m52,64,1024,1024,vector,16384,0,0,0,0
gemv,normal_0_1,fp64_e11m52,64,4096,1024,matrix,67108864,0,0,0,0
gemv,normal_0_1,fp64_e11m52,64,4096,1024,vector,65536,0,0,0,0
gemv,normal_0_1,fp64_e11m52,64,16384,1024,matrix,268435456,0,0,0,0
gemv,normal_0_1,fp64_e11m52,64,16384,1024,vector,262144,0,0,0,0
gemv,normal_0_1,fp64_e11m52,64,65536,1024,matrix,1073741824,0,0,0,0
gemv,normal_0_1,fp64_e11m52,64,65536,1024,vector,1048576,0,0,0,0
