kernel,distribution,format,storage_bits,method,n,m,total_outputs,finite_outputs,predicted_mse,measured_mse,predicted_rmse,measured_rmse,mse_ratio_measured_to_predicted,mse_cluster_standard_error,mse_z_score,predicted_nonfinite_output_probability,measured_nonfinite_output_probability,nonfinite_probability_cluster_standard_error,nonfinite_probability_z_score,convergence_status
dot,uniform_0_1,e1m6,8,exact_cells,1024,1,8192,8192,0.05557929144965796,0.05583137057855057,0.23575260645358295,0.23628662801468595,1.0045354865511542,0.0010169642336144958,0.24787413417349713,0.0,0.0,0.0,nan,pass
dot,uniform_0_1,e1m6,8,exact_cells,16384,1,8192,8192,0.8892686631945274,0.9095908953362245,0.9430104258143318,0.9537247482037071,1.0228527474123439,0.013183546043291245,1.5414845197918956,0.0,0.0,0.0,nan,pass
dot,uniform_0_1,e1m6,8,exact_cells,262144,1,8192,8192,14.228298611112438,14.196046514694494,3.7720417032573272,3.767764126732789,0.9977332429337156,0.2282042132968783,-0.14132997788251075,0.0,0.0,0.0,nan,pass
dot,uniform_0_1,e1m6,8,exact_cells,4194304,1,8192,8192,227.652777777799,225.2618944033535,15.088166813029309,15.008727274601052,0.9894976753730669,3.007667557101309,-0.7949294026198037,0.0,0.0,0.0,nan,pass
dot,normal_0_1,e1m6,8,exact_cells,1024,1,8192,8192,0.18126627115438182,0.1786659245774701,0.42575376822100097,0.42268892175862627,0.9856545480835922,0.0031142069176293666,-0.8349947982554682,0.0,0.0,0.0,nan,pass
dot,normal_0_1,e1m6,8,exact_cells,16384,1,8192,8192,2.900260338470109,2.9076709497986317,1.7030150728840039,1.7051894175717348,1.0025551538357524,0.04782212531847846,0.15496198211958495,0.0,0.0,0.0,nan,pass
dot,normal_0_1,e1m6,8,exact_cells,262144,1,8192,8192,46.404165415521746,45.19314249671439,6.8120602915360156,6.722584510195047,0.9739027109320173,0.8442566365139142,-1.4344251101275174,0.0,0.0,0.0,nan,pass
dot,normal_0_1,e1m6,8,exact_cells,4194304,1,8192,8192,742.4666466483479,732.6793673101195,27.248241166144062,27.068050674367363,0.9868178868607629,10.94549600676759,-0.8941832633420183,0.0,0.0,0.0,nan,pass
dot,uniform_0_1,e2m5,8,exact_cells,1024,1,8192,8192,0.05557929144965796,0.05583137057855057,0.23575260645358295,0.23628662801468595,1.0045354865511542,0.0010169642336144958,0.24787413417349713,0.0,0.0,0.0,nan,pass
dot,uniform_0_1,e2m5,8,exact_cells,16384,1,8192,8192,0.8892686631945274,0.9095908953362245,0.9430104258143318,0.9537247482037071,1.0228527474123439,0.013183546043291245,1.5414845197918956,0.0,0.0,0.0,nan,pass
dot,uniform_0_1,e2m5,8,exact_cells,262144,1,8192,8192,14.228298611112438,14.196046514694494,3.7720417032573272,3.767764126732789,0.9977332429337156,0.2282042132968783,-0.14132997788251075,0.0,0.0,0.0,nan,pass
dot,uniform_0_1,e2m5,8,exact_cells,4194304,1,8192,8192,227.652777777799,225.2618944033535,15.088166813029309,15.008727274601052,0.9894976753730669,3.007667557101309,-0.7949294026198037,0.0,0.0,0.0,nan,pass
dot,normal_0_1,e2m5,8,exact_cells,1024,1,8192,7107,0.18913907157541351,0.18371263449701952,0.4349012204804828,0.4286171187633778,0.9713098037692843,0.0023243385732105524,-2.3346155938455153,0.13754701359593713,0.1324462890625,0.0036764540753364697,-1.3874033046286072,pass
dot,normal_0_1,e2m5,8,exact_cells,16384,1,8192,768,3.0262251452066162,3.155242725647052,1.7396048819219312,1.776300291518034,1.0426331730951324,0.15278185123422877,0.844456192919406,0.9062941109133913,0.90625,0.0028713530406012703,-0.01536241373581013,pass
dot,normal_0_1,e2m5,8,exact_cells,262144,1,8192,0,48.41960232330586,nan,6.958419527687725,nan,nan,nan,nan,1.0,1.0,0.0,nan,nonfinite_case
dot,normal_0_1,e2m5,8,exact_cells,4194304,1,8192,0,774.7136371728938,nan,27.8336781107509,nan,nan,nan,nan,1.0,1.0,0.0,nan,nonfinite_case
dot,uniform_0_1,e3m4,8,exact_cells,1024,1,8192,8192,0.03473149405585969,0.03469265426044848,0.18636387540470306,0.18625964206034673,0.9988817125071343,0.0005847307600426315,-0.06642338331641086,0.0,0.0,0.0,nan,pass
dot,uniform_0_1,e3m4,8,exact_cells,16384,1,8192,8192,0.555703904893755,0.5543149476991545,0.7454555016188122,0.7445233023211258,0.9975005444763501,0.008749487254503446,-0.15874726760538072,0.0,0.0,0.0,nan,pass
dot,uniform_0_1,e3m4,8,exact_cells,262144,1,8192,8192,8.89126247830008,8.969949964974777,2.981822006475249,2.9949874732584068,1.0088499790515397,0.10689224699650807,0.7361383906287229,0.0,0.0,0.0,nan,pass
dot,uniform_0_1,e3m4,8,exact_cells,4194304,1,8192,8192,142.26019965280128,141.60784850849615,11.927288025900996,11.899909600853956,0.9954143805091147,2.0797925075571935,-0.3136616474647001,0.0,0.0,0.0,nan,pass
dot,normal_0_1,e3m4,8,exact_cells,1024,1,8192,8192,0.3686293422151307,0.3649428945096592,0.607148533898527,0.6041050359909766,0.9899995814676085,0.004374805910054625,-0.8426540014035654,1.4065933309018286e-52,0.0,0.0,nan,pass
dot,normal_0_1,e3m4,8,exact_cells,16384,1,8192,8192,5.8980694754420915,5.883983425467891,2.428594135594108,2.425692360021751,0.9976117524500431,0.09696519947934495,-0.14526912799474145,2.2505493294429257e-51,0.0,0.0,nan,pass
dot,normal_0_1,e3m4,8,exact_cells,262144,1,8192,8192,94.36911160707346,94.96201121465356,9.714376542376431,9.744845366379785,1.006282771952424,1.319126273821316,0.44946387570808544,3.600878927108681e-50,0.0,0.0,nan,pass
dot,normal_0_1,e3m4,8,exact_cells,4194304,1,8192,8192,1509.9057857131754,1499.1967929719488,38.857506169505726,38.719462715434844,0.9929075093012055,26.468966787507874,-0.40458673083834973,5.76140628337389e-49,0.0,0.0,nan,pass
dot,uniform_0_1,fp8_e4m3,8,exact_cells,1024,1,8192,8192,0.12711104703334994,0.12540157994572734,0.35652636232591545,0.3541208549997124,0.9865513885101262,0.0018360448693089402,-0.9310595379218667,0.0,0.0,0.0,nan,pass
dot,uniform_0_1,fp8_e4m3,8,exact_cells,16384,1,8192,8192,2.033776752533599,2.0011410485113346,1.4261054493036618,1.4146169264190693,0.9839531531759284,0.03582891671275847,-0.9108761027832881,0.0,0.0,0.0,nan,pass
dot,uniform_0_1,fp8_e4m3,8,exact_cells,262144,1,8192,8192,32.540428040537584,33.01597924788642,5.704421797214647,5.745953293221797,1.0146141657004761,0.5438586059057813,0.8744022843158268,0.0,0.0,0.0,nan,pass
dot,uniform_0_1,fp8_e4m3,8,exact_cells,4194304,1,8192,8192,520.6468486486013,523.8095697625798,22.81768718885859,22.88688641476992,1.006074599552821,9.062087801229854,0.3490057902053489,0.0,0.0,0.0,nan,pass
dot,normal_0_1,fp8_e4m3,8,exact_cells,1024,1,8192,8192,1.442329557199902,1.426197141734445,1.2009702565841929,1.1942349608575547,0.9888150281709709,0.020795960063776178,-0.7757475690462353,0.0,0.0,0.0,nan,pass
dot,normal_0_1,fp8_e4m3,8,exact_cells,16384,1,8192,8192,23.07727291519843,23.118786905156682,4.8038810263367715,4.808199965179972,1.0017989122939612,0.3192184281805573,0.13004885148663584,0.0,0.0,0.0,nan,pass
dot,normal_0_1,fp8_e4m3,8,exact_cells,262144,1,8192,8192,369.2363666431749,366.32472815046293,19.215524105347086,19.139611494240494,0.9921144319580911,6.6089518304218515,-0.44055979940863355,0.0,0.0,0.0,nan,pass
dot,normal_0_1,fp8_e4m3,8,exact_cells,4194304,1,8192,8192,5907.7818662907985,5798.95494043736,76.86209642138834,76.15086959738123,0.9815790548269235,96.48994008236957,-1.127857741030175,0.0,0.0,0.0,nan,pass
dot,uniform_0_1,fp8_e5m2,8,exact_cells,1024,1,8192,8192,0.5099206349213401,0.5031336502573924,0.7140872740228187,0.709319145559594,0.9866901156785024,0.005787776390466069,-1.1726411329794202,0.0,0.0,0.0,nan,pass
dot,uniform_0_1,fp8_e5m2,8,exact_cells,16384,1,8192,8192,8.158730158741442,8.18824080122275,2.8563490960912747,2.8615102308436278,1.0036170631835017,0.11003959554857198,0.2681820333325658,0.0,0.0,0.0,nan,pass
dot,uniform_0_1,fp8_e5m2,8,exact_cells,262144,1,8192,8192,130.53968253986307,131.80452545997062,11.425396384365099,11.480615203897857,1.0096893365718222,2.087626858187819,0.6058759567816211,0.0,0.0,0.0,nan,pass
dot,uniform_0_1,fp8_e5m2,8,exact_cells,4194304,1,8192,8192,2088.634920637809,2117.6651019695046,45.701585537460396,46.01809537529236,1.0138991170955,30.31316391289856,0.9576757284429454,0.0,0.0,0.0,nan,pass
dot,normal_0_1,fp8_e5m2,8,exact_cells,1024,1,8192,8192,5.707170825017726,5.747843081499543,2.388968569282092,2.3974659708741526,1.0071265181521338,0.08451336244077011,0.48125237604078835,0.0,0.0,0.0,nan,pass
dot,normal_0_1,fp8_e5m2,8,exact_cells,16384,1,8192,8192,91.31473320028361,90.62215843158485,9.555874277128368,9.519567134675023,0.992415519988656,1.5238268416446012,-0.45449702667745084,0.0,0.0,0.0,nan,pass
dot,normal_0_1,fp8_e5m2,8,exact_cells,262144,1,8192,8192,1461.0357312045378,1460.3957505550973,38.22349710851347,38.215124630898394,0.9995619678316061,22.58817562986791,-0.02833255150514666,0.0,0.0,0.0,nan,pass
dot,normal_0_1,fp8_e5m2,8,exact_cells,4194304,1,8192,8192,23376.571699272605,23309.206244325327,152.89398843405388,152.67352830247071,0.9971182491678464,309.0986310617714,-0.21794161532153486,0.0,0.0,0.0,nan,pass
dot,uniform_0_1,e1m14,16,exact_cells,1024,1,8192,8192,8.477105144640917e-07,8.499322425060927e-07,0.0009207119606392065,0.0009219176983365124,1.002620857007307,1.3279552570722257e-08,0.16730443515840854,0.0,0.0,0.0,nan,pass
dot,uniform_0_1,e1m14,16,exact_cells,16384,1,8192,8192,1.3563368231425466e-05,1.3158851255366455e-05,0.003682847842556826,0.003627513095133697,0.9701757727758382,2.0991085391771285e-07,-1.927089373937689,0.0,0.0,0.0,nan,pass
dot,uniform_0_1,e1m14,16,exact_cells,262144,1,8192,8192,0.00021701389170280746,0.00021274967363526802,0.014731391370227304,0.014585940958171605,0.9803504833995644,2.630986724393062e-06,-1.6207676108754039,0.0,0.0,0.0,nan,pass
dot,uniform_0_1,e1m14,16,exact_cells,4194304,1,8192,8192,0.0034722222672449194,0.003396995544114732,0.058925565480909214,0.0582837502578097,0.9783347040194299,5.531294697892387e-05,-1.3600201623473704,0.0,0.0,0.0,nan,pass
dot,normal_0_1,e1m14,16,exact_cells,1024,1,8192,8192,0.01267384176525145,0.01208712610869953,0.11257815847335331,0.10994146673889489,0.9537065660579297,0.001239856830178203,-0.4732124244277401,0.0,0.0,0.0,nan,review
dot,normal_0_1,e1m14,16,exact_cells,16384,1,8192,8192,0.2027814682440232,0.1882079862452118,0.45031263389341325,0.43382944372784543,0.9281320816689522,0.0049841865648845105,-2.9239439192519687,0.0,0.0,0.0,nan,pass
dot,normal_0_1,e1m14,16,exact_cells,262144,1,8192,8192,3.2445034919043714,3.1990632982348863,1.801250535573653,1.7885925467346906,0.9859947157453007,0.046137099619863696,-0.9848948903134211,0.0,0.0,0.0,nan,pass
dot,normal_0_1,e1m14,16,exact_cells,4194304,1,8192,8192,51.91205587046994,51.49829477208301,7.205002142294612,7.176231237361503,0.9920295759540069,0.7293656711929446,-0.5672889672887823,0.0,0.0,0.0,nan,pass
dot,uniform_0_1,e2m13,16,exact_cells,1024,1,8192,8192,8.477105144640917e-07,8.499322425060927e-07,0.0009207119606392065,0.0009219176983365124,1.002620857007307,1.3279552570722257e-08,0.16730443515840854,0.0,0.0,0.0,nan,pass
dot,uniform_0_1,e2m13,16,exact_cells,16384,1,8192,8192,1.3563368231425466e-05,1.3158851255366455e-05,0.003682847842556826,0.003627513095133697,0.9701757727758382,2.0991085391771285e-07,-1.927089373937689,0.0,0.0,0.0,nan,pass
dot,uniform_0_1,e2m13,16,exact_cells,262144,1,8192,8192,0.00021701389170280746,0.00021274967363526802,0.014731391370227304,0.014585940958171605,0.9803504833995644,2.630986724393062e-06,-1.6207676108754039,0.0,0.0,0.0,nan,pass
dot,uniform_0_1,e2m13,16,exact_cells,4194304,1,8192,8192,0.0034722222672449194,0.003396995544114732,0.058925565480909214,0.0582837502578097,0.9783347040194299,5.531294697892387e-05,-1.3600201623473704,0.0,0.0,0.0,nan,pass
dot,normal_0_1,e2m13,16,exact_cells,1024,1,8192,7233,2.88671169929139e-06,2.8981967638877437e-06,0.0016990325774661856,0.001702409105910722,1.003978597723899,4.121767689787662e-08,0.2786441512657273,0.12172581542282025,0.1170654296875,0.003689505534877189,-1.2631464274183235,pass
dot,normal_0_1,e2m13,16,exact_cells,16384,1,8192,1036,4.618738718866224e-05,4.755117637368527e-05,0.006796130309864742,0.006895736100931159,1.0295273075190927,1.3920064812837993e-06,0.9797290482191248,0.8746622537796972,0.87353515625,0.0033497843306079336,-0.3364686852817912,pass
dot,normal_0_1,e2m13,16,exact_cells,262144,1,8192,0,0.0007389981950185958,nan,0.02718452123945897,nan,nan,nan,nan,0.9999999999999963,1.0,0.0,nan,nonfinite_case
dot,normal_0_1,e2m13,16,exact_cells,4194304,1,8192,0,0.011823971120297533,nan,0.10873808495783588,nan,nan,nan,nan,1.0,1.0,0.0,nan,nonfinite_case
dot,uniform_0_1,e3m12,16,exact_cells,1024,1,8192,8192,5.298190722966442e-07,5.378334151121969e-07,0.0007278867166645124,0.0007333712668984222,1.0151265653401496,7.194017667306669e-09,1.1140287925582901,0.0,0.0,0.0,nan,pass
dot,uniform_0_1,e3m12,16,exact_cells,16384,1,8192,8192,8.477105156746307e-06,8.408664529687684e-06,0.0029115468666580497,0.0028997697373563443,0.9919264152333706,1.3498351679847576e-07,-0.507029515024431,0.0,0.0,0.0,nan,pass
dot,uniform_0_1,e3m12,16,exact_cells,262144,1,8192,8192,0.00013563368250794092,0.0001344036297474363,0.011646187466632199,0.011593257943625524,0.9909310671378948,2.2893590384038347e-06,-0.5372913290884318,0.0,0.0,0.0,nan,pass
dot,uniform_0_1,e3m12,16,exact_cells,4194304,1,8192,8192,0.0021701389201270547,0.0022228757430783285,0.046584749866528795,0.04714738320499165,1.0243011276661433,3.338839093234955e-05,1.5794957911606886,0.0,0.0,0.0,nan,pass
dot,normal_0_1,e3m12,16,exact_cells,1024,1,8192,8192,5.629936954112871e-06,5.665825574868899e-06,0.0023727488181669947,0.00238029947167765,1.0063746043780846,7.919035064633374e-08,0.4531943660195151,2.658202671463086e-54,0.0,0.0,nan,pass
dot,normal_0_1,e3m12,16,exact_cells,16384,1,8192,8192,9.007899126580593e-05,8.887106870322128e-05,0.009490995272667979,0.009427145310390695,0.9865904075344238,1.591907704869388e-06,-0.7587893185577362,4.253124274340938e-53,0.0,0.0,nan,pass
dot,normal_0_1,e3m12,16,exact_cells,262144,1,8192,8192,0.0014412638602528949,0.0014615700398032748,0.037963981090671915,0.038230485738521225,1.014089147803107,2.7680368354666697e-05,0.7335949901460183,6.8049988389455e-52,0.0,0.0,nan,pass
dot,normal_0_1,e3m12,16,exact_cells,4194304,1,8192,8192,0.023060221764046318,0.023154453997900462,0.15185592436268766,0.15216587658834835,1.0040863541911407,0.00035487333378312165,0.2655376577596935,1.08879981423128e-50,0.0,0.0,nan,pass
dot,uniform_0_1,fp16_e5m10,16,exact_cells,1024,1,8192,8192,7.750496499184289e-06,7.620593233263196e-06,0.002783971353872789,0.002760542199145522,0.9832393620286436,1.252286737998511e-07,-1.037328448664346,0.0,0.0,0.0,nan,pass
dot,uniform_0_1,fp16_e5m10,16,exact_cells,16384,1,8192,8192,0.00012400794398694862,0.00012272930473237868,0.011135885415491155,0.01107832589935766,0.989689053673009,1.7576469913412647e-06,-0.727472160717671,0.0,0.0,0.0,nan,pass
dot,uniform_0_1,fp16_e5m10,16,exact_cells,262144,1,8192,8192,0.001984127103791178,0.0019870485627630622,0.04454354166196462,0.04457632289414485,1.0014724152330272,3.272310091216625e-05,0.08927818239860338,0.0,0.0,0.0,nan,pass
dot,uniform_0_1,fp16_e5m10,16,exact_cells,4194304,1,8192,8192,0.03174603366065885,0.03212984717857848,0.17817416664785848,0.17924800467112176,1.0120901250853038,0.0004888695375500375,0.7851041810522911,0.0,0.0,0.0,nan,pass
dot,normal_0_1,fp16_e5m10,16,exact_cells,1024,1,8192,8192,8.835594225810253e-05,9.055993377653964e-05,0.009399784160187006,0.009516298323221043,1.024944462840981,1.4728573246630946e-06,1.496405307921628,0.0,0.0,0.0,nan,pass
dot,normal_0_1,fp16_e5m10,16,exact_cells,16384,1,8192,8192,0.0014136950761296405,0.0013964966709305296,0.03759913664074802,0.037369729339808304,0.9878344308546394,2.0357608226407446e-05,-0.8448146269364583,0.0,0.0,0.0,nan,pass
dot,normal_0_1,fp16_e5m10,16,exact_cells,262144,1,8192,8192,0.02261912121807425,0.023341301281552203,0.1503965465629921,0.1527786021717446,1.0319278568126193,0.0004403398373451623,1.6400516197490231,0.0,0.0,0.0,nan,pass
dot,normal_0_1,fp16_e5m10,16,exact_cells,4194304,1,8192,8192,0.361905939489188,0.3602991037354444,0.6015861862519684,0.6002492013617714,0.9955600735483602,0.005632697954788265,-0.285269291313171,0.0,0.0,0.0,nan,pass
dot,uniform_0_1,bf16_e8m7,16,exact_cells,1024,1,8192,8192,0.0004960336382480979,0.00047869077484159707,0.02227181263947993,0.021879003058676988,0.9650369207464382,6.988989321222833e-06,-2.481455130262877,0.0,0.0,0.0,nan,pass
dot,uniform_0_1,bf16_e8m7,16,exact_cells,16384,1,8192,8192,0.007936538211969567,0.007865442459847397,0.08908725055791972,0.08868732975937091,0.991041969404879,0.0001330183180156559,-0.5344809134769131,0.0,0.0,0.0,nan,pass
dot,uniform_0_1,bf16_e8m7,16,exact_cells,262144,1,8192,8192,0.12698461139151307,0.13085987156063209,0.35634900223167887,0.36174558955242575,1.0305175574162369,0.0020971917202483137,1.8478330482156269,0.0,0.0,0.0,nan,pass
dot,uniform_0_1,bf16_e8m7,16,exact_cells,4194304,1,8192,8192,2.031753782264209,1.968474383104765,1.4253960089267155,1.4030233009842585,0.9688547895360998,0.031081254169191542,-2.0359345480391853,0.0,0.0,0.0,nan,pass
dot,normal_0_1,bf16_e8m7,16,exact_cells,1024,1,8192,8192,0.005654700133686164,0.005567361421573966,0.0751977402166193,0.07461475337742507,0.9845546695585315,7.63347706314097e-05,-1.1441537243089699,0.0,0.0,0.0,nan,pass
dot,normal_0_1,bf16_e8m7,16,exact_cells,16384,1,8192,8192,0.09047520213897862,0.09382113566151691,0.3007909608664772,0.3063023598693241,1.0369817744910768,0.001555551234839694,2.1509632390109594,0.0,0.0,0.0,nan,pass
dot,normal_0_1,bf16_e8m7,16,exact_cells,262144,1,8192,8192,1.447603234223658,1.51000569906185,1.2031638434659089,1.2288228916576425,1.043107436736046,0.027843658237916926,2.241173351036668,0.0,0.0,0.0,nan,pass
dot,normal_0_1,bf16_e8m7,16,exact_cells,4194304,1,8192,8192,23.161651747578528,22.93027549378242,4.8126553738636355,4.788556723458794,0.9900103733396174,0.3736460152532353,-0.6192391845509007,0.0,0.0,0.0,nan,pass
dot,uniform_0_1,e11m4,16,exact_cells,1024,1,8192,8192,0.031753782242069296,0.031907667615962476,0.1781959097231732,0.1786271749089776,1.0048462061218428,0.00050357119795441,0.30558811647347534,0.0,0.0,0.0,nan,pass
dot,uniform_0_1,e11m4,16,exact_cells,16384,1,8192,8192,0.5080605158731087,0.5093979451603396,0.7127836388926928,0.7137211956782141,1.0026324212282713,0.006561029968471564,0.2038444106577477,0.0,0.0,0.0,nan,pass
dot,uniform_0_1,e11m4,16,exact_cells,262144,1,8192,8192,8.12896825396974,8.172453866306949,2.8511345555707712,2.8587504029395343,1.0053494626843908,0.09833984788923178,0.4421972706952968,0.0,0.0,0.0,nan,pass
dot,uniform_0_1,e11m4,16,exact_cells,4194304,1,8192,8192,130.06349206351584,128.47050893987478,11.404538222283085,11.334483179213544,0.987752265463831,1.774014201934657,-0.897953985883444,0.0,0.0,0.0,nan,pass
dot,normal_0_1,e11m4,16,exact_cells,1024,1,8192,8192,0.3615729893417077,0.35599978851080943,0.6013093956872017,0.5966571783786813,0.9845862357112322,0.004313373272856596,-1.2920747819275338,0.0,0.0,0.0,nan,pass
dot,normal_0_1,e11m4,16,exact_cells,16384,1,8192,8192,5.785167829467323,5.756459939360629,2.4052375827488066,2.399262374014278,0.9950376737628134,0.0980355920956533,-0.2928313023160371,0.0,0.0,0.0,nan,pass
dot,normal_0_1,e11m4,16,exact_cells,262144,1,8192,8192,92.56268527147716,92.87093549549765,9.620950330995226,9.636956754883652,1.0033301780638322,1.2525069321092732,0.24610660118373726,0.0,0.0,0.0,nan,pass
dot,normal_0_1,e11m4,16,exact_cells,4194304,1,8192,8192,1481.0029643436346,1466.8432507476762,38.483801323980906,38.29938969158224,0.9904391051626059,26.0353533244727,-0.5438648525137788,0.0,0.0,0.0,nan,pass
dot,uniform_0_1,e1m30,32,high_resolution,1024,1,8192,8192,1.9737298215558337e-16,1.9746862203098194e-16,1.4048949503631344e-08,1.4052352900172339e-08,1.0004845641706077,3.0324400941441313e-18,0.031538916657663736,0.0,0.0,0.0,nan,pass
dot,uniform_0_1,e1m30,32,high_resolution,16384,1,8192,8192,3.157967714489334e-15,3.18174135008077e-15,5.6195798014525375e-08,5.640692643710318e-08,1.0075281439649804,5.659902946032831e-17,0.42003609987870033,0.0,0.0,0.0,nan,pass
dot,uniform_0_1,e1m30,32,high_resolution,262144,1,8192,8192,5.0527483431829344e-14,5.050592370617337e-14,2.247831920581015e-07,2.247352302292041e-07,0.9995733069570927,6.818662882777836e-16,-0.03161870006864354,0.0,0.0,0.0,nan,pass
dot,uniform_0_1,e1m30,32,high_resolution,4194304,1,8192,8192,8.084397349092695e-13,8.121494803817478e-13,8.99132768232406e-07,9.011933645903901e-07,1.004588771818464,1.2006108186100493e-14,0.30898817626623126,0.0,0.0,0.0,nan,pass
dot,normal_0_1,e1m30,32,high_resolution,1024,1,8192,8192,0.012664145230773784,0.012076395227100788,0.11253508444380261,0.10989265319893222,0.9535894454017498,0.0012405515337323093,-0.47378120754459724,0.0,0.0,0.0,nan,review
dot,normal_0_1,e1m30,32,high_resolution,16384,1,8192,8192,0.20262632369238054,0.18805459999384314,0.45014033777521045,0.43365262595059095,0.9280857322335886,0.004976408424078404,-2.9281607249179884,0.0,0.0,0.0,nan,pass
dot,normal_0_1,e1m30,32,high_resolution,262144,1,8192,8192,3.2420211790780886,3.197220893087664,1.8005613511008418,1.7880774292763901,0.9861813715840178,0.04569078098491474,-0.9805104011073017,0.0,0.0,0.0,nan,pass
dot,normal_0_1,e1m30,32,high_resolution,4194304,1,8192,8192,51.87233886524942,51.43600292902915,7.202245404403367,7.171889773904026,0.991588273330922,0.734686742649362,-0.59390745863576,0.0,0.0,0.0,nan,pass
dot,uniform_0_1,e2m29,32,high_resolution,1024,1,8192,8192,1.9737298215558337e-16,1.9746862203098194e-16,1.4048949503631344e-08,1.4052352900172339e-08,1.0004845641706077,3.0324400941441313e-18,0.031538916657663736,0.0,0.0,0.0,nan,pass
dot,uniform_0_1,e2m29,32,high_resolution,16384,1,8192,8192,3.157967714489334e-15,3.18174135008077e-15,5.6195798014525375e-08,5.640692643710318e-08,1.0075281439649804,5.659902946032831e-17,0.42003609987870033,0.0,0.0,0.0,nan,pass
dot,uniform_0_1,e2m29,32,high_resolution,262144,1,8192,8192,5.0527483431829344e-14,5.050592370617337e-14,2.247831920581015e-07,2.247352302292041e-07,0.9995733069570927,6.818662882777836e-16,-0.03161870006864354,0.0,0.0,0.0,nan,pass
dot,uniform_0_1,e2m29,32,high_resolution,4194304,1,8192,8192,8.084397349092695e-13,8.121494803817478e-13,8.99132768232406e-07,9.011933645903901e-07,1.004588771818464,1.2006108186100493e-14,0.30898817626623126,0.0,0.0,0.0,nan,pass
dot,normal_0_1,e2m29,32,high_resolution,1024,1,8192,7234,6.721158331620778e-16,6.686335789707222e-16,2.5925196877981038e-08,2.585795001485466e-08,0.9948189671786591,9.335068495833968e-18,-0.37302931337992834,0.12166702646092185,0.116943359375,0.0036872248643416007,-1.281090050027454,pass
dot,normal_0_1,e2m29,32,high_resolution,16384,1,8192,1037,1.0753853330593244e-14,1.0923600885329125e-14,1.0370078751192415e-07,1.045160317144175e-07,1.0157848121522146,4.4346748317097067e-16,0.3827733964215774,0.8745279508215563,0.8734130859375,0.0033868169925357055,-0.3291777756263185,pass
dot,normal_0_1,e2m29,32,high_resolution,262144,1,8192,0,1.720616532894919e-13,nan,4.148031500476966e-07,nan,nan,nan,nan,0.9999999999999962,1.0,0.0,nan,nonfinite_case
dot,normal_0_1,e2m29,32,high_resolution,4194304,1,8192,0,2.7529864526318705e-12,nan,1.6592126001907864e-06,nan,nan,nan,nan,1.0,1.0,0.0,nan,nonfinite_case
dot,uniform_0_1,e3m28,32,high_resolution,1024,1,8192,8192,1.233581138472396e-16,1.2476531724092327e-16,1.1106669791041758e-08,1.1169839624673369e-08,1.011407465222971,1.5458171257979675e-18,0.9103297991715946,0.0,0.0,0.0,nan,pass
dot,uniform_0_1,e3m28,32,high_resolution,16384,1,8192,8192,1.9737298215558335e-15,1.9794894457494714e-15,4.4426679164167034e-08,4.449145362594339e-08,1.0029181421543794,3.888158838539631e-17,0.14813243061338227,0.0,0.0,0.0,nan,pass
dot,uniform_0_1,e3m28,32,high_resolution,262144,1,8192,8192,3.1579677144893337e-14,3.134257153689358e-14,1.7770671665666814e-07,1.7703833352382637e-07,0.9924918292574091,6.063037629516363e-16,-0.3910673535085216,0.0,0.0,0.0,nan,pass
dot,uniform_0_1,e3m28,32,high_resolution,4194304,1,8192,8192,5.052748343182934e-13,5.133626087832825e-13,7.108268666266725e-07,7.164932719734935e-07,1.0160066837207535,8.709879256344648e-15,0.9285748087836692,0.0,0.0,0.0,nan,pass
dot,normal_0_1,e3m28,32,high_resolution,1024,1,8192,8192,1.3108219325691085e-15,1.271202151057328e-15,3.620527492740676e-08,3.5653921958984095e-08,0.9697748561209006,2.0949133198466692e-17,-1.8912372715583414,2.61683442878071e-54,0.0,0.0,nan,pass
dot,normal_0_1,e3m28,32,high_resolution,16384,1,8192,8192,2.0973150921105736e-14,2.1043903940982673e-14,1.4482109970962704e-07,1.4506517135750632e-07,1.0033735045412626,3.0360500497516595e-16,0.2330429957263885,4.186935086049136e-53,0.0,0.0,nan,pass
dot,normal_0_1,e3m28,32,high_resolution,262144,1,8192,8192,3.3557041473769177e-13,3.360525820872902e-13,5.792843988385081e-07,5.7970042443256e-07,1.0014368589375655,4.698110386268904e-15,0.10263005973798459,6.699096137678617e-52,0.0,0.0,nan,pass
dot,normal_0_1,e3m28,32,high_resolution,4194304,1,8192,8192,5.369126635803068e-12,5.284110778141956e-12,2.3171375953540326e-06,2.2987193778584535e-06,0.9841657939125147,7.29473017817146e-14,-1.1654421148504104,1.0718553820285788e-50,0.0,0.0,nan,pass
dot,uniform_0_1,fp32_e8m23,32,high_resolution,1024,1,8192,8192,1.1549139070132416e-13,1.1674216547602275e-13,3.398402429102889e-07,3.4167552659800314e-07,1.0108300260920162,1.5663125177474485e-15,0.7985473911026109,0.0,0.0,0.0,nan,pass
dot,uniform_0_1,fp32_e8m23,32,high_resolution,16384,1,8192,8192,1.8478622512211866e-12,1.8864474729858977e-12,1.3593609716411555e-06,1.3734800591875725e-06,1.020881005464131,2.5724242933482286e-14,1.4999555813745291,0.0,0.0,0.0,nan,pass
dot,uniform_0_1,fp32_e8m23,32,high_resolution,262144,1,8192,8192,2.9565796019538986e-11,2.986125302509415e-11,5.437443886564622e-06,5.464545088577288e-06,1.0099932031378391,4.909982019562316e-13,0.6017476324312575,0.0,0.0,0.0,nan,pass
dot,uniform_0_1,fp32_e8m23,32,high_resolution,4194304,1,8192,8192,4.730527363126238e-10,4.808746002049967e-10,2.1749775546258488e-05,2.1928853143860412e-05,1.0165348666056626,7.38121035207616e-12,1.0596993608470742,0.0,0.0,0.0,nan,pass
dot,normal_0_1,fp32_e8m23,32,high_resolution,1024,1,8192,8192,1.3166064353629905e-12,1.292549265834977e-12,1.147434719434178e-06,1.1369033669731905e-06,0.9817278961412785,2.0551973051501816e-14,-1.1705527964506395,0.0,0.0,0.0,nan,pass
dot,normal_0_1,fp32_e8m23,32,high_resolution,16384,1,8192,8192,2.106570296580785e-11,2.152145542826277e-11,4.589738877736712e-06,4.639122269165017e-06,1.0216348091110306,3.3904545972030964e-13,1.3442222846189678,0.0,0.0,0.0,nan,pass
dot,normal_0_1,fp32_e8m23,32,high_resolution,262144,1,8192,8192,3.370512474529256e-10,3.3933896439068276e-10,1.8358955510946847e-05,1.8421155348964482e-05,1.0067874453960497,6.504692822146842e-12,0.351702532357575,0.0,0.0,0.0,nan,pass
dot,normal_0_1,fp32_e8m23,32,high_resolution,4194304,1,8192,8192,5.392819959246809e-09,5.509404984647716e-09,7.343582204378739e-05,7.422536618062396e-05,1.02161856436557,6.958596661416448e-11,1.675410015461017,0.0,0.0,0.0,nan,pass
dot,uniform_0_1,e11m20,32,high_resolution,1024,1,8192,8192,7.39144900488463e-12,7.480119058355063e-12,2.71872194328229e-06,2.7349806321718373e-06,1.0119963018633877,1.0718296572774943e-13,0.8272774770541363,0.0,0.0,0.0,nan,pass
dot,uniform_0_1,e11m20,32,high_resolution,16384,1,8192,8192,1.1826318407815408e-10,1.1935913892569379e-10,1.087488777312916e-05,1.0925160819214233e-05,1.009267083886524,1.490778157381309e-12,0.7351562283853493,0.0,0.0,0.0,nan,pass
dot,uniform_0_1,e11m20,32,high_resolution,262144,1,8192,8192,1.8922109452504653e-09,1.9577778995544917e-09,4.349955109251664e-05,4.4246784058895076e-05,1.034650975076855,3.3668045522076214e-11,1.9474535360549503,0.0,0.0,0.0,nan,pass
dot,uniform_0_1,e11m20,32,high_resolution,4194304,1,8192,8192,3.0275375124007445e-08,2.998639377017592e-08,0.00017399820437006655,0.0001731657985000962,0.9904549042696297,5.059192310744579e-10,-0.5712005713200361,0.0,0.0,0.0,nan,pass
dot,normal_0_1,e11m20,32,high_resolution,1024,1,8192,8192,8.426281186322969e-11,8.686133043167673e-11,9.17947775547333e-06,9.319942619548509e-06,1.0308382608055473,1.3809071595144731e-12,1.8817474806638557,0.0,0.0,0.0,nan,pass
dot,normal_0_1,e11m20,32,high_resolution,16384,1,8192,8192,1.348204989811675e-09,1.3567620903185e-09,3.671791102189332e-05,3.683425159167076e-05,1.0063470322180164,2.1041870514048538e-11,0.40667014375513544,0.0,0.0,0.0,nan,pass
dot,normal_0_1,e11m20,32,high_resolution,262144,1,8192,8192,2.15712798369868e-08,2.1732065590418003e-08,0.00014687164408757328,0.00014741799615521168,1.0074536955918356,3.125364917481336e-10,0.514454336298035,0.0,0.0,0.0,nan,pass
dot,normal_0_1,e11m20,32,high_resolution,4194304,1,8192,8192,3.451404773917888e-07,3.411909228368485e-07,0.0005874865763502931,0.0005841155047050613,0.9885566752854174,5.227554580369627e-09,-0.7555262205719611,0.0,0.0,0.0,nan,pass
dot,uniform_0_1,fp64_e11m52,64,identity,1024,1,8192,8192,0.0,0.0,0.0,0.0,nan,0.0,nan,0.0,0.0,0.0,nan,exact_zero
dot,uniform_0_1,fp64_e11m52,64,identity,16384,1,8192,8192,0.0,0.0,0.0,0.0,nan,0.0,nan,0.0,0.0,0.0,nan,exact_zero
dot,uniform_0_1,fp64_e11m52,64,identity,262144,1,8192,8192,0.0,0.0,0.0,0.0,nan,0.0,nan,0.0,0.0,0.0,nan,exact_zero
dot,uniform_0_1,fp64_e11m52,64,identity,4194304,1,8192,8192,0.0,0.0,0.0,0.0,nan,0.0,nan,0.0,0.0,0.0,nan,exact_zero
dot,normal_0_1,fp64_e11m52,64,identity,1024,1,8192,8192,0.0,0.0,0.0,0.0,nan,0.0,nan,0.0,0.0,0.0,nan,exact_zero
dot,normal_0_1,fp64_e11m52,64,identity,16384,1,8192,8192,0.0,0.0,0.0,0.0,nan,0.0,nan,0.0,0.0,0.0,nan,exact_zero
dot,normal_0_1,fp64_e11m52,64,identity,262144,1,8192,8192,0.0,0.0,0.0,0.0,nan,0.0,nan,0.0,0.0,0.0,nan,exact_zero
dot,normal_0_1,fp64_e11m52,64,identity,4194304,1,8192,8192,0.0,0.0,0.0,0.0,nan,0.0,nan,0.0,0.0,0.0,nan,exact_zero
gemv,uniform_0_1,e1m6,8,exact_cells,256,1024,16384,16384,0.01389482286241449,0.012976400215712178,0.11787630322679148,0.11391400359794303,0.9339018096310788,0.0008553797463679339,-1.0737016519295286,0.0,0.0,0.0,nan,review
gemv,uniform_0_1,e1m6,8,exact_cells,1024,1024,16384,16384,0.05557929144965796,0.0587774118388196,0.23575260645358295,0.24244053258236256,1.057541582588515,0.00781896590063085,0.40902088969381595,0.0,0.0,0.0,nan,review
gemv,uniform_0_1,e1m6,8,exact_cells,4096,1024,16384,16384,0.22231716579863184,0.19359626694553078,0.4715052129071659,0.439995757872199,0.8708111505923228,0.019287822387959022,-1.4890690237292368,0.0,0.0,0.0,nan,review
gemv,uniform_0_1,e1m6,8,exact_cells,16384,1024,16384,16384,0.8892686631945274,1.0935516101474672,0.9430104258143318,1.045730180375161,1.2297201682774836,0.19003016333667652,1.075002743596087,0.0,0.0,0.0,nan,review
gemv,uniform_0_1,e1m6,8,exact_cells,65536,1024,16384,16384,3.5570746527781094,3.420256141547416,1.8860208516286636,1.8493934523371214,0.9615362272130452,0.3807112607106857,-0.35937605568926384,0.0,0.0,0.0,nan,review
gemv,normal_0_1,e1m6,8,exact_cells,256,1024,16384,16384,0.045316567788595455,0.04492613289419252,0.21287688411050049,0.21195785641063772,0.9913842792281988,0.0010671237925024158,-0.3658759153775046,0.0,0.0,0.0,nan,pass
gemv,normal_0_1,e1m6,8,exact_cells,1024,1024,16384,16384,0.18126627115438182,0.18132054913825846,0.42575376822100097,0.425817506848014,1.0002994378575285,0.005086996931272614,0.010669946259051422,0.0,0.0,0.0,nan,pass
gemv,normal_0_1,e1m6,8,exact_cells,4096,1024,16384,16384,0.7250650846175273,0.721444821891404,0.8515075364420019,0.8493790802058901,0.9950069824034722,0.013764671642038796,-0.26301119418399954,0.0,0.0,0.0,nan,pass
gemv,normal_0_1,e1m6,8,exact_cells,16384,1024,16384,16384,2.900260338470109,2.9330384165707346,1.7030150728840039,1.7126115778455822,1.0113017709706418,0.1049301923562663,0.3123798533536952,0.0,0.0,0.0,nan,pass
gemv,normal_0_1,e1m6,8,exact_cells,65536,1024,16384,16384,11.601041353880436,11.497960683194478,3.4060301457680078,3.3908642973723495,0.9911145329508304,0.16702766108829334,-0.6171473037119799,0.0,0.0,0.0,nan,pass
gemv,uniform_0_1,e2m5,8,exact_cells,256,1024,16384,16384,0.01389482286241449,0.012976400215712178,0.11787630322679148,0.11391400359794303,0.9339018096310788,0.0008553797463679339,-1.0737016519295286,0.0,0.0,0.0,nan,review
gemv,uniform_0_1,e2m5,8,exact_cells,1024,1024,16384,16384,0.05557929144965796,0.0587774118388196,0.23575260645358295,0.24244053258236256,1.057541582588515,0.00781896590063085,0.40902088969381595,0.0,0.0,0.0,nan,review
gemv,uniform_0_1,e2m5,8,exact_cells,4096,1024,16384,16384,0.22231716579863184,0.19359626694553078,0.4715052129071659,0.439995757872199,0.8708111505923228,0.019287822387959022,-1.4890690237292368,0.0,0.0,0.0,nan,review
gemv,uniform_0_1,e2m5,8,exact_cells,16384,1024,16384,16384,0.8892686631945274,1.0935516101474672,0.9430104258143318,1.045730180375161,1.2297201682774836,0.19003016333667652,1.075002743596087,0.0,0.0,0.0,nan,review
gemv,uniform_0_1,e2m5,8,exact_cells,65536,1024,16384,16384,3.5570746527781094,3.420256141547416,1.8860208516286636,1.8493934523371214,0.9615362272130452,0.3807112607106857,-0.35937605568926384,0.0,0.0,0.0,nan,review
gemv,normal_0_1,e2m5,8,exact_cells,256,1024,16384,16082,0.04728476789385338,0.04758593068346467,0.2174506102402414,0.2181419966064872,1.006369129066835,0.001169472555142466,0.2575201857341627,0.036317754943984176,0.0184326171875,0.0008404255116239505,-21.281050502530324,pass
gemv,normal_0_1,e2m5,8,exact_cells,1024,1024,16384,14242,0.18913907157541351,0.1922632628049881,0.4349012204804828,0.4384783493001542,1.0165179579425445,0.002066434062766227,1.5118755956782812,0.13754701359593713,0.1307373046875,0.05798209633954646,-0.11744502766093667,pass
gemv,normal_0_1,e2m5,8,exact_cells,4096,1024,16384,6917,0.7565562863016541,0.7629908733980907,0.8698024409609656,0.8734934878967848,1.008505100298474,0.01288305105676601,0.4994614294458817,0.44672414063794885,0.57781982421875,0.09619341878835003,1.362834227456298,pass
gemv,normal_0_1,e2m5,8,exact_cells,16384,1024,16384,1838,3.0262251452066162,2.9741477944001717,1.7396048819219312,1.7245717713102495,0.9827913164726252,0.11372817500019607,-0.45791072270661787,0.9062941109133913,0.8878173828125,0.0374257173204873,-0.4936906871462128,pass
gemv,normal_0_1,e2m5,8,exact_cells,65536,1024,16384,0,12.104900580826465,nan,3.4792097638438624,nan,nan,nan,nan,0.9999228976628847,1.0,0.0,nan,nonfinite_case
gemv,uniform_0_1,e3m4,8,exact_cells,256,1024,16384,16384,0.008682873513964922,0.008247420416885759,0.09318193770235153,0.09081530937504842,0.9498491949262176,0.0008711060058385335,-0.49988531150120175,0.0,0.0,0.0,nan,review
gemv,uniform_0_1,e3m4,8,exact_cells,1024,1024,16384,16384,0.03473149405585969,0.03614157244637421,0.18636387540470306,0.19010936969643083,1.040599416433012,0.004751554030858752,0.29676151872773315,0.0,0.0,0.0,nan,review
gemv,uniform_0_1,e3m4,8,exact_cells,4096,1024,16384,16384,0.13892597622343875,0.11222248265609909,0.3727277508094061,0.3349962427492271,0.8077861729444201,0.007175313333409985,-3.7215787417953954,0.0,0.0,0.0,nan,review
gemv,uniform_0_1,e3m4,8,exact_cells,16384,1024,16384,16384,0.555703904893755,0.4799714578962093,0.7454555016188122,0.6927997242321978,0.8637179866281037,0.04426032360717472,-1.7110685332917275,0.0,0.0,0.0,nan,review
gemv,uniform_0_1,e3m4,8,exact_cells,65536,1024,16384,16384,2.22281561957502,2.2853883427203083,1.4909110032376245,1.5117500926807672,1.028150208498738,0.29331497615353785,0.21332945206498505,0.0,0.0,0.0,nan,review
gemv,normal_0_1,e3m4,8,exact_cells,256,1024,16384,16384,0.09215733555378268,0.09132874808208694,0.3035742669492635,0.3022064659832528,0.9910089905842364,0.0026337827703425912,-0.31459977680238393,3.5164833272545714e-53,0.0,0.0,nan,pass
gemv,normal_0_1,e3m4,8,exact_cells,1024,1024,16384,16384,0.3686293422151307,0.3754086736030186,0.607148533898527,0.6127060254339095,1.0183906450505276,0.007055780039262,0.9608195479683594,1.4065933309018286e-52,0.0,0.0,nan,pass
gemv,normal_0_1,e3m4,8,exact_cells,4096,1024,16384,16384,1.4745173688605229,1.4915872363080096,1.214297067797054,1.2213055458434674,1.0115765794340408,0.01964219446478538,0.8690407519429497,5.626373323607314e-52,0.0,0.0,nan,pass
gemv,normal_0_1,e3m4,8,exact_cells,16384,1024,16384,16384,5.8980694754420915,5.777331580934555,2.428594135594108,2.40360803396364,0.9795292519000911,0.0649842064805832,-1.8579575107008834,2.2505493294429257e-51,0.0,0.0,nan,pass
gemv,normal_0_1,e3m4,8,exact_cells,65536,1024,16384,16384,23.592277901768366,23.491660324065453,4.857188271188216,4.846819609193791,0.9957351478258328,0.31317063041817306,-0.32128676168821874,9.002197317771703e-51,0.0,0.0,nan,pass
gemv,uniform_0_1,fp8_e4m3,8,exact_cells,256,1024,16384,16384,0.031777761758337485,0.026995907800327103,0.17826318116295772,0.16430431461263306,0.8495220023872269,0.0020153781083259653,-2.372683288686874,0.0,0.0,0.0,nan,review
gemv,uniform_0_1,fp8_e4m3,8,exact_cells,1024,1024,16384,16384,0.12711104703334994,0.14455953350337944,0.35652636232591545,0.38020985455847855,1.137269630588847,0.019728869274684462,0.8844139127840902,0.0,0.0,0.0,nan,review
gemv,uniform_0_1,fp8_e4m3,8,exact_cells,4096,1024,16384,16384,0.5084441881333998,0.3955526813246408,0.7130527246518309,0.6289297904572821,0.7779667671623777,0.02526379054693571,-4.46851024192218,0.0,0.0,0.0,nan,review
gemv,uniform_0_1,fp8_e4m3,8,exact_cells,16384,1024,16384,16384,2.033776752533599,2.2166501519032207,1.4261054493036618,1.4888418827744,1.0899181284975379,0.3566206952425131,0.5127952522364472,0.0,0.0,0.0,nan,review
gemv,uniform_0_1,fp8_e4m3,8,exact_cells,65536,1024,16384,16384,8.135107010134396,7.283393244533224,2.8522108986073236,2.6987762494384793,0.895303925991368,0.6751898874834055,-1.2614433086012489,0.0,0.0,0.0,nan,review
gemv,normal_0_1,fp8_e4m3,8,exact_cells,256,1024,16384,16384,0.3605823892999755,0.3582004659241091,0.6004851282920964,0.5984985095420949,0.9933942326454417,0.008785208578866778,-0.27112883598418225,0.0,0.0,0.0,nan,pass
gemv,normal_0_1,fp8_e4m3,8,exact_cells,1024,1024,16384,16384,1.442329557199902,1.4532611322847977,1.2009702565841929,1.205512808843107,1.0075791104954668,0.03131974213651976,0.34903145234229704,0.0,0.0,0.0,nan,pass
gemv,normal_0_1,fp8_e4m3,8,exact_cells,4096,1024,16384,16384,5.769318228799608,5.885710101977883,2.4019405131683857,2.426048248072961,1.02017428551562,0.08045459842361821,1.4466776972204334,0.0,0.0,0.0,nan,pass
gemv,normal_0_1,fp8_e4m3,8,exact_cells,16384,1024,16384,16384,23.07727291519843,22.63049489420775,4.8038810263367715,4.757151972998945,0.9806399125827195,0.2068803600180344,-2.159596111258383,0.0,0.0,0.0,nan,pass
gemv,normal_0_1,fp8_e4m3,8,exact_cells,65536,1024,16384,16384,92.30909166079373,90.56879748380402,9.607762052673543,9.516764023753243,0.981147098886156,1.1209604873324848,-1.5525026944803662,0.0,0.0,0.0,nan,pass
gemv,uniform_0_1,fp8_e5m2,8,exact_cells,256,1024,16384,16384,0.12748015873033502,0.1264723334053173,0.35704363701140934,0.3556294889422379,0.9920942573726346,0.013287080952263322,-0.07585001767043889,0.0,0.0,0.0,nan,review
gemv,uniform_0_1,fp8_e5m2,8,exact_cells,1024,1024,16384,16384,0.5099206349213401,0.4434599574537629,0.7140872740228187,0.6659278920827411,0.8696646636435308,0.03476031951697756,-1.9119696939240343,0.0,0.0,0.0,nan,review
gemv,uniform_0_1,fp8_e5m2,8,exact_cells,4096,1024,16384,16384,2.0396825396853604,1.9856439643732584,1.4281745480456374,1.4091287962330692,0.9735063794190061,0.18322068486046614,-0.29493708831650584,0.0,0.0,0.0,nan,review
gemv,uniform_0_1,fp8_e5m2,8,exact_cells,16384,1024,16384,16384,8.158730158741442,11.55289170911623,2.8563490960912747,3.3989545023604286,1.4160159098702645,1.8491222321616387,1.8355528322251504,0.0,0.0,0.0,nan,review
gemv,uniform_0_1,fp8_e5m2,8,exact_cells,65536,1024,16384,16384,32.634920634965766,33.09460361007387,5.7126981921825495,5.752790940932398,1.0140856164551413,4.47987059280489,0.10261077091074854,0.0,0.0,0.0,nan,review
gemv,normal_0_1,fp8_e5m2,8,exact_cells,256,1024,16384,16384,1.4267927062544314,1.4555713312978436,1.194484284641046,1.2064706093800392,1.020170151499415,0.050049903360257116,0.5749986136089967,0.0,0.0,0.0,nan,pass
gemv,normal_0_1,fp8_e5m2,8,exact_cells,1024,1024,16384,16384,5.707170825017726,5.798894483522639,2.388968569282092,2.4080893844545384,1.0160716511415493,0.07664090803232859,1.1967976484075846,0.0,0.0,0.0,nan,pass
gemv,normal_0_1,fp8_e5m2,8,exact_cells,4096,1024,16384,16384,22.828683300070903,22.873887289122084,4.777937138564184,4.782665291353983,1.0019801400044408,0.32819318734327585,0.13773591529156232,0.0,0.0,0.0,nan,pass
gemv,normal_0_1,fp8_e5m2,8,exact_cells,16384,1024,16384,16384,91.31473320028361,91.55541557664304,9.555874277128368,9.568459415007363,1.0026357452726882,0.987625549297792,0.243698005312395,0.0,0.0,0.0,nan,pass
gemv,normal_0_1,fp8_e5m2,8,exact_cells,65536,1024,16384,16384,365.25893280113445,362.38077409750457,19.111748554256735,19.036301481577365,0.992120223640918,3.7222841888246627,-0.7732237942150992,0.0,0.0,0.0,nan,pass
gemv,uniform_0_1,e1m14,16,exact_cells,256,1024,16384,16384,2.119276286160229e-07,2.1243194441692424e-07,0.00046035598031960324,0.00046090340030957057,1.0023796604727506,2.3152312339824928e-08,0.021782524073582152,0.0,0.0,0.0,nan,review
gemv,uniform_0_1,e1m14,16,exact_cells,1024,1024,16384,16384,8.477105144640917e-07,7.839316844844967e-07,0.0009207119606392065,0.000885399166751639,0.9247634317477885,4.876335716356217e-08,-1.3079253293752493,0.0,0.0,0.0,nan,review
gemv,uniform_0_1,e1m14,16,exact_cells,4096,1024,16384,16384,3.3908420578563666e-06,4.600402482577843e-06,0.001841423921278413,0.0021448548861351534,1.3567138793501163,7.972366157271543e-07,1.5171912589818068,0.0,0.0,0.0,nan,review
gemv,uniform_0_1,e1m14,16,exact_cells,16384,1024,16384,16384,1.3563368231425466e-05,1.7533041180031532e-05,0.003682847842556826,0.004187247446716223,1.2926760433598332,2.0967794428551367e-06,1.8932238973120858,0.0,0.0,0.0,nan,review
gemv,uniform_0_1,e1m14,16,exact_cells,65536,1024,16384,16384,5.4253472925701866e-05,4.632794815943837e-05,0.007365695685113652,0.006806463704409095,0.8539167294024254,3.488734111954393e-06,-2.2717480071370657,0.0,0.0,0.0,nan,review
gemv,normal_0_1,e1m14,16,exact_cells,256,1024,16384,16384,0.0031684604413128627,0.002060905347205451,0.056289079236676656,0.04539719536717496,0.6504437676840642,0.00040410514692647493,-2.7407596823034925,0.0,0.0,0.0,nan,review
gemv,normal_0_1,e1m14,16,exact_cells,1024,1024,16384,16384,0.01267384176525145,0.011361774809656625,0.11257815847335331,0.10659162635806166,0.8964744092677415,0.00427353049827896,-0.3070217835401486,0.0,0.0,0.0,nan,review
gemv,normal_0_1,e1m14,16,exact_cells,4096,1024,16384,16384,0.0506953670610058,0.03746804885669468,0.22515631694670662,0.19356665223300906,0.7390823072965695,0.007654792756294626,-1.7279786175052414,0.0,0.0,0.0,nan,review
gemv,normal_0_1,e1m14,16,exact_cells,16384,1024,16384,16384,0.2027814682440232,0.22387656544557044,0.45031263389341325,0.4731559631300978,1.1040287230594554,0.0917573253407387,0.2299009602035704,0.0,0.0,0.0,nan,review
gemv,normal_0_1,e1m14,16,exact_cells,65536,1024,16384,16384,0.8111258729760928,0.7203965782575837,0.9006252677868265,0.848761791233314,0.8881440011454508,0.06745649441739036,-1.3450045915092643,0.0,0.0,0.0,nan,review
gemv,uniform_0_1,e2m13,16,exact_cells,256,1024,16384,16384,2.119276286160229e-07,2.1243194441692424e-07,0.00046035598031960324,0.00046090340030957057,1.0023796604727506,2.3152312339824928e-08,0.021782524073582152,0.0,0.0,0.0,nan,review
gemv,uniform_0_1,e2m13,16,exact_cells,1024,1024,16384,16384,8.477105144640917e-07,7.839316844844967e-07,0.0009207119606392065,0.000885399166751639,0.9247634317477885,4.876335716356217e-08,-1.3079253293752493,0.0,0.0,0.0,nan,review
gemv,uniform_0_1,e2m13,16,exact_cells,4096,1024,16384,16384,3.3908420578563666e-06,4.600402482577843e-06,0.001841423921278413,0.0021448548861351534,1.3567138793501163,7.972366157271543e-07,1.5171912589818068,0.0,0.0,0.0,nan,review
gemv,uniform_0_1,e2m13,16,exact_cells,16384,1024,16384,16384,1.3563368231425466e-05,1.7533041180031532e-05,0.003682847842556826,0.004187247446716223,1.2926760433598332,2.0967794428551367e-06,1.8932238973120858,0.0,0.0,0.0,nan,review
gemv,uniform_0_1,e2m13,16,exact_cells,65536,1024,16384,16384,5.4253472925701866e-05,4.632794815943837e-05,0.007365695685113652,0.006806463704409095,0.8539167294024254,3.488734111954393e-06,-2.2717480071370657,0.0,0.0,0.0,nan,review
gemv,normal_0_1,e2m13,16,exact_cells,256,1024,16384,16117,7.216779248228475e-07,7.113130270078746e-07,0.0008495162887330928,0.000843393755613518,0.9856377790445547,1.4786397088022863e-08,-0.7009752107474923,0.0319282889100032,0.01629638671875,0.0008721836268504029,-17.922719149982832,pass
gemv,normal_0_1,e2m13,16,exact_cells,1024,1024,16384,14370,2.88671169929139e-06,2.9056976244520516e-06,0.0016990325774661856,0.001704610695863443,1.0065770077300487,3.489969843892985e-08,0.5440140175963025,0.12172581542282025,0.1229248046875,0.0584957999517655,0.020497014583413017,pass
gemv,normal_0_1,e2m13,16,exact_cells,4096,1024,16384,8721,1.154684679716556e-05,1.1513093258675564e-05,0.003398065154932371,0.003393094938058109,0.9970768176730047,1.7369350808365113e-07,-0.19432815228615402,0.40499519861765687,0.46771240234375,0.09271184516355917,0.6764745498857186,pass
gemv,normal_0_1,e2m13,16,exact_cells,16384,1024,16384,2896,4.618738718866224e-05,4.386865473492955e-05,0.006796130309864742,0.006623341659232864,0.9497972802778097,1.0415251814991363e-06,-2.226285542511017,0.8746622537796972,0.8232421875,0.045693316589061506,-1.125330138368783,pass
gemv,normal_0_1,e2m13,16,exact_cells,65536,1024,16384,0,0.00018474954875464896,nan,0.013592260619729485,nan,nan,nan,nan,0.9997532100190794,1.0,0.0,nan,nonfinite_case
gemv,uniform_0_1,e3m12,16,exact_cells,256,1024,16384,16384,1.3245476807416105e-07,1.4852919434938707e-07,0.0003639433583322562,0.00038539485511535705,1.1213578530161028,2.5256799333114392e-08,0.6364395608176174,0.0,0.0,0.0,nan,review
gemv,uniform_0_1,e3m12,16,exact_cells,1024,1024,16384,16384,5.298190722966442e-07,4.734606716058013e-07,0.0007278867166645124,0.0006880847851869719,0.8936270820781477,3.16240330255969e-08,-1.7821383074456598,0.0,0.0,0.0,nan,review
gemv,uniform_0_1,e3m12,16,exact_cells,4096,1024,16384,16384,2.119276289186577e-06,2.7106790907160367e-06,0.0014557734333290248,0.001646414009511592,1.2790588487905241,5.650315689694194e-07,1.0466721401215509,0.0,0.0,0.0,nan,review
gemv,uniform_0_1,e3m12,16,exact_cells,16384,1024,16384,16384,8.477105156746307e-06,7.640443290446954e-06,0.0029115468666580497,0.002764135179481451,0.9013033516950635,4.855447487007154e-07,-1.7231405931960004,0.0,0.0,0.0,nan,review
gemv,uniform_0_1,e3m12,16,exact_cells,65536,1024,16384,16384,3.390842062698523e-05,2.916950129015469e-05,0.005823093733316099,0.0054008796774372494,0.8602435840653935,3.0136065733392492e-06,-1.5725076321357854,0.0,0.0,0.0,nan,review
gemv,normal_0_1,e3m12,16,exact_cells,256,1024,16384,16384,1.4074842385282177e-06,1.4267851175084874e-06,0.0011863744090834974,0.0011944811080584268,1.0137130338315208,4.011144806727322e-08,0.4811813063417483,6.645506678657715e-55,0.0,0.0,nan,pass
gemv,normal_0_1,e3m12,16,exact_cells,1024,1024,16384,16384,5.629936954112871e-06,5.6372154986420595e-06,0.0023727488181669947,0.0023742821017398207,1.0012928287809462,6.757310680763091e-08,0.10771362858762284,2.658202671463086e-54,0.0,0.0,nan,pass
gemv,normal_0_1,e3m12,16,exact_cells,4096,1024,16384,16384,2.2519747816451482e-05,2.2705793070217703e-05,0.004745497636333989,0.004765059608254413,1.0082614270498316,3.3888926952146936e-07,0.5489853781116367,1.0632810685852345e-53,0.0,0.0,nan,pass
gemv,normal_0_1,e3m12,16,exact_cells,16384,1024,16384,16384,9.007899126580593e-05,8.998704558079844e-05,0.009490995272667979,0.00948615019809398,0.998979277146475,9.145475604331105e-07,-0.10053679981819867,4.253124274340938e-53,0.0,0.0,nan,pass
gemv,normal_0_1,e3m12,16,exact_cells,65536,1024,16384,16384,0.0003603159650632237,0.00036777105558473953,0.018981990545335958,0.019177357888529367,1.0206904251944753,3.3914202599252795e-06,2.198220789563857,1.701249709736375e-52,0.0,0.0,nan,pass
gemv,uniform_0_1,fp16_e5m10,16,exact_cells,256,1024,16384,16384,1.937624124796072e-06,1.7329719178023599e-06,0.0013919856769363944,0.0013164239126521365,0.8943798209494056,1.6415837151916852e-07,-1.2466754214226317,0.0,0.0,0.0,nan,review
gemv,uniform_0_1,fp16_e5m10,16,exact_cells,1024,1024,16384,16384,7.750496499184289e-06,7.966904763995005e-06,0.002783971353872789,0.0028225705950418677,1.0279218582749494,8.517176235701836e-07,0.25408452146802796,0.0,0.0,0.0,nan,review
gemv,uniform_0_1,fp16_e5m10,16,exact_cells,4096,1024,16384,16384,3.1001985996737155e-05,2.7988677525612403e-05,0.005567942707745578,0.005290432640683785,0.9028027278174408,2.5583081244392895e-06,-1.1778520508686523,0.0,0.0,0.0,nan,review
gemv,uniform_0_1,fp16_e5m10,16,exact_cells,16384,1024,16384,16384,0.00012400794398694862,0.0001029691892741397,0.011135885415491155,0.010147373516045406,0.8303434922280207,7.117686700064301e-06,-2.9558416377920724,0.0,0.0,0.0,nan,review
gemv,uniform_0_1,fp16_e5m10,16,exact_cells,65536,1024,16384,16384,0.0004960317759477945,0.000489092250484043,0.02227177083098231,0.022115430144675978,0.9860099175088295,4.484054983684572e-05,-0.15476004395577742,0.0,0.0,0.0,nan,review
gemv,normal_0_1,fp16_e5m10,16,exact_cells,256,1024,16384,16384,2.2088985564525633e-05,2.2257100524708956e-05,0.004699892080093503,0.004717743160104093,1.0076108049277424,7.823483391741025e-07,0.21488504770240288,0.0,0.0,0.0,nan,pass
gemv,normal_0_1,fp16_e5m10,16,exact_cells,1024,1024,16384,16384,8.835594225810253e-05,8.906289325110112e-05,0.009399784160187006,0.009437313879017754,1.0080011708882404,1.6157576027010875e-06,0.4375353034494561,0.0,0.0,0.0,nan,pass
gemv,normal_0_1,fp16_e5m10,16,exact_cells,4096,1024,16384,16384,0.00035342376903241013,0.00035360622127101227,0.01879956832037401,0.018804420258838404,1.0005162421279747,4.219115988544394e-06,0.04324418648302742,0.0,0.0,0.0,nan,pass
gemv,normal_0_1,fp16_e5m10,16,exact_cells,16384,1024,16384,16384,0.0014136950761296405,0.0014044908658700944,0.03759913664074802,0.037476537538439894,0.9934892535066719,1.6556400665860175e-05,-0.5559306304132604,0.0,0.0,0.0,nan,pass
gemv,normal_0_1,fp16_e5m10,16,exact_cells,65536,1024,16384,16384,0.005654780304518562,0.005645928430811586,0.07519827328149604,0.07513939333539756,0.9984346211116455,6.233759176015574e-05,-0.14199896815125648,0.0,0.0,0.0,nan,pass
gemv,uniform_0_1,bf16_e8m7,16,exact_cells,256,1024,16384,16384,0.00012400840956202448,0.00015557835247991732,0.011135906319739965,0.012473105165912669,1.2545790485451127,3.339342774172557e-05,0.9453939009215798,0.0,0.0,0.0,nan,review
gemv,uniform_0_1,bf16_e8m7,16,exact_cells,1024,1024,16384,16384,0.0004960336382480979,0.0005426813747283433,0.02227181263947993,0.02329552263265075,1.0940414780033807,8.24372160583656e-05,0.5658577364769183,0.0,0.0,0.0,nan,review
gemv,uniform_0_1,bf16_e8m7,16,exact_cells,4096,1024,16384,16384,0.0019841345529923917,0.0021368591317242345,0.04454362527895986,0.04622617366518923,1.0769728940517214,0.0003822970165460417,0.3994919450632162,0.0,0.0,0.0,nan,review
gemv,uniform_0_1,bf16_e8m7,16,exact_cells,16384,1024,16384,16384,0.007936538211969567,0.008264173635952044,0.08908725055791972,0.09090750043836891,1.0412819059433684,0.0012551192403215024,0.261039280936011,0.0,0.0,0.0,nan,review
gemv,uniform_0_1,bf16_e8m7,16,exact_cells,65536,1024,16384,16384,0.03174615284787827,0.029900378611653358,0.17817450111583943,0.1729172594383029,0.9418583333524059,0.005554337781919358,-0.33231220510810977,0.0,0.0,0.0,nan,review
gemv,normal_0_1,bf16_e8m7,16,exact_cells,256,1024,16384,16384,0.001413675033421541,0.0013957222990933712,0.03759887010830965,0.037359366952524384,0.987300663940624,3.673890735285825e-05,-0.488657274309849,0.0,0.0,0.0,nan,pass
gemv,normal_0_1,bf16_e8m7,16,exact_cells,1024,1024,16384,16384,0.005654700133686164,0.005792303900275432,0.0751977402166193,0.07610718691605566,1.0243344055981918,0.00011315288018997591,1.2160871765547685,0.0,0.0,0.0,nan,pass
gemv,normal_0_1,bf16_e8m7,16,exact_cells,4096,1024,16384,16384,0.022618800534744656,0.0227130171759704,0.1503954804332386,0.1507083845576297,1.0041654127981285,0.00027937711521540854,0.3372382206506062,0.0,0.0,0.0,nan,pass
gemv,normal_0_1,bf16_e8m7,16,exact_cells,16384,1024,16384,16384,0.09047520213897862,0.09111538803389471,0.3007909608664772,0.3018532557947565,1.0070758161328306,0.0005992379134965159,1.0683334290059223,0.0,0.0,0.0,nan,pass
gemv,normal_0_1,bf16_e8m7,16,exact_cells,65536,1024,16384,16384,0.3619008085559145,0.36101092339930707,0.6015819217329544,0.6008418455794395,0.9975410799435395,0.0033211811150541883,-0.2679423752513145,0.0,0.0,0.0,nan,pass
gemv,uniform_0_1,e11m4,16,exact_cells,256,1024,16384,16384,0.007938445560517324,0.0073983819945276155,0.0890979548615866,0.08601384769051793,0.9319685999138458,0.0006585418376279037,-0.8200899853759345,0.0,0.0,0.0,nan,review
gemv,uniform_0_1,e11m4,16,exact_cells,1024,1024,16384,16384,0.031753782242069296,0.03049153678727339,0.1781959097231732,0.17461826017708854,0.9602489730145088,0.003667844591443386,-0.3441382052392748,0.0,0.0,0.0,nan,review
gemv,uniform_0_1,e11m4,16,exact_cells,4096,1024,16384,16384,0.12701512896827719,0.10473825006331598,0.3563918194463464,0.32363289397605427,0.8246123978622657,0.010563048167000169,-2.1089441752766027,0.0,0.0,0.0,nan,review
gemv,uniform_0_1,e11m4,16,exact_cells,16384,1024,16384,16384,0.5080605158731087,0.46018047497423276,0.7127836388926928,0.6783660331813738,0.9057591774936623,0.039465873079152,-1.2132011067599768,0.0,0.0,0.0,nan,review
gemv,uniform_0_1,e11m4,16,exact_cells,65536,1024,16384,16384,2.032242063492435,1.8230969082247213,1.4255672777853856,1.3502210590213446,0.8970864942593034,0.19280871339159333,-1.084728753118855,0.0,0.0,0.0,nan,review
gemv,normal_0_1,e11m4,16,exact_cells,256,1024,16384,16384,0.09039324733542692,0.08944108693015713,0.3006546978436008,0.29906702748741315,0.9894664653241568,0.0026077110239602686,-0.3651326379806303,0.0,0.0,0.0,nan,pass
gemv,normal_0_1,e11m4,16,exact_cells,1024,1024,16384,16384,0.3615729893417077,0.36629167525506356,0.6013093956872017,0.6052203526444426,1.0130504380925878,0.006748475062429861,0.699222545790497,0.0,0.0,0.0,nan,pass
gemv,normal_0_1,e11m4,16,exact_cells,4096,1024,16384,16384,1.4462919573668307,1.4641485332711754,1.2026187913744033,1.2100200549045357,1.0123464531579467,0.017738866270306363,1.0066356909311294,0.0,0.0,0.0,nan,pass
gemv,normal_0_1,e11m4,16,exact_cells,16384,1024,16384,16384,5.785167829467323,5.667883123967864,2.4052375827488066,2.3807316362765176,0.979726654618029,0.06306676804074354,-1.8596910725421694,0.0,0.0,0.0,nan,pass
gemv,normal_0_1,e11m4,16,exact_cells,65536,1024,16384,16384,23.14067131786929,23.041200103394882,4.810475165497613,4.800125009142458,0.9957014551087117,0.3101533841045369,-0.32071619905615,0.0,0.0,0.0,nan,pass
gemv,uniform_0_1,e1m30,32,high_resolution,256,1024,16384,16384,4.9343245538895844e-17,4.228788656132631e-17,7.024474751815672e-09,6.502913697822408e-09,0.8570146957194374,3.5606534196030485e-18,-1.9814787192503802,0.0,0.0,0.0,nan,review
gemv,uniform_0_1,e1m30,32,high_resolution,1024,1024,16384,16384,1.9737298215558337e-16,2.727098256482939e-16,1.4048949503631344e-08,1.6513928231898488e-08,1.3816978528161705,4.082807441147668e-17,1.8452215682141875,0.0,0.0,0.0,nan,review
gemv,uniform_0_1,e1m30,32,high_resolution,4096,1024,16384,16384,7.894919286223335e-16,7.312829342841052e-16,2.8097899007262688e-08,2.7042243514252016e-08,0.9262703110343341,5.89068587911246e-17,-0.9881530866317146,0.0,0.0,0.0,nan,review
gemv,uniform_0_1,e1m30,32,high_resolution,16384,1024,16384,16384,3.157967714489334e-15,3.598529073768805e-15,5.6195798014525375e-08,5.998774102905363e-08,1.1395078731356545,5.019754359432087e-16,0.8776552152430704,0.0,0.0,0.0,nan,review
gemv,uniform_0_1,e1m30,32,high_resolution,65536,1024,16384,16384,1.2631870857957336e-14,1.095018994434376e-14,1.1239159602905075e-07,1.0464315526752699e-07,0.8668700042516493,9.493167422634094e-16,-1.7714645057286422,0.0,0.0,0.0,nan,review
gemv,normal_0_1,e1m30,32,high_resolution,256,1024,16384,16384,0.003166036307693446,0.0020580755723603418,0.05626754222190131,0.04536601781466323,0.6500480008265327,0.00040350230517771554,-2.7458597413591534,0.0,0.0,0.0,nan,review
gemv,normal_0_1,e1m30,32,high_resolution,1024,1024,16384,16384,0.012664145230773784,0.011350500575076045,0.11253508444380261,0.1065387280526478,0.8962705629349866,0.004266018900523664,-0.3079322165067026,0.0,0.0,0.0,nan,review
gemv,normal_0_1,e1m30,32,high_resolution,4096,1024,16384,16384,0.050656580923095135,0.03740577908962299,0.22507016888760523,0.19340573696150534,0.7384189459294735,0.007643702231323143,-1.7335580890594686,0.0,0.0,0.0,nan,review
gemv,normal_0_1,e1m30,32,high_resolution,16384,1024,16384,16384,0.20262632369238054,0.22379724140160245,0.45014033777521045,0.47307213128824493,1.1044825633877797,0.09174599065815915,0.23075578079595507,0.0,0.0,0.0,nan,review
gemv,normal_0_1,e1m30,32,high_resolution,65536,1024,16384,16384,0.8105052947695222,0.7201667381503033,0.9002806755504209,0.8486263831335338,0.8885404485298176,0.06747689839888785,-1.338807188279238,0.0,0.0,0.0,nan,review
gemv,uniform_0_1,e2m29,32,high_resolution,256,1024,16384,16384,4.9343245538895844e-17,4.228788656132631e-17,7.024474751815672e-09,6.502913697822408e-09,0.8570146957194374,3.5606534196030485e-18,-1.9814787192503802,0.0,0.0,0.0,nan,review
gemv,uniform_0_1,e2m29,32,high_resolution,1024,1024,16384,16384,1.9737298215558337e-16,2.727098256482939e-16,1.4048949503631344e-08,1.6513928231898488e-08,1.3816978528161705,4.082807441147668e-17,1.8452215682141875,0.0,0.0,0.0,nan,review
gemv,uniform_0_1,e2m29,32,high_resolution,4096,1024,16384,16384,7.894919286223335e-16,7.312829342841052e-16,2.8097899007262688e-08,2.7042243514252016e-08,0.9262703110343341,5.89068587911246e-17,-0.9881530866317146,0.0,0.0,0.0,nan,review
gemv,uniform_0_1,e2m29,32,high_resolution,16384,1024,16384,16384,3.157967714489334e-15,3.598529073768805e-15,5.6195798014525375e-08,5.998774102905363e-08,1.1395078731356545,5.019754359432087e-16,0.8776552152430704,0.0,0.0,0.0,nan,review
gemv,uniform_0_1,e2m29,32,high_resolution,65536,1024,16384,16384,1.2631870857957336e-14,1.095018994434376e-14,1.1239159602905075e-07,1.0464315526752699e-07,0.8668700042516493,9.493167422634094e-16,-1.7714645057286422,0.0,0.0,0.0,nan,review
gemv,normal_0_1,e2m29,32,high_resolution,256,1024,16384,16117,1.6802895829051944e-16,1.6545067114799667e-16,1.2962598438990519e-08,1.2862762967107677e-08,0.9846556976323988,3.0322515304437126e-18,-0.8502880175463178,0.03191208938386788,0.01629638671875,0.0008721836268504029,-17.904145622990796,pass
gemv,normal_0_1,e2m29,32,high_resolution,1024,1024,16384,14370,6.721158331620778e-16,6.712905353375732e-16,2.5925196877981038e-08,2.5909275083212443e-08,0.9987720898931635,1.161556735601232e-17,-0.07105101276670509,0.12166702646092185,0.1229248046875,0.0584957999517655,0.02150202625855678,pass
gemv,normal_0_1,e2m29,32,high_resolution,4096,1024,16384,8722,2.688463332648311e-15,2.7364008890789657e-15,5.1850393755962076e-08,5.231061927638561e-08,1.0178308388470498,1.682945529628558e-17,2.8484318468248304,0.4048358714848776,0.4676513671875,0.0927230055410679,0.6774531879771825,pass
gemv,normal_0_1,e2m29,32,high_resolution,16384,1024,16384,2898,1.0753853330593244e-14,1.042931629819765e-14,1.0370078751192415e-07,1.0212402409912004e-07,0.9698213261406187,3.8254950970403153e-16,-0.8483530214080799,0.8745279508215563,0.8231201171875,0.04572329823139539,-1.1243247014660396,pass
gemv,normal_0_1,e2m29,32,high_resolution,65536,1024,16384,0,4.301541332237298e-14,nan,2.074015750238483e-07,nan,nan,nan,nan,0.9997521505477978,1.0,0.0,nan,nonfinite_case
gemv,uniform_0_1,e3m28,32,high_resolution,256,1024,16384,16384,3.08395284618099e-17,3.148662210767725e-17,5.553334895520879e-09,5.611294156224324e-09,1.0209826050572945,3.982895474341461e-18,0.16246814661244396,0.0,0.0,0.0,nan,review
gemv,uniform_0_1,e3m28,32,high_resolution,1024,1024,16384,16384,1.233581138472396e-16,1.3077615761002633e-16,1.1106669791041758e-08,1.143574036125455e-08,1.0601342184266278,1.6909993169593563e-17,0.4386781052120926,0.0,0.0,0.0,nan,review
gemv,uniform_0_1,e3m28,32,high_resolution,4096,1024,16384,16384,4.934324553889584e-16,4.897115329569222e-16,2.2213339582083517e-08,2.2129426855590322e-08,0.9924591048047232,5.818142836156347e-17,-0.06395378279324548,0.0,0.0,0.0,nan,review
gemv,uniform_0_1,e3m28,32,high_resolution,16384,1024,16384,16384,1.9737298215558335e-15,2.2252231659486487e-15,4.4426679164167034e-08,4.717227115529471e-08,1.1274203498605349,3.311078530701669e-16,0.7595511313333903,0.0,0.0,0.0,nan,review
gemv,uniform_0_1,e3m28,32,high_resolution,65536,1024,16384,16384,7.894919286223334e-15,7.46300069473926e-15,8.885335832833407e-08,8.638866068379148e-08,0.9452915760345044,9.78833161523383e-16,-0.4412586418832278,0.0,0.0,0.0,nan,review
gemv,normal_0_1,e3m28,32,high_resolution,256,1024,16384,16384,3.277054831422771e-16,3.274369806041557e-16,1.810263746370338e-08,1.8095219827461498e-08,0.9991806590004328,1.0014452183630765e-17,-0.026811505332295336,6.542086071951775e-55,0.0,0.0,nan,pass
gemv,normal_0_1,e3m28,32,high_resolution,1024,1024,16384,16384,1.3108219325691085e-15,1.3091626087692617e-15,3.620527492740676e-08,3.6182352172976005e-08,0.9987341348518676,1.498146406808769e-17,-0.11075845406733863,2.61683442878071e-54,0.0,0.0,nan,pass
gemv,normal_0_1,e3m28,32,high_resolution,4096,1024,16384,16384,5.243287730276434e-15,5.200732368723344e-15,7.241054985481352e-08,7.211610339392543e-08,0.9918838401128816,7.322585206371615e-17,-0.581152152603992,1.046733771512284e-53,0.0,0.0,nan,pass
gemv,normal_0_1,e3m28,32,high_resolution,16384,1024,16384,16384,2.0973150921105736e-14,2.0564553551535065e-14,1.4482109970962704e-07,1.4340346422431735e-07,0.9805180742222434,2.283389058053199e-16,-1.789433859856706,4.186935086049136e-53,0.0,0.0,nan,pass
gemv,normal_0_1,e3m28,32,high_resolution,65536,1024,16384,16384,8.389260368442294e-14,8.55727111206977e-14,2.8964219941925407e-07,2.9252813731451154e-07,1.02002688392644,1.0236133796701517e-15,1.6413496244218302,1.6747740344196543e-52,0.0,0.0,nan,pass
gemv,uniform_0_1,fp32_e8m23,32,high_resolution,256,1024,16384,16384,2.887284767533104e-14,3.849744255830347e-14,1.6992012145514444e-07,1.96207651630367e-07,1.3333441505735397,6.547310305507432e-15,1.4700074433430264,0.0,0.0,0.0,nan,review
gemv,uniform_0_1,fp32_e8m23,32,high_resolution,1024,1024,16384,16384,1.1549139070132416e-13,9.68769149207037e-14,3.398402429102889e-07,3.112505661371617e-07,0.8388236935447427,9.610865773479874e-15,-1.93681570623794,0.0,0.0,0.0,nan,review
gemv,uniform_0_1,fp32_e8m23,32,high_resolution,4096,1024,16384,16384,4.619655628052967e-13,4.70157883338146e-13,6.796804858205777e-07,6.856805986304017e-07,1.0177336173785365,5.793628084520885e-14,0.14140225111682964,0.0,0.0,0.0,nan,review
gemv,uniform_0_1,fp32_e8m23,32,high_resolution,16384,1024,16384,16384,1.8478622512211866e-12,1.6944021149350367e-12,1.3593609716411555e-06,1.3016920200012892e-06,0.9169526104098217,1.455880643960504e-13,-1.0540708602917115,0.0,0.0,0.0,nan,review
gemv,uniform_0_1,fp32_e8m23,32,high_resolution,65536,1024,16384,16384,7.391449004884746e-12,6.33139913242032e-12,2.718721943282311e-06,2.516227162324642e-06,0.8565842946675439,4.854131947640972e-13,-2.1838093481978644,0.0,0.0,0.0,nan,review
gemv,normal_0_1,fp32_e8m23,32,high_resolution,256,1024,16384,16384,3.2915160884074764e-13,3.3681808563633187e-13,5.73717359717089e-07,5.803603067374024e-07,1.0232916278993291,1.2960370159381524e-14,0.5915322403067907,0.0,0.0,0.0,nan,pass
gemv,normal_0_1,fp32_e8m23,32,high_resolution,1024,1024,16384,16384,1.3166064353629905e-12,1.2929752339446904e-12,1.147434719434178e-06,1.1370906885313459e-06,0.9820514310248035,3.0539587972072267e-14,-0.773789136903561,0.0,0.0,0.0,nan,pass
gemv,normal_0_1,fp32_e8m23,32,high_resolution,4096,1024,16384,16384,5.266425741451962e-12,5.2687767892473595e-12,2.294869438868356e-06,2.2953816217020122e-06,1.0004464219018399,4.563083632572338e-14,0.05152322387025803,0.0,0.0,0.0,nan,pass
gemv,normal_0_1,fp32_e8m23,32,high_resolution,16384,1024,16384,16384,2.106570296580785e-11,2.059767817254534e-11,4.589738877736712e-06,4.538466500101696e-06,0.9777826168904892,2.1325568102578902e-13,-2.1946650659492257,0.0,0.0,0.0,nan,pass
gemv,normal_0_1,fp32_e8m23,32,high_resolution,65536,1024,16384,16384,8.42628118632314e-11,8.502450220924305e-11,9.179477755473423e-06,9.220873180412093e-06,1.0090394603404402,1.142210295021679e-12,0.6668564881016028,0.0,0.0,0.0,nan,pass
gemv,uniform_0_1,e11m20,32,high_resolution,256,1024,16384,16384,1.8478622512211575e-12,2.2894433374574918e-12,1.359360971641145e-06,1.513090657382264e-06,1.2389686168135725,4.0232847838792413e-13,1.0975635828855317,0.0,0.0,0.0,nan,review
gemv,uniform_0_1,e11m20,32,high_resolution,1024,1024,16384,16384,7.39144900488463e-12,7.793887372566266e-12,2.71872194328229e-06,2.7917534584139527e-06,1.0544464782772207,1.1976288232426638e-12,0.3360292937773536,0.0,0.0,0.0,nan,review
gemv,uniform_0_1,e11m20,32,high_resolution,4096,1024,16384,16384,2.956579601953852e-11,2.6650110726941995e-11,5.43744388656458e-06,5.162374524086953e-06,0.9013831628050976,2.8037647690264886e-12,-1.0399179434760133,0.0,0.0,0.0,nan,review
gemv,uniform_0_1,e11m20,32,high_resolution,16384,1024,16384,16384,1.1826318407815408e-10,1.1221955881756836e-10,1.087488777312916e-05,1.0593373344575766e-05,0.9488968159643681,1.4145946015032505e-11,-0.42723372860064107,0.0,0.0,0.0,nan,review
gemv,uniform_0_1,e11m20,32,high_resolution,65536,1024,16384,16384,4.730527363126163e-10,4.865288622792935e-10,2.174977554625832e-05,2.2057399263723126e-05,1.0284875763994554,4.14849707703797e-11,0.3248435690425769,0.0,0.0,0.0,nan,review
gemv,normal_0_1,e11m20,32,high_resolution,256,1024,16384,16384,2.1065702965807422e-11,2.0787905659098642e-11,4.589738877736665e-06,4.559375577762666e-06,0.986812815733722,5.565164610366191e-13,-0.49917176967475335,0.0,0.0,0.0,nan,pass
gemv,normal_0_1,e11m20,32,high_resolution,1024,1024,16384,16384,8.426281186322969e-11,8.263736118603294e-11,9.17947775547333e-06,9.090509401900035e-06,0.9807097503482902,1.4305339553091972e-12,-1.1362545231199512,0.0,0.0,0.0,nan,pass
gemv,normal_0_1,e11m20,32,high_resolution,4096,1024,16384,16384,3.3705124745291876e-10,3.340723968036684e-10,1.835895551094666e-05,1.827764746360068e-05,0.9911620245533538,5.604202529227441e-12,-0.5315387218279218,0.0,0.0,0.0,nan,pass
gemv,normal_0_1,e11m20,32,high_resolution,16384,1024,16384,16384,1.348204989811675e-09,1.34349291325198e-09,3.671791102189332e-05,3.665368894466122e-05,0.9965049257380709,1.5976314508245082e-11,-0.29494139948629944,0.0,0.0,0.0,nan,pass
gemv,normal_0_1,e11m20,32,high_resolution,65536,1024,16384,16384,5.3928199592467e-09,5.480807392276351e-09,7.343582204378664e-05,7.403247525428521e-05,1.0163156629916386,4.863997494587982e-11,1.8089530911056546,0.0,0.0,0.0,nan,pass
gemv,uniform_0_1,fp64_e11m52,64,identity,256,1024,16384,16384,0.0,0.0,0.0,0.0,nan,0.0,nan,0.0,0.0,0.0,nan,exact_zero
gemv,uniform_0_1,fp64_e11m52,64,identity,1024,1024,16384,16384,0.0,0.0,0.0,0.0,nan,0.0,nan,0.0,0.0,0.0,nan,exact_zero
gemv,uniform_0_1,fp64_e11m52,64,identity,4096,1024,16384,16384,0.0,0.0,0.0,0.0,nan,0.0,nan,0.0,0.0,0.0,nan,exact_zero
gemv,uniform_0_1,fp64_e11m52,64,identity,16384,1024,16384,16384,0.0,0.0,0.0,0.0,nan,0.0,nan,0.0,0.0,0.0,nan,exact_zero
gemv,uniform_0_1,fp64_e11m52,64,identity,65536,1024,16384,16384,0.0,0.0,0.0,0.0,nan,0.0,nan,0.0,0.0,0.0,nan,exact_zero
gemv,normal_0_1,fp64_e11m52,64,identity,256,1024,16384,16384,0.0,0.0,0.0,0.0,nan,0.0,nan,0.0,0.0,0.0,nan,exact_zero
gemv,normal_0_1,fp64_e11m52,64,identity,1024,1024,16384,16384,0.0,0.0,0.0,0.0,nan,0.0,nan,0.0,0.0,0.0,nan,exact_zero
gemv,normal_0_1,fp64_e11m52,64,identity,4096,1024,16384,16384,0.0,0.0,0.0,0.0,nan,0.0,nan,0.0,0.0,0.0,nan,exact_zero
gemv,normal_0_1,fp64_e11m52,64,identity,16384,1024,16384,16384,0.0,0.0,0.0,0.0,nan,0.0,nan,0.0,0.0,0.0,nan,exact_zero
gemv,normal_0_1,fp64_e11m52,64,identity,65536,1024,16384,16384,0.0,0.0,0.0,0.0,nan,0.0,nan,0.0,0.0,0.0,nan,exact_zero
