timestamp,gpu,mode,kernel,N,blocks,threads,storage_bits,arithmetic_type,storage_layout,access_method,packet_values,lut_entries,lut_bytes,format,x_semantics,left_seed,right_seed,warmup,sample,kernel_ms,result
2026-08-30T10:49:29Z,NVIDIA H200 NVL,full,dot,67108864,512,256,32,fp32,natural,scalar,1,0,0,raw_fp32,undefined_no_lut,11820040416388919760,589684135938649225,10,0,0.26668798923492432,578.56689453125
2026-08-30T10:49:29Z,NVIDIA H200 NVL,full,dot,67108864,512,256,32,fp32,natural,scalar,1,0,0,raw_fp32,undefined_no_lut,11820040416388919760,589684135938649225,10,1,0.26793599128723145,578.56689453125
2026-08-30T10:49:29Z,NVIDIA H200 NVL,full,dot,67108864,512,256,32,fp32,natural,scalar,1,0,0,raw_fp32,undefined_no_lut,11820040416388919760,589684135938649225,10,2,0.26579201221466064,578.56689453125
2026-08-30T10:49:29Z,NVIDIA H200 NVL,full,dot,67108864,512,256,32,fp32,natural,scalar,1,0,0,raw_fp32,undefined_no_lut,11820040416388919760,589684135938649225,10,3,0.26553601026535034,578.56689453125
2026-08-30T10:49:29Z,NVIDIA H200 NVL,full,dot,67108864,512,256,32,fp32,natural,scalar,1,0,0,raw_fp32,undefined_no_lut,11820040416388919760,589684135938649225,10,4,0.26416000723838806,578.56689453125
2026-08-30T10:49:29Z,NVIDIA H200 NVL,full,dot,67108864,512,256,32,fp32,natural,scalar,1,0,0,raw_fp32,undefined_no_lut,11820040416388919760,589684135938649225,10,5,0.26502400636672974,578.56689453125
2026-08-30T10:49:29Z,NVIDIA H200 NVL,full,dot,67108864,512,256,32,fp32,natural,scalar,1,0,0,raw_fp32,undefined_no_lut,11820040416388919760,589684135938649225,10,6,0.26508799195289612,578.56689453125
2026-08-30T10:49:29Z,NVIDIA H200 NVL,full,dot,67108864,512,256,32,fp32,natural,scalar,1,0,0,raw_fp32,undefined_no_lut,11820040416388919760,589684135938649225,10,7,0.26403200626373291,578.56689453125
2026-08-30T10:49:29Z,NVIDIA H200 NVL,full,dot,67108864,512,256,32,fp32,natural,scalar,1,0,0,raw_fp32,undefined_no_lut,11820040416388919760,589684135938649225,10,8,0.26531198620796204,578.56689453125
2026-08-30T10:49:29Z,NVIDIA H200 NVL,full,dot,67108864,512,256,32,fp32,natural,scalar,1,0,0,raw_fp32,undefined_no_lut,11820040416388919760,589684135938649225,10,9,0.26406401395797729,578.56689453125
2026-08-30T10:49:29Z,NVIDIA H200 NVL,full,dot,67108864,512,256,32,fp32,natural,scalar,1,0,0,raw_fp32,undefined_no_lut,11820040416388919760,589684135938649225,10,10,0.26467201113700867,578.56689453125
2026-08-30T10:49:29Z,NVIDIA H200 NVL,full,dot,67108864,512,256,32,fp32,natural,scalar,1,0,0,raw_fp32,undefined_no_lut,11820040416388919760,589684135938649225,10,11,0.26499199867248535,578.56689453125
2026-08-30T10:49:29Z,NVIDIA H200 NVL,full,dot,67108864,512,256,32,fp32,natural,scalar,1,0,0,raw_fp32,undefined_no_lut,11820040416388919760,589684135938649225,10,12,0.26550400257110596,578.56689453125
2026-08-30T10:49:29Z,NVIDIA H200 NVL,full,dot,67108864,512,256,32,fp32,natural,scalar,1,0,0,raw_fp32,undefined_no_lut,11820040416388919760,589684135938649225,10,13,0.26931199431419373,578.56689453125
2026-08-30T10:49:29Z,NVIDIA H200 NVL,full,dot,67108864,512,256,32,fp32,natural,scalar,1,0,0,raw_fp32,undefined_no_lut,11820040416388919760,589684135938649225,10,14,0.26543998718261719,578.56689453125
2026-08-30T10:49:29Z,NVIDIA H200 NVL,full,dot,67108864,512,256,32,fp32,natural,scalar,1,0,0,raw_fp32,undefined_no_lut,11820040416388919760,589684135938649225,10,15,0.26281601190567017,578.56689453125
2026-08-30T10:49:29Z,NVIDIA H200 NVL,full,dot,67108864,512,256,32,fp32,natural,scalar,1,0,0,raw_fp32,undefined_no_lut,11820040416388919760,589684135938649225,10,16,0.26508799195289612,578.56689453125
2026-08-30T10:49:29Z,NVIDIA H200 NVL,full,dot,67108864,512,256,32,fp32,natural,scalar,1,0,0,raw_fp32,undefined_no_lut,11820040416388919760,589684135938649225,10,17,0.26505601406097412,578.56689453125
2026-08-30T10:49:29Z,NVIDIA H200 NVL,full,dot,67108864,512,256,32,fp32,natural,scalar,1,0,0,raw_fp32,undefined_no_lut,11820040416388919760,589684135938649225,10,18,0.26464000344276428,578.56689453125
2026-08-30T10:49:29Z,NVIDIA H200 NVL,full,dot,67108864,512,256,32,fp32,natural,scalar,1,0,0,raw_fp32,undefined_no_lut,11820040416388919760,589684135938649225,10,19,0.26377600431442261,578.56689453125
2026-08-30T10:49:29Z,NVIDIA H200 NVL,full,dot,67108864,512,256,32,fp32,natural,scalar,1,0,0,raw_fp32,undefined_no_lut,11820040416388919760,589684135938649225,10,20,0.26307201385498047,578.56689453125
2026-08-30T10:49:29Z,NVIDIA H200 NVL,full,dot,67108864,512,256,32,fp32,natural,scalar,1,0,0,raw_fp32,undefined_no_lut,11820040416388919760,589684135938649225,10,21,0.26895999908447266,578.56689453125
2026-08-30T10:49:29Z,NVIDIA H200 NVL,full,dot,67108864,512,256,32,fp32,natural,scalar,1,0,0,raw_fp32,undefined_no_lut,11820040416388919760,589684135938649225,10,22,0.26585599780082703,578.56689453125
2026-08-30T10:49:29Z,NVIDIA H200 NVL,full,dot,67108864,512,256,32,fp32,natural,scalar,1,0,0,raw_fp32,undefined_no_lut,11820040416388919760,589684135938649225,10,23,0.26457598805427551,578.56689453125
2026-08-30T10:49:29Z,NVIDIA H200 NVL,full,dot,67108864,512,256,32,fp32,natural,scalar,1,0,0,raw_fp32,undefined_no_lut,11820040416388919760,589684135938649225,10,24,0.26630398631095886,578.56689453125
2026-08-30T10:49:29Z,NVIDIA H200 NVL,full,dot,67108864,512,256,32,fp32,natural,scalar,1,0,0,raw_fp32,undefined_no_lut,11820040416388919760,589684135938649225,10,25,0.2664639949798584,578.56689453125
2026-08-30T10:49:29Z,NVIDIA H200 NVL,full,dot,67108864,512,256,32,fp32,natural,scalar,1,0,0,raw_fp32,undefined_no_lut,11820040416388919760,589684135938649225,10,26,0.2664639949798584,578.56689453125
2026-08-30T10:49:29Z,NVIDIA H200 NVL,full,dot,67108864,512,256,32,fp32,natural,scalar,1,0,0,raw_fp32,undefined_no_lut,11820040416388919760,589684135938649225,10,27,0.26364800333976746,578.56689453125
2026-08-30T10:49:29Z,NVIDIA H200 NVL,full,dot,67108864,512,256,32,fp32,natural,scalar,1,0,0,raw_fp32,undefined_no_lut,11820040416388919760,589684135938649225,10,28,0.26761600375175476,578.56689453125
2026-08-30T10:49:29Z,NVIDIA H200 NVL,full,dot,67108864,512,256,32,fp32,natural,scalar,1,0,0,raw_fp32,undefined_no_lut,11820040416388919760,589684135938649225,10,29,0.26406401395797729,578.56689453125
2026-08-30T10:49:29Z,NVIDIA H200 NVL,full,dot,67108864,512,256,32,fp32,natural,scalar,1,0,0,raw_fp32,undefined_no_lut,11820040416388919760,589684135938649225,10,30,0.2648639976978302,578.56689453125
2026-08-30T10:49:29Z,NVIDIA H200 NVL,full,dot,67108864,512,256,32,fp32,natural,scalar,1,0,0,raw_fp32,undefined_no_lut,11820040416388919760,589684135938649225,10,31,0.26470398902893066,578.56689453125
2026-08-30T10:49:29Z,NVIDIA H200 NVL,full,dot,67108864,512,256,32,fp32,natural,scalar,1,0,0,raw_fp32,undefined_no_lut,11820040416388919760,589684135938649225,10,32,0.26563200354576111,578.56689453125
2026-08-30T10:49:29Z,NVIDIA H200 NVL,full,dot,67108864,512,256,32,fp32,natural,scalar,1,0,0,raw_fp32,undefined_no_lut,11820040416388919760,589684135938649225,10,33,0.2680639922618866,578.56689453125
2026-08-30T10:49:29Z,NVIDIA H200 NVL,full,dot,67108864,512,256,32,fp32,natural,scalar,1,0,0,raw_fp32,undefined_no_lut,11820040416388919760,589684135938649225,10,34,0.26518398523330688,578.56689453125
2026-08-30T10:49:29Z,NVIDIA H200 NVL,full,dot,67108864,512,256,32,fp32,natural,scalar,1,0,0,raw_fp32,undefined_no_lut,11820040416388919760,589684135938649225,10,35,0.26447999477386475,578.56689453125
2026-08-30T10:49:29Z,NVIDIA H200 NVL,full,dot,67108864,512,256,32,fp32,natural,scalar,1,0,0,raw_fp32,undefined_no_lut,11820040416388919760,589684135938649225,10,36,0.26431998610496521,578.56689453125
2026-08-30T10:49:29Z,NVIDIA H200 NVL,full,dot,67108864,512,256,32,fp32,natural,scalar,1,0,0,raw_fp32,undefined_no_lut,11820040416388919760,589684135938649225,10,37,0.2667199969291687,578.56689453125
2026-08-30T10:49:29Z,NVIDIA H200 NVL,full,dot,67108864,512,256,32,fp32,natural,scalar,1,0,0,raw_fp32,undefined_no_lut,11820040416388919760,589684135938649225,10,38,0.26550400257110596,578.56689453125
2026-08-30T10:49:29Z,NVIDIA H200 NVL,full,dot,67108864,512,256,32,fp32,natural,scalar,1,0,0,raw_fp32,undefined_no_lut,11820040416388919760,589684135938649225,10,39,0.26444798707962036,578.56689453125
2026-08-30T10:49:29Z,NVIDIA H200 NVL,full,dot,67108864,512,256,32,fp32,natural,scalar,1,0,0,raw_fp32,undefined_no_lut,11820040416388919760,589684135938649225,10,40,0.26476800441741943,578.56689453125
2026-08-30T10:49:29Z,NVIDIA H200 NVL,full,dot,67108864,512,256,32,fp32,natural,scalar,1,0,0,raw_fp32,undefined_no_lut,11820040416388919760,589684135938649225,10,41,0.26640000939369202,578.56689453125
2026-08-30T10:49:29Z,NVIDIA H200 NVL,full,dot,67108864,512,256,32,fp32,natural,scalar,1,0,0,raw_fp32,undefined_no_lut,11820040416388919760,589684135938649225,10,42,0.26729598641395569,578.56689453125
2026-08-30T10:49:29Z,NVIDIA H200 NVL,full,dot,67108864,512,256,32,fp32,natural,scalar,1,0,0,raw_fp32,undefined_no_lut,11820040416388919760,589684135938649225,10,43,0.26524800062179565,578.56689453125
2026-08-30T10:49:29Z,NVIDIA H200 NVL,full,dot,67108864,512,256,32,fp32,natural,scalar,1,0,0,raw_fp32,undefined_no_lut,11820040416388919760,589684135938649225,10,44,0.26505601406097412,578.56689453125
2026-08-30T10:49:29Z,NVIDIA H200 NVL,full,dot,67108864,512,256,32,fp32,natural,scalar,1,0,0,raw_fp32,undefined_no_lut,11820040416388919760,589684135938649225,10,45,0.26480001211166382,578.56689453125
2026-08-30T10:49:29Z,NVIDIA H200 NVL,full,dot,67108864,512,256,32,fp32,natural,scalar,1,0,0,raw_fp32,undefined_no_lut,11820040416388919760,589684135938649225,10,46,0.26668798923492432,578.56689453125
2026-08-30T10:49:29Z,NVIDIA H200 NVL,full,dot,67108864,512,256,32,fp32,natural,scalar,1,0,0,raw_fp32,undefined_no_lut,11820040416388919760,589684135938649225,10,47,0.26489600539207458,578.56689453125
2026-08-30T10:49:29Z,NVIDIA H200 NVL,full,dot,67108864,512,256,32,fp32,natural,scalar,1,0,0,raw_fp32,undefined_no_lut,11820040416388919760,589684135938649225,10,48,0.26627200841903687,578.56689453125
2026-08-30T10:49:29Z,NVIDIA H200 NVL,full,dot,67108864,512,256,32,fp32,natural,scalar,1,0,0,raw_fp32,undefined_no_lut,11820040416388919760,589684135938649225,10,49,0.26543998718261719,578.56689453125
